--
-- PostgreSQL database dump
--

-- Dumped from database version 14.7 (Ubuntu 14.7-0ubuntu0.22.04.1)
-- Dumped by pg_dump version 14.7 (Ubuntu 14.7-0ubuntu0.22.04.1)

SET statement_timeout = 0;
SET lock_timeout = 0;
SET idle_in_transaction_session_timeout = 0;
SET client_encoding = 'UTF8';
SET standard_conforming_strings = on;
SELECT pg_catalog.set_config('search_path', '', false);
SET check_function_bodies = false;
SET xmloption = content;
SET client_min_messages = warning;
SET row_security = off;

SET default_tablespace = '';

SET default_table_access_method = heap;

--
-- Name: RDM_bar; Type: TABLE; Schema: public; Owner: postgres
--

CREATE TABLE public."RDM_bar" (
    id integer NOT NULL,
    modified_date timestamp with time zone NOT NULL,
    name integer NOT NULL,
    "L" double precision NOT NULL,
    "Ch" character varying(20000)[] NOT NULL,
    "Qg" double precision[] NOT NULL,
    "Ql" double precision[] NOT NULL,
    "Rg" double precision[] NOT NULL,
    "Rl" double precision[] NOT NULL,
    "EF" jsonb NOT NULL,
    "DP" jsonb NOT NULL,
    "S" jsonb NOT NULL,
    "EFm" jsonb NOT NULL,
    "DPm" jsonb NOT NULL,
    "Sm" jsonb NOT NULL,
    "N1_id" integer NOT NULL,
    "N2_id" integer NOT NULL,
    "Release_id" integer NOT NULL,
    "Section_id" integer NOT NULL,
    project_id integer NOT NULL,
    CONSTRAINT "RDM_bar_name_check" CHECK ((name >= 0))
);


ALTER TABLE public."RDM_bar" OWNER TO postgres;

--
-- Name: RDM_bar_id_seq; Type: SEQUENCE; Schema: public; Owner: postgres
--

CREATE SEQUENCE public."RDM_bar_id_seq"
    AS integer
    START WITH 1
    INCREMENT BY 1
    NO MINVALUE
    NO MAXVALUE
    CACHE 1;


ALTER TABLE public."RDM_bar_id_seq" OWNER TO postgres;

--
-- Name: RDM_bar_id_seq; Type: SEQUENCE OWNED BY; Schema: public; Owner: postgres
--

ALTER SEQUENCE public."RDM_bar_id_seq" OWNED BY public."RDM_bar".id;


--
-- Name: RDM_dl; Type: TABLE; Schema: public; Owner: postgres
--

CREATE TABLE public."RDM_dl" (
    id integer NOT NULL,
    modified_date timestamp with time zone NOT NULL,
    name character varying(200) NOT NULL,
    type character varying(200) NOT NULL,
    "Axes" character varying(1) NOT NULL,
    features jsonb NOT NULL,
    project_id integer NOT NULL
);


ALTER TABLE public."RDM_dl" OWNER TO postgres;

--
-- Name: RDM_dl_bars; Type: TABLE; Schema: public; Owner: postgres
--

CREATE TABLE public."RDM_dl_bars" (
    id integer NOT NULL,
    dl_id integer NOT NULL,
    bar_id integer NOT NULL
);


ALTER TABLE public."RDM_dl_bars" OWNER TO postgres;

--
-- Name: RDM_dl_bars_id_seq; Type: SEQUENCE; Schema: public; Owner: postgres
--

CREATE SEQUENCE public."RDM_dl_bars_id_seq"
    AS integer
    START WITH 1
    INCREMENT BY 1
    NO MINVALUE
    NO MAXVALUE
    CACHE 1;


ALTER TABLE public."RDM_dl_bars_id_seq" OWNER TO postgres;

--
-- Name: RDM_dl_bars_id_seq; Type: SEQUENCE OWNED BY; Schema: public; Owner: postgres
--

ALTER SEQUENCE public."RDM_dl_bars_id_seq" OWNED BY public."RDM_dl_bars".id;


--
-- Name: RDM_dl_id_seq; Type: SEQUENCE; Schema: public; Owner: postgres
--

CREATE SEQUENCE public."RDM_dl_id_seq"
    AS integer
    START WITH 1
    INCREMENT BY 1
    NO MINVALUE
    NO MAXVALUE
    CACHE 1;


ALTER TABLE public."RDM_dl_id_seq" OWNER TO postgres;

--
-- Name: RDM_dl_id_seq; Type: SEQUENCE OWNED BY; Schema: public; Owner: postgres
--

ALTER SEQUENCE public."RDM_dl_id_seq" OWNED BY public."RDM_dl".id;


--
-- Name: RDM_material; Type: TABLE; Schema: public; Owner: postgres
--

CREATE TABLE public."RDM_material" (
    id integer NOT NULL,
    modified_date timestamp with time zone NOT NULL,
    name character varying(200) NOT NULL,
    "YM" double precision NOT NULL,
    "Density" double precision NOT NULL,
    project_id integer NOT NULL
);


ALTER TABLE public."RDM_material" OWNER TO postgres;

--
-- Name: RDM_material_id_seq; Type: SEQUENCE; Schema: public; Owner: postgres
--

CREATE SEQUENCE public."RDM_material_id_seq"
    AS integer
    START WITH 1
    INCREMENT BY 1
    NO MINVALUE
    NO MAXVALUE
    CACHE 1;


ALTER TABLE public."RDM_material_id_seq" OWNER TO postgres;

--
-- Name: RDM_material_id_seq; Type: SEQUENCE OWNED BY; Schema: public; Owner: postgres
--

ALTER SEQUENCE public."RDM_material_id_seq" OWNED BY public."RDM_material".id;


--
-- Name: RDM_node; Type: TABLE; Schema: public; Owner: postgres
--

CREATE TABLE public."RDM_node" (
    id integer NOT NULL,
    modified_date timestamp with time zone NOT NULL,
    name integer NOT NULL,
    "X" double precision NOT NULL,
    "Z" double precision NOT NULL,
    "Fn" double precision[] NOT NULL,
    "Dp" double precision[] NOT NULL,
    "Rc" double precision[] NOT NULL,
    "Support_id" integer NOT NULL,
    project_id integer NOT NULL,
    CONSTRAINT "RDM_node_name_check" CHECK ((name >= 0))
);


ALTER TABLE public."RDM_node" OWNER TO postgres;

--
-- Name: RDM_node_id_seq; Type: SEQUENCE; Schema: public; Owner: postgres
--

CREATE SEQUENCE public."RDM_node_id_seq"
    AS integer
    START WITH 1
    INCREMENT BY 1
    NO MINVALUE
    NO MAXVALUE
    CACHE 1;


ALTER TABLE public."RDM_node_id_seq" OWNER TO postgres;

--
-- Name: RDM_node_id_seq; Type: SEQUENCE OWNED BY; Schema: public; Owner: postgres
--

ALTER SEQUENCE public."RDM_node_id_seq" OWNED BY public."RDM_node".id;


--
-- Name: RDM_pl; Type: TABLE; Schema: public; Owner: postgres
--

CREATE TABLE public."RDM_pl" (
    id integer NOT NULL,
    modified_date timestamp with time zone NOT NULL,
    name character varying(200) NOT NULL,
    "FX" double precision NOT NULL,
    "FZ" double precision NOT NULL,
    "CY" double precision NOT NULL,
    project_id integer NOT NULL
);


ALTER TABLE public."RDM_pl" OWNER TO postgres;

--
-- Name: RDM_pl_id_seq; Type: SEQUENCE; Schema: public; Owner: postgres
--

CREATE SEQUENCE public."RDM_pl_id_seq"
    AS integer
    START WITH 1
    INCREMENT BY 1
    NO MINVALUE
    NO MAXVALUE
    CACHE 1;


ALTER TABLE public."RDM_pl_id_seq" OWNER TO postgres;

--
-- Name: RDM_pl_id_seq; Type: SEQUENCE OWNED BY; Schema: public; Owner: postgres
--

ALTER SEQUENCE public."RDM_pl_id_seq" OWNED BY public."RDM_pl".id;


--
-- Name: RDM_pl_nodes; Type: TABLE; Schema: public; Owner: postgres
--

CREATE TABLE public."RDM_pl_nodes" (
    id integer NOT NULL,
    pl_id integer NOT NULL,
    node_id integer NOT NULL
);


ALTER TABLE public."RDM_pl_nodes" OWNER TO postgres;

--
-- Name: RDM_pl_nodes_id_seq; Type: SEQUENCE; Schema: public; Owner: postgres
--

CREATE SEQUENCE public."RDM_pl_nodes_id_seq"
    AS integer
    START WITH 1
    INCREMENT BY 1
    NO MINVALUE
    NO MAXVALUE
    CACHE 1;


ALTER TABLE public."RDM_pl_nodes_id_seq" OWNER TO postgres;

--
-- Name: RDM_pl_nodes_id_seq; Type: SEQUENCE OWNED BY; Schema: public; Owner: postgres
--

ALTER SEQUENCE public."RDM_pl_nodes_id_seq" OWNED BY public."RDM_pl_nodes".id;


--
-- Name: RDM_project; Type: TABLE; Schema: public; Owner: postgres
--

CREATE TABLE public."RDM_project" (
    id integer NOT NULL,
    modified_date timestamp with time zone NOT NULL,
    name character varying(200) NOT NULL,
    auth character varying(10) NOT NULL,
    results boolean NOT NULL,
    user_id integer NOT NULL,
    preferences jsonb NOT NULL,
    variables jsonb NOT NULL
);


ALTER TABLE public."RDM_project" OWNER TO postgres;

--
-- Name: RDM_project_id_seq; Type: SEQUENCE; Schema: public; Owner: postgres
--

CREATE SEQUENCE public."RDM_project_id_seq"
    AS integer
    START WITH 1
    INCREMENT BY 1
    NO MINVALUE
    NO MAXVALUE
    CACHE 1;


ALTER TABLE public."RDM_project_id_seq" OWNER TO postgres;

--
-- Name: RDM_project_id_seq; Type: SEQUENCE OWNED BY; Schema: public; Owner: postgres
--

ALTER SEQUENCE public."RDM_project_id_seq" OWNED BY public."RDM_project".id;


--
-- Name: RDM_release; Type: TABLE; Schema: public; Owner: postgres
--

CREATE TABLE public."RDM_release" (
    id integer NOT NULL,
    modified_date timestamp with time zone NOT NULL,
    name character varying(200) NOT NULL,
    "UX1" boolean NOT NULL,
    "UZ1" boolean NOT NULL,
    "RY1" boolean NOT NULL,
    "UX2" boolean NOT NULL,
    "UZ2" boolean NOT NULL,
    "RY2" boolean NOT NULL,
    project_id integer NOT NULL
);


ALTER TABLE public."RDM_release" OWNER TO postgres;

--
-- Name: RDM_release_id_seq; Type: SEQUENCE; Schema: public; Owner: postgres
--

CREATE SEQUENCE public."RDM_release_id_seq"
    AS integer
    START WITH 1
    INCREMENT BY 1
    NO MINVALUE
    NO MAXVALUE
    CACHE 1;


ALTER TABLE public."RDM_release_id_seq" OWNER TO postgres;

--
-- Name: RDM_release_id_seq; Type: SEQUENCE OWNED BY; Schema: public; Owner: postgres
--

ALTER SEQUENCE public."RDM_release_id_seq" OWNED BY public."RDM_release".id;


--
-- Name: RDM_section; Type: TABLE; Schema: public; Owner: postgres
--

CREATE TABLE public."RDM_section" (
    id integer NOT NULL,
    modified_date timestamp with time zone NOT NULL,
    name character varying(200) NOT NULL,
    "Ax" double precision NOT NULL,
    "Iy" double precision NOT NULL,
    "H" double precision NOT NULL,
    "Cy" double precision NOT NULL,
    type character varying(20) NOT NULL,
    features jsonb NOT NULL,
    material_id integer NOT NULL,
    project_id integer NOT NULL
);


ALTER TABLE public."RDM_section" OWNER TO postgres;

--
-- Name: RDM_section_id_seq; Type: SEQUENCE; Schema: public; Owner: postgres
--

CREATE SEQUENCE public."RDM_section_id_seq"
    AS integer
    START WITH 1
    INCREMENT BY 1
    NO MINVALUE
    NO MAXVALUE
    CACHE 1;


ALTER TABLE public."RDM_section_id_seq" OWNER TO postgres;

--
-- Name: RDM_section_id_seq; Type: SEQUENCE OWNED BY; Schema: public; Owner: postgres
--

ALTER SEQUENCE public."RDM_section_id_seq" OWNED BY public."RDM_section".id;


--
-- Name: RDM_support; Type: TABLE; Schema: public; Owner: postgres
--

CREATE TABLE public."RDM_support" (
    id integer NOT NULL,
    modified_date timestamp with time zone NOT NULL,
    name character varying(200) NOT NULL,
    "UX" boolean NOT NULL,
    "UZ" boolean NOT NULL,
    "RY" boolean NOT NULL,
    project_id integer NOT NULL
);


ALTER TABLE public."RDM_support" OWNER TO postgres;

--
-- Name: RDM_support_id_seq; Type: SEQUENCE; Schema: public; Owner: postgres
--

CREATE SEQUENCE public."RDM_support_id_seq"
    AS integer
    START WITH 1
    INCREMENT BY 1
    NO MINVALUE
    NO MAXVALUE
    CACHE 1;


ALTER TABLE public."RDM_support_id_seq" OWNER TO postgres;

--
-- Name: RDM_support_id_seq; Type: SEQUENCE OWNED BY; Schema: public; Owner: postgres
--

ALTER SEQUENCE public."RDM_support_id_seq" OWNED BY public."RDM_support".id;


--
-- Name: auth_group; Type: TABLE; Schema: public; Owner: postgres
--

CREATE TABLE public.auth_group (
    id integer NOT NULL,
    name character varying(150) NOT NULL
);


ALTER TABLE public.auth_group OWNER TO postgres;

--
-- Name: auth_group_id_seq; Type: SEQUENCE; Schema: public; Owner: postgres
--

CREATE SEQUENCE public.auth_group_id_seq
    AS integer
    START WITH 1
    INCREMENT BY 1
    NO MINVALUE
    NO MAXVALUE
    CACHE 1;


ALTER TABLE public.auth_group_id_seq OWNER TO postgres;

--
-- Name: auth_group_id_seq; Type: SEQUENCE OWNED BY; Schema: public; Owner: postgres
--

ALTER SEQUENCE public.auth_group_id_seq OWNED BY public.auth_group.id;


--
-- Name: auth_group_permissions; Type: TABLE; Schema: public; Owner: postgres
--

CREATE TABLE public.auth_group_permissions (
    id bigint NOT NULL,
    group_id integer NOT NULL,
    permission_id integer NOT NULL
);


ALTER TABLE public.auth_group_permissions OWNER TO postgres;

--
-- Name: auth_group_permissions_id_seq; Type: SEQUENCE; Schema: public; Owner: postgres
--

CREATE SEQUENCE public.auth_group_permissions_id_seq
    START WITH 1
    INCREMENT BY 1
    NO MINVALUE
    NO MAXVALUE
    CACHE 1;


ALTER TABLE public.auth_group_permissions_id_seq OWNER TO postgres;

--
-- Name: auth_group_permissions_id_seq; Type: SEQUENCE OWNED BY; Schema: public; Owner: postgres
--

ALTER SEQUENCE public.auth_group_permissions_id_seq OWNED BY public.auth_group_permissions.id;


--
-- Name: auth_permission; Type: TABLE; Schema: public; Owner: postgres
--

CREATE TABLE public.auth_permission (
    id integer NOT NULL,
    name character varying(255) NOT NULL,
    content_type_id integer NOT NULL,
    codename character varying(100) NOT NULL
);


ALTER TABLE public.auth_permission OWNER TO postgres;

--
-- Name: auth_permission_id_seq; Type: SEQUENCE; Schema: public; Owner: postgres
--

CREATE SEQUENCE public.auth_permission_id_seq
    AS integer
    START WITH 1
    INCREMENT BY 1
    NO MINVALUE
    NO MAXVALUE
    CACHE 1;


ALTER TABLE public.auth_permission_id_seq OWNER TO postgres;

--
-- Name: auth_permission_id_seq; Type: SEQUENCE OWNED BY; Schema: public; Owner: postgres
--

ALTER SEQUENCE public.auth_permission_id_seq OWNED BY public.auth_permission.id;


--
-- Name: auth_user; Type: TABLE; Schema: public; Owner: postgres
--

CREATE TABLE public.auth_user (
    id integer NOT NULL,
    password character varying(128) NOT NULL,
    last_login timestamp with time zone,
    is_superuser boolean NOT NULL,
    username character varying(150) NOT NULL,
    first_name character varying(150) NOT NULL,
    last_name character varying(150) NOT NULL,
    email character varying(254) NOT NULL,
    is_staff boolean NOT NULL,
    is_active boolean NOT NULL,
    date_joined timestamp with time zone NOT NULL
);


ALTER TABLE public.auth_user OWNER TO postgres;

--
-- Name: auth_user_groups; Type: TABLE; Schema: public; Owner: postgres
--

CREATE TABLE public.auth_user_groups (
    id bigint NOT NULL,
    user_id integer NOT NULL,
    group_id integer NOT NULL
);


ALTER TABLE public.auth_user_groups OWNER TO postgres;

--
-- Name: auth_user_groups_id_seq; Type: SEQUENCE; Schema: public; Owner: postgres
--

CREATE SEQUENCE public.auth_user_groups_id_seq
    START WITH 1
    INCREMENT BY 1
    NO MINVALUE
    NO MAXVALUE
    CACHE 1;


ALTER TABLE public.auth_user_groups_id_seq OWNER TO postgres;

--
-- Name: auth_user_groups_id_seq; Type: SEQUENCE OWNED BY; Schema: public; Owner: postgres
--

ALTER SEQUENCE public.auth_user_groups_id_seq OWNED BY public.auth_user_groups.id;


--
-- Name: auth_user_id_seq; Type: SEQUENCE; Schema: public; Owner: postgres
--

CREATE SEQUENCE public.auth_user_id_seq
    AS integer
    START WITH 1
    INCREMENT BY 1
    NO MINVALUE
    NO MAXVALUE
    CACHE 1;


ALTER TABLE public.auth_user_id_seq OWNER TO postgres;

--
-- Name: auth_user_id_seq; Type: SEQUENCE OWNED BY; Schema: public; Owner: postgres
--

ALTER SEQUENCE public.auth_user_id_seq OWNED BY public.auth_user.id;


--
-- Name: auth_user_user_permissions; Type: TABLE; Schema: public; Owner: postgres
--

CREATE TABLE public.auth_user_user_permissions (
    id bigint NOT NULL,
    user_id integer NOT NULL,
    permission_id integer NOT NULL
);


ALTER TABLE public.auth_user_user_permissions OWNER TO postgres;

--
-- Name: auth_user_user_permissions_id_seq; Type: SEQUENCE; Schema: public; Owner: postgres
--

CREATE SEQUENCE public.auth_user_user_permissions_id_seq
    START WITH 1
    INCREMENT BY 1
    NO MINVALUE
    NO MAXVALUE
    CACHE 1;


ALTER TABLE public.auth_user_user_permissions_id_seq OWNER TO postgres;

--
-- Name: auth_user_user_permissions_id_seq; Type: SEQUENCE OWNED BY; Schema: public; Owner: postgres
--

ALTER SEQUENCE public.auth_user_user_permissions_id_seq OWNED BY public.auth_user_user_permissions.id;


--
-- Name: core_commandhistory; Type: TABLE; Schema: public; Owner: postgres
--

CREATE TABLE public.core_commandhistory (
    id bigint NOT NULL,
    name character varying(200) NOT NULL,
    applied_at timestamp with time zone NOT NULL
);


ALTER TABLE public.core_commandhistory OWNER TO postgres;

--
-- Name: core_commandhistory_id_seq; Type: SEQUENCE; Schema: public; Owner: postgres
--

CREATE SEQUENCE public.core_commandhistory_id_seq
    START WITH 1
    INCREMENT BY 1
    NO MINVALUE
    NO MAXVALUE
    CACHE 1;


ALTER TABLE public.core_commandhistory_id_seq OWNER TO postgres;

--
-- Name: core_commandhistory_id_seq; Type: SEQUENCE OWNED BY; Schema: public; Owner: postgres
--

ALTER SEQUENCE public.core_commandhistory_id_seq OWNED BY public.core_commandhistory.id;


--
-- Name: django_admin_log; Type: TABLE; Schema: public; Owner: postgres
--

CREATE TABLE public.django_admin_log (
    id integer NOT NULL,
    action_time timestamp with time zone NOT NULL,
    object_id text,
    object_repr character varying(200) NOT NULL,
    action_flag smallint NOT NULL,
    change_message text NOT NULL,
    content_type_id integer,
    user_id integer NOT NULL,
    CONSTRAINT django_admin_log_action_flag_check CHECK ((action_flag >= 0))
);


ALTER TABLE public.django_admin_log OWNER TO postgres;

--
-- Name: django_admin_log_id_seq; Type: SEQUENCE; Schema: public; Owner: postgres
--

CREATE SEQUENCE public.django_admin_log_id_seq
    AS integer
    START WITH 1
    INCREMENT BY 1
    NO MINVALUE
    NO MAXVALUE
    CACHE 1;


ALTER TABLE public.django_admin_log_id_seq OWNER TO postgres;

--
-- Name: django_admin_log_id_seq; Type: SEQUENCE OWNED BY; Schema: public; Owner: postgres
--

ALTER SEQUENCE public.django_admin_log_id_seq OWNED BY public.django_admin_log.id;


--
-- Name: django_content_type; Type: TABLE; Schema: public; Owner: postgres
--

CREATE TABLE public.django_content_type (
    id integer NOT NULL,
    app_label character varying(100) NOT NULL,
    model character varying(100) NOT NULL
);


ALTER TABLE public.django_content_type OWNER TO postgres;

--
-- Name: django_content_type_id_seq; Type: SEQUENCE; Schema: public; Owner: postgres
--

CREATE SEQUENCE public.django_content_type_id_seq
    AS integer
    START WITH 1
    INCREMENT BY 1
    NO MINVALUE
    NO MAXVALUE
    CACHE 1;


ALTER TABLE public.django_content_type_id_seq OWNER TO postgres;

--
-- Name: django_content_type_id_seq; Type: SEQUENCE OWNED BY; Schema: public; Owner: postgres
--

ALTER SEQUENCE public.django_content_type_id_seq OWNED BY public.django_content_type.id;


--
-- Name: django_migrations; Type: TABLE; Schema: public; Owner: postgres
--

CREATE TABLE public.django_migrations (
    id bigint NOT NULL,
    app character varying(255) NOT NULL,
    name character varying(255) NOT NULL,
    applied timestamp with time zone NOT NULL
);


ALTER TABLE public.django_migrations OWNER TO postgres;

--
-- Name: django_migrations_id_seq; Type: SEQUENCE; Schema: public; Owner: postgres
--

CREATE SEQUENCE public.django_migrations_id_seq
    START WITH 1
    INCREMENT BY 1
    NO MINVALUE
    NO MAXVALUE
    CACHE 1;


ALTER TABLE public.django_migrations_id_seq OWNER TO postgres;

--
-- Name: django_migrations_id_seq; Type: SEQUENCE OWNED BY; Schema: public; Owner: postgres
--

ALTER SEQUENCE public.django_migrations_id_seq OWNED BY public.django_migrations.id;


--
-- Name: django_session; Type: TABLE; Schema: public; Owner: postgres
--

CREATE TABLE public.django_session (
    session_key character varying(40) NOT NULL,
    session_data text NOT NULL,
    expire_date timestamp with time zone NOT NULL
);


ALTER TABLE public.django_session OWNER TO postgres;

--
-- Name: products_category; Type: TABLE; Schema: public; Owner: postgres
--

CREATE TABLE public.products_category (
    id bigint NOT NULL,
    name character varying(250) NOT NULL,
    slug character varying(100) NOT NULL
);


ALTER TABLE public.products_category OWNER TO postgres;

--
-- Name: products_category_id_seq; Type: SEQUENCE; Schema: public; Owner: postgres
--

CREATE SEQUENCE public.products_category_id_seq
    START WITH 1
    INCREMENT BY 1
    NO MINVALUE
    NO MAXVALUE
    CACHE 1;


ALTER TABLE public.products_category_id_seq OWNER TO postgres;

--
-- Name: products_category_id_seq; Type: SEQUENCE OWNED BY; Schema: public; Owner: postgres
--

ALTER SEQUENCE public.products_category_id_seq OWNED BY public.products_category.id;


--
-- Name: products_discount; Type: TABLE; Schema: public; Owner: postgres
--

CREATE TABLE public.products_discount (
    id bigint NOT NULL,
    name character varying(250) NOT NULL,
    percent numeric(5,2) NOT NULL,
    active boolean NOT NULL
);


ALTER TABLE public.products_discount OWNER TO postgres;

--
-- Name: products_discount_id_seq; Type: SEQUENCE; Schema: public; Owner: postgres
--

CREATE SEQUENCE public.products_discount_id_seq
    START WITH 1
    INCREMENT BY 1
    NO MINVALUE
    NO MAXVALUE
    CACHE 1;


ALTER TABLE public.products_discount_id_seq OWNER TO postgres;

--
-- Name: products_discount_id_seq; Type: SEQUENCE OWNED BY; Schema: public; Owner: postgres
--

ALTER SEQUENCE public.products_discount_id_seq OWNED BY public.products_discount.id;


--
-- Name: products_file; Type: TABLE; Schema: public; Owner: postgres
--

CREATE TABLE public.products_file (
    id bigint NOT NULL,
    name character varying(250),
    file character varying(255) NOT NULL,
    product_id bigint NOT NULL
);


ALTER TABLE public.products_file OWNER TO postgres;

--
-- Name: products_file_id_seq; Type: SEQUENCE; Schema: public; Owner: postgres
--

CREATE SEQUENCE public.products_file_id_seq
    START WITH 1
    INCREMENT BY 1
    NO MINVALUE
    NO MAXVALUE
    CACHE 1;


ALTER TABLE public.products_file_id_seq OWNER TO postgres;

--
-- Name: products_file_id_seq; Type: SEQUENCE OWNED BY; Schema: public; Owner: postgres
--

ALTER SEQUENCE public.products_file_id_seq OWNED BY public.products_file.id;


--
-- Name: products_product; Type: TABLE; Schema: public; Owner: postgres
--

CREATE TABLE public.products_product (
    id bigint NOT NULL,
    name character varying(250) NOT NULL,
    price_currency character varying(3) NOT NULL,
    price numeric(19,4) NOT NULL,
    category_id bigint,
    discount_id bigint,
    description text,
    slug character varying(100)
);


ALTER TABLE public.products_product OWNER TO postgres;

--
-- Name: products_product_id_seq; Type: SEQUENCE; Schema: public; Owner: postgres
--

CREATE SEQUENCE public.products_product_id_seq
    START WITH 1
    INCREMENT BY 1
    NO MINVALUE
    NO MAXVALUE
    CACHE 1;


ALTER TABLE public.products_product_id_seq OWNER TO postgres;

--
-- Name: products_product_id_seq; Type: SEQUENCE OWNED BY; Schema: public; Owner: postgres
--

ALTER SEQUENCE public.products_product_id_seq OWNED BY public.products_product.id;


--
-- Name: social_auth_association; Type: TABLE; Schema: public; Owner: postgres
--

CREATE TABLE public.social_auth_association (
    id integer NOT NULL,
    server_url character varying(255) NOT NULL,
    handle character varying(255) NOT NULL,
    secret character varying(255) NOT NULL,
    issued integer NOT NULL,
    lifetime integer NOT NULL,
    assoc_type character varying(64) NOT NULL
);


ALTER TABLE public.social_auth_association OWNER TO postgres;

--
-- Name: social_auth_association_id_seq; Type: SEQUENCE; Schema: public; Owner: postgres
--

CREATE SEQUENCE public.social_auth_association_id_seq
    AS integer
    START WITH 1
    INCREMENT BY 1
    NO MINVALUE
    NO MAXVALUE
    CACHE 1;


ALTER TABLE public.social_auth_association_id_seq OWNER TO postgres;

--
-- Name: social_auth_association_id_seq; Type: SEQUENCE OWNED BY; Schema: public; Owner: postgres
--

ALTER SEQUENCE public.social_auth_association_id_seq OWNED BY public.social_auth_association.id;


--
-- Name: social_auth_code; Type: TABLE; Schema: public; Owner: postgres
--

CREATE TABLE public.social_auth_code (
    id integer NOT NULL,
    email character varying(254) NOT NULL,
    code character varying(32) NOT NULL,
    verified boolean NOT NULL,
    "timestamp" timestamp with time zone NOT NULL
);


ALTER TABLE public.social_auth_code OWNER TO postgres;

--
-- Name: social_auth_code_id_seq; Type: SEQUENCE; Schema: public; Owner: postgres
--

CREATE SEQUENCE public.social_auth_code_id_seq
    AS integer
    START WITH 1
    INCREMENT BY 1
    NO MINVALUE
    NO MAXVALUE
    CACHE 1;


ALTER TABLE public.social_auth_code_id_seq OWNER TO postgres;

--
-- Name: social_auth_code_id_seq; Type: SEQUENCE OWNED BY; Schema: public; Owner: postgres
--

ALTER SEQUENCE public.social_auth_code_id_seq OWNED BY public.social_auth_code.id;


--
-- Name: social_auth_nonce; Type: TABLE; Schema: public; Owner: postgres
--

CREATE TABLE public.social_auth_nonce (
    id integer NOT NULL,
    server_url character varying(255) NOT NULL,
    "timestamp" integer NOT NULL,
    salt character varying(65) NOT NULL
);


ALTER TABLE public.social_auth_nonce OWNER TO postgres;

--
-- Name: social_auth_nonce_id_seq; Type: SEQUENCE; Schema: public; Owner: postgres
--

CREATE SEQUENCE public.social_auth_nonce_id_seq
    AS integer
    START WITH 1
    INCREMENT BY 1
    NO MINVALUE
    NO MAXVALUE
    CACHE 1;


ALTER TABLE public.social_auth_nonce_id_seq OWNER TO postgres;

--
-- Name: social_auth_nonce_id_seq; Type: SEQUENCE OWNED BY; Schema: public; Owner: postgres
--

ALTER SEQUENCE public.social_auth_nonce_id_seq OWNED BY public.social_auth_nonce.id;


--
-- Name: social_auth_partial; Type: TABLE; Schema: public; Owner: postgres
--

CREATE TABLE public.social_auth_partial (
    id integer NOT NULL,
    token character varying(32) NOT NULL,
    next_step smallint NOT NULL,
    backend character varying(32) NOT NULL,
    data text NOT NULL,
    "timestamp" timestamp with time zone NOT NULL,
    CONSTRAINT social_auth_partial_next_step_check CHECK ((next_step >= 0))
);


ALTER TABLE public.social_auth_partial OWNER TO postgres;

--
-- Name: social_auth_partial_id_seq; Type: SEQUENCE; Schema: public; Owner: postgres
--

CREATE SEQUENCE public.social_auth_partial_id_seq
    AS integer
    START WITH 1
    INCREMENT BY 1
    NO MINVALUE
    NO MAXVALUE
    CACHE 1;


ALTER TABLE public.social_auth_partial_id_seq OWNER TO postgres;

--
-- Name: social_auth_partial_id_seq; Type: SEQUENCE OWNED BY; Schema: public; Owner: postgres
--

ALTER SEQUENCE public.social_auth_partial_id_seq OWNED BY public.social_auth_partial.id;


--
-- Name: social_auth_usersocialauth; Type: TABLE; Schema: public; Owner: postgres
--

CREATE TABLE public.social_auth_usersocialauth (
    id integer NOT NULL,
    provider character varying(32) NOT NULL,
    uid character varying(255) NOT NULL,
    extra_data text NOT NULL,
    user_id integer NOT NULL
);


ALTER TABLE public.social_auth_usersocialauth OWNER TO postgres;

--
-- Name: social_auth_usersocialauth_id_seq; Type: SEQUENCE; Schema: public; Owner: postgres
--

CREATE SEQUENCE public.social_auth_usersocialauth_id_seq
    AS integer
    START WITH 1
    INCREMENT BY 1
    NO MINVALUE
    NO MAXVALUE
    CACHE 1;


ALTER TABLE public.social_auth_usersocialauth_id_seq OWNER TO postgres;

--
-- Name: social_auth_usersocialauth_id_seq; Type: SEQUENCE OWNED BY; Schema: public; Owner: postgres
--

ALTER SEQUENCE public.social_auth_usersocialauth_id_seq OWNED BY public.social_auth_usersocialauth.id;


--
-- Name: RDM_bar id; Type: DEFAULT; Schema: public; Owner: postgres
--

ALTER TABLE ONLY public."RDM_bar" ALTER COLUMN id SET DEFAULT nextval('public."RDM_bar_id_seq"'::regclass);


--
-- Name: RDM_dl id; Type: DEFAULT; Schema: public; Owner: postgres
--

ALTER TABLE ONLY public."RDM_dl" ALTER COLUMN id SET DEFAULT nextval('public."RDM_dl_id_seq"'::regclass);


--
-- Name: RDM_dl_bars id; Type: DEFAULT; Schema: public; Owner: postgres
--

ALTER TABLE ONLY public."RDM_dl_bars" ALTER COLUMN id SET DEFAULT nextval('public."RDM_dl_bars_id_seq"'::regclass);


--
-- Name: RDM_material id; Type: DEFAULT; Schema: public; Owner: postgres
--

ALTER TABLE ONLY public."RDM_material" ALTER COLUMN id SET DEFAULT nextval('public."RDM_material_id_seq"'::regclass);


--
-- Name: RDM_node id; Type: DEFAULT; Schema: public; Owner: postgres
--

ALTER TABLE ONLY public."RDM_node" ALTER COLUMN id SET DEFAULT nextval('public."RDM_node_id_seq"'::regclass);


--
-- Name: RDM_pl id; Type: DEFAULT; Schema: public; Owner: postgres
--

ALTER TABLE ONLY public."RDM_pl" ALTER COLUMN id SET DEFAULT nextval('public."RDM_pl_id_seq"'::regclass);


--
-- Name: RDM_pl_nodes id; Type: DEFAULT; Schema: public; Owner: postgres
--

ALTER TABLE ONLY public."RDM_pl_nodes" ALTER COLUMN id SET DEFAULT nextval('public."RDM_pl_nodes_id_seq"'::regclass);


--
-- Name: RDM_project id; Type: DEFAULT; Schema: public; Owner: postgres
--

ALTER TABLE ONLY public."RDM_project" ALTER COLUMN id SET DEFAULT nextval('public."RDM_project_id_seq"'::regclass);


--
-- Name: RDM_release id; Type: DEFAULT; Schema: public; Owner: postgres
--

ALTER TABLE ONLY public."RDM_release" ALTER COLUMN id SET DEFAULT nextval('public."RDM_release_id_seq"'::regclass);


--
-- Name: RDM_section id; Type: DEFAULT; Schema: public; Owner: postgres
--

ALTER TABLE ONLY public."RDM_section" ALTER COLUMN id SET DEFAULT nextval('public."RDM_section_id_seq"'::regclass);


--
-- Name: RDM_support id; Type: DEFAULT; Schema: public; Owner: postgres
--

ALTER TABLE ONLY public."RDM_support" ALTER COLUMN id SET DEFAULT nextval('public."RDM_support_id_seq"'::regclass);


--
-- Name: auth_group id; Type: DEFAULT; Schema: public; Owner: postgres
--

ALTER TABLE ONLY public.auth_group ALTER COLUMN id SET DEFAULT nextval('public.auth_group_id_seq'::regclass);


--
-- Name: auth_group_permissions id; Type: DEFAULT; Schema: public; Owner: postgres
--

ALTER TABLE ONLY public.auth_group_permissions ALTER COLUMN id SET DEFAULT nextval('public.auth_group_permissions_id_seq'::regclass);


--
-- Name: auth_permission id; Type: DEFAULT; Schema: public; Owner: postgres
--

ALTER TABLE ONLY public.auth_permission ALTER COLUMN id SET DEFAULT nextval('public.auth_permission_id_seq'::regclass);


--
-- Name: auth_user id; Type: DEFAULT; Schema: public; Owner: postgres
--

ALTER TABLE ONLY public.auth_user ALTER COLUMN id SET DEFAULT nextval('public.auth_user_id_seq'::regclass);


--
-- Name: auth_user_groups id; Type: DEFAULT; Schema: public; Owner: postgres
--

ALTER TABLE ONLY public.auth_user_groups ALTER COLUMN id SET DEFAULT nextval('public.auth_user_groups_id_seq'::regclass);


--
-- Name: auth_user_user_permissions id; Type: DEFAULT; Schema: public; Owner: postgres
--

ALTER TABLE ONLY public.auth_user_user_permissions ALTER COLUMN id SET DEFAULT nextval('public.auth_user_user_permissions_id_seq'::regclass);


--
-- Name: core_commandhistory id; Type: DEFAULT; Schema: public; Owner: postgres
--

ALTER TABLE ONLY public.core_commandhistory ALTER COLUMN id SET DEFAULT nextval('public.core_commandhistory_id_seq'::regclass);


--
-- Name: django_admin_log id; Type: DEFAULT; Schema: public; Owner: postgres
--

ALTER TABLE ONLY public.django_admin_log ALTER COLUMN id SET DEFAULT nextval('public.django_admin_log_id_seq'::regclass);


--
-- Name: django_content_type id; Type: DEFAULT; Schema: public; Owner: postgres
--

ALTER TABLE ONLY public.django_content_type ALTER COLUMN id SET DEFAULT nextval('public.django_content_type_id_seq'::regclass);


--
-- Name: django_migrations id; Type: DEFAULT; Schema: public; Owner: postgres
--

ALTER TABLE ONLY public.django_migrations ALTER COLUMN id SET DEFAULT nextval('public.django_migrations_id_seq'::regclass);


--
-- Name: products_category id; Type: DEFAULT; Schema: public; Owner: postgres
--

ALTER TABLE ONLY public.products_category ALTER COLUMN id SET DEFAULT nextval('public.products_category_id_seq'::regclass);


--
-- Name: products_discount id; Type: DEFAULT; Schema: public; Owner: postgres
--

ALTER TABLE ONLY public.products_discount ALTER COLUMN id SET DEFAULT nextval('public.products_discount_id_seq'::regclass);


--
-- Name: products_file id; Type: DEFAULT; Schema: public; Owner: postgres
--

ALTER TABLE ONLY public.products_file ALTER COLUMN id SET DEFAULT nextval('public.products_file_id_seq'::regclass);


--
-- Name: products_product id; Type: DEFAULT; Schema: public; Owner: postgres
--

ALTER TABLE ONLY public.products_product ALTER COLUMN id SET DEFAULT nextval('public.products_product_id_seq'::regclass);


--
-- Name: social_auth_association id; Type: DEFAULT; Schema: public; Owner: postgres
--

ALTER TABLE ONLY public.social_auth_association ALTER COLUMN id SET DEFAULT nextval('public.social_auth_association_id_seq'::regclass);


--
-- Name: social_auth_code id; Type: DEFAULT; Schema: public; Owner: postgres
--

ALTER TABLE ONLY public.social_auth_code ALTER COLUMN id SET DEFAULT nextval('public.social_auth_code_id_seq'::regclass);


--
-- Name: social_auth_nonce id; Type: DEFAULT; Schema: public; Owner: postgres
--

ALTER TABLE ONLY public.social_auth_nonce ALTER COLUMN id SET DEFAULT nextval('public.social_auth_nonce_id_seq'::regclass);


--
-- Name: social_auth_partial id; Type: DEFAULT; Schema: public; Owner: postgres
--

ALTER TABLE ONLY public.social_auth_partial ALTER COLUMN id SET DEFAULT nextval('public.social_auth_partial_id_seq'::regclass);


--
-- Name: social_auth_usersocialauth id; Type: DEFAULT; Schema: public; Owner: postgres
--

ALTER TABLE ONLY public.social_auth_usersocialauth ALTER COLUMN id SET DEFAULT nextval('public.social_auth_usersocialauth_id_seq'::regclass);


--
-- Data for Name: RDM_bar; Type: TABLE DATA; Schema: public; Owner: postgres
--

COPY public."RDM_bar" (id, modified_date, name, "L", "Ch", "Qg", "Ql", "Rg", "Rl", "EF", "DP", "S", "EFm", "DPm", "Sm", "N1_id", "N2_id", "Release_id", "Section_id", project_id) FROM stdin;
1	2020-01-14 22:24:24.515+01	1	0	{0,0,0}	{0,0,0}	{0,0,0}	{0,0,0}	{0,0,0}	"[\\"0\\", \\"0\\", \\"0\\"]"	"[\\"0\\", \\"0\\", \\"0\\"]"	"[\\"0\\", \\"0\\"]"	"[\\"0;0\\", \\"0;0\\", \\"0;0\\"]"	"[\\"0;0\\", \\"0;0\\", \\"0;0\\"]"	"[\\"0;0\\", \\"0;0\\"]"	1	2	1	2	2
2	2020-01-14 22:24:24.894+01	1	0	{0,0,0}	{0,0,0}	{0,0,0}	{0,0,0}	{0,0,0}	"[\\"0\\", \\"0\\", \\"0\\"]"	"[\\"0\\", \\"0\\", \\"0\\"]"	"[\\"0\\", \\"0\\"]"	"[\\"0;0\\", \\"0;0\\", \\"0;0\\"]"	"[\\"0;0\\", \\"0;0\\", \\"0;0\\"]"	"[\\"0;0\\", \\"0;0\\"]"	3	4	4	3	3
3	2020-01-14 22:24:24.914+01	2	0	{0,0,0}	{0,0,0}	{0,0,0}	{0,0,0}	{0,0,0}	"[\\"0\\", \\"0\\", \\"0\\"]"	"[\\"0\\", \\"0\\", \\"0\\"]"	"[\\"0\\", \\"0\\"]"	"[\\"0;0\\", \\"0;0\\", \\"0;0\\"]"	"[\\"0;0\\", \\"0;0\\", \\"0;0\\"]"	"[\\"0;0\\", \\"0;0\\"]"	4	5	4	3	3
4	2020-01-14 22:24:24.936+01	3	0	{0,0,0}	{0,0,0}	{0,0,0}	{0,0,0}	{0,0,0}	"[\\"0\\", \\"0\\", \\"0\\"]"	"[\\"0\\", \\"0\\", \\"0\\"]"	"[\\"0\\", \\"0\\"]"	"[\\"0;0\\", \\"0;0\\", \\"0;0\\"]"	"[\\"0;0\\", \\"0;0\\", \\"0;0\\"]"	"[\\"0;0\\", \\"0;0\\"]"	5	6	4	3	3
5	2020-01-14 22:24:24.962+01	4	0	{0,0,0}	{0,0,0}	{0,0,0}	{0,0,0}	{0,0,0}	"[\\"0\\", \\"0\\", \\"0\\"]"	"[\\"0\\", \\"0\\", \\"0\\"]"	"[\\"0\\", \\"0\\"]"	"[\\"0;0\\", \\"0;0\\", \\"0;0\\"]"	"[\\"0;0\\", \\"0;0\\", \\"0;0\\"]"	"[\\"0;0\\", \\"0;0\\"]"	4	7	4	3	3
6	2020-01-14 22:24:24.981+01	5	0	{0,0,0}	{0,0,0}	{0,0,0}	{0,0,0}	{0,0,0}	"[\\"0\\", \\"0\\", \\"0\\"]"	"[\\"0\\", \\"0\\", \\"0\\"]"	"[\\"0\\", \\"0\\"]"	"[\\"0;0\\", \\"0;0\\", \\"0;0\\"]"	"[\\"0;0\\", \\"0;0\\", \\"0;0\\"]"	"[\\"0;0\\", \\"0;0\\"]"	5	8	4	3	3
7	2020-01-14 22:24:25.009+01	6	0	{0,0,0}	{0,0,0}	{0,0,0}	{0,0,0}	{0,0,0}	"[\\"0\\", \\"0\\", \\"0\\"]"	"[\\"0\\", \\"0\\", \\"0\\"]"	"[\\"0\\", \\"0\\"]"	"[\\"0;0\\", \\"0;0\\", \\"0;0\\"]"	"[\\"0;0\\", \\"0;0\\", \\"0;0\\"]"	"[\\"0;0\\", \\"0;0\\"]"	3	7	4	3	3
8	2020-01-14 22:24:25.026+01	7	0	{0,0,0}	{0,0,0}	{0,0,0}	{0,0,0}	{0,0,0}	"[\\"0\\", \\"0\\", \\"0\\"]"	"[\\"0\\", \\"0\\", \\"0\\"]"	"[\\"0\\", \\"0\\"]"	"[\\"0;0\\", \\"0;0\\", \\"0;0\\"]"	"[\\"0;0\\", \\"0;0\\", \\"0;0\\"]"	"[\\"0;0\\", \\"0;0\\"]"	7	5	4	3	3
9	2020-01-14 22:24:25.049+01	8	0	{0,0,0}	{0,0,0}	{0,0,0}	{0,0,0}	{0,0,0}	"[\\"0\\", \\"0\\", \\"0\\"]"	"[\\"0\\", \\"0\\", \\"0\\"]"	"[\\"0\\", \\"0\\"]"	"[\\"0;0\\", \\"0;0\\", \\"0;0\\"]"	"[\\"0;0\\", \\"0;0\\", \\"0;0\\"]"	"[\\"0;0\\", \\"0;0\\"]"	7	8	4	3	3
10	2020-01-14 22:24:25.07+01	9	0	{0,0,0}	{0,0,0}	{0,0,0}	{0,0,0}	{0,0,0}	"[\\"0\\", \\"0\\", \\"0\\"]"	"[\\"0\\", \\"0\\", \\"0\\"]"	"[\\"0\\", \\"0\\"]"	"[\\"0;0\\", \\"0;0\\", \\"0;0\\"]"	"[\\"0;0\\", \\"0;0\\", \\"0;0\\"]"	"[\\"0;0\\", \\"0;0\\"]"	8	6	4	3	3
11	2020-01-14 22:24:25.48+01	1	0	{0,0,0}	{0,0,0}	{0,0,0}	{0,0,0}	{0,0,0}	"[\\"0\\", \\"0\\", \\"0\\"]"	"[\\"0\\", \\"0\\", \\"0\\"]"	"[\\"0\\", \\"0\\"]"	"[\\"0;0\\", \\"0;0\\", \\"0;0\\"]"	"[\\"0;0\\", \\"0;0\\", \\"0;0\\"]"	"[\\"0;0\\", \\"0;0\\"]"	9	13	1	4	4
12	2020-01-14 22:24:25.494+01	2	0	{0,0,0}	{0,0,0}	{0,0,0}	{0,0,0}	{0,0,0}	"[\\"0\\", \\"0\\", \\"0\\"]"	"[\\"0\\", \\"0\\", \\"0\\"]"	"[\\"0\\", \\"0\\"]"	"[\\"0;0\\", \\"0;0\\", \\"0;0\\"]"	"[\\"0;0\\", \\"0;0\\", \\"0;0\\"]"	"[\\"0;0\\", \\"0;0\\"]"	13	10	1	4	4
13	2020-01-14 22:24:25.514+01	3	0	{0,0,0}	{0,0,0}	{0,0,0}	{0,0,0}	{0,0,0}	"[\\"0\\", \\"0\\", \\"0\\"]"	"[\\"0\\", \\"0\\", \\"0\\"]"	"[\\"0\\", \\"0\\"]"	"[\\"0;0\\", \\"0;0\\", \\"0;0\\"]"	"[\\"0;0\\", \\"0;0\\", \\"0;0\\"]"	"[\\"0;0\\", \\"0;0\\"]"	10	14	1	4	4
14	2020-01-14 22:24:25.536+01	4	0	{0,0,0}	{0,0,0}	{0,0,0}	{0,0,0}	{0,0,0}	"[\\"0\\", \\"0\\", \\"0\\"]"	"[\\"0\\", \\"0\\", \\"0\\"]"	"[\\"0\\", \\"0\\"]"	"[\\"0;0\\", \\"0;0\\", \\"0;0\\"]"	"[\\"0;0\\", \\"0;0\\", \\"0;0\\"]"	"[\\"0;0\\", \\"0;0\\"]"	14	11	1	4	4
15	2020-01-14 22:24:25.562+01	5	0	{0,0,0}	{0,0,0}	{0,0,0}	{0,0,0}	{0,0,0}	"[\\"0\\", \\"0\\", \\"0\\"]"	"[\\"0\\", \\"0\\", \\"0\\"]"	"[\\"0\\", \\"0\\"]"	"[\\"0;0\\", \\"0;0\\", \\"0;0\\"]"	"[\\"0;0\\", \\"0;0\\", \\"0;0\\"]"	"[\\"0;0\\", \\"0;0\\"]"	11	15	1	4	4
16	2020-01-14 22:24:25.581+01	6	0	{0,0,0}	{0,0,0}	{0,0,0}	{0,0,0}	{0,0,0}	"[\\"0\\", \\"0\\", \\"0\\"]"	"[\\"0\\", \\"0\\", \\"0\\"]"	"[\\"0\\", \\"0\\"]"	"[\\"0;0\\", \\"0;0\\", \\"0;0\\"]"	"[\\"0;0\\", \\"0;0\\", \\"0;0\\"]"	"[\\"0;0\\", \\"0;0\\"]"	15	12	1	4	4
17	2020-01-14 22:24:26.002+01	1	0	{0,0,0}	{0,0,0}	{0,0,0}	{0,0,0}	{0,0,0}	"[\\"0\\", \\"0\\", \\"0\\"]"	"[\\"0\\", \\"0\\", \\"0\\"]"	"[\\"0\\", \\"0\\"]"	"[\\"0;0\\", \\"0;0\\", \\"0;0\\"]"	"[\\"0;0\\", \\"0;0\\", \\"0;0\\"]"	"[\\"0;0\\", \\"0;0\\"]"	16	17	1	5	5
18	2020-01-14 22:24:26.013+01	2	0	{0,0,0}	{0,0,0}	{0,0,0}	{0,0,0}	{0,0,0}	"[\\"0\\", \\"0\\", \\"0\\"]"	"[\\"0\\", \\"0\\", \\"0\\"]"	"[\\"0\\", \\"0\\"]"	"[\\"0;0\\", \\"0;0\\", \\"0;0\\"]"	"[\\"0;0\\", \\"0;0\\", \\"0;0\\"]"	"[\\"0;0\\", \\"0;0\\"]"	17	18	2	5	5
19	2020-01-14 22:24:26.025+01	3	0	{0,0,0}	{0,0,0}	{0,0,0}	{0,0,0}	{0,0,0}	"[\\"0\\", \\"0\\", \\"0\\"]"	"[\\"0\\", \\"0\\", \\"0\\"]"	"[\\"0\\", \\"0\\"]"	"[\\"0;0\\", \\"0;0\\", \\"0;0\\"]"	"[\\"0;0\\", \\"0;0\\", \\"0;0\\"]"	"[\\"0;0\\", \\"0;0\\"]"	18	19	3	5	5
20	2020-01-14 22:24:26.049+01	4	0	{0,0,0}	{0,0,0}	{0,0,0}	{0,0,0}	{0,0,0}	"[\\"0\\", \\"0\\", \\"0\\"]"	"[\\"0\\", \\"0\\", \\"0\\"]"	"[\\"0\\", \\"0\\"]"	"[\\"0;0\\", \\"0;0\\", \\"0;0\\"]"	"[\\"0;0\\", \\"0;0\\", \\"0;0\\"]"	"[\\"0;0\\", \\"0;0\\"]"	19	20	1	5	5
\.


--
-- Data for Name: RDM_dl; Type: TABLE DATA; Schema: public; Owner: postgres
--

COPY public."RDM_dl" (id, modified_date, name, type, "Axes", features, project_id) FROM stdin;
1	2020-01-14 22:24:24.742+01	UL20	Uniform_Load	G	{"MY": 0, "PX": 0, "PZ": -0.02}	2
2	2020-01-14 22:24:25.863+01	q	Uniform_Load	G	{"MY": 0, "PX": 0, "PZ": -0.01}	4
3	2020-01-14 22:24:26.296+01	q1	Uniform_Load	G	{"MY": 0, "PX": 0.01, "PZ": 0}	5
4	2020-01-14 22:24:26.318+01	q2	Uniform_Load	G	{"MY": 0, "PX": 0, "PZ": -0.05}	5
\.


--
-- Data for Name: RDM_dl_bars; Type: TABLE DATA; Schema: public; Owner: postgres
--

COPY public."RDM_dl_bars" (id, dl_id, bar_id) FROM stdin;
1	1	1
2	2	13
3	3	17
4	4	18
5	4	19
\.


--
-- Data for Name: RDM_material; Type: TABLE DATA; Schema: public; Owner: postgres
--

COPY public."RDM_material" (id, modified_date, name, "YM", "Density", project_id) FROM stdin;
1	2020-01-14 22:24:24.325+01	Steel	210000	0.077	1
2	2020-01-14 22:24:24.529+01	m1	24000	0	2
3	2020-01-14 22:24:25.084+01	m1	210000	0	3
\.


--
-- Data for Name: RDM_node; Type: TABLE DATA; Schema: public; Owner: postgres
--

COPY public."RDM_node" (id, modified_date, name, "X", "Z", "Fn", "Dp", "Rc", "Support_id", project_id) FROM stdin;
1	2020-01-14 22:24:24.441+01	1	0	0	{0,0,0}	{0,0,0}	{0,0,0}	4	2
2	2020-01-14 22:24:24.451+01	2	4	0	{0,0,0}	{0,0,0}	{0,0,0}	3	2
3	2020-01-14 22:24:24.784+01	1	0	0	{0,0,0}	{0,0,0}	{0,0,0}	4	3
4	2020-01-14 22:24:24.796+01	2	2	0	{0,0,0}	{0,0,0}	{0,0,0}	1	3
5	2020-01-14 22:24:24.809+01	3	4	0	{0,0,0}	{0,0,0}	{0,0,0}	1	3
6	2020-01-14 22:24:24.818+01	4	6	0	{0,0,0}	{0,0,0}	{0,0,0}	3	3
7	2020-01-14 22:24:24.829+01	5	2	-1.4	{0,0,0}	{0,0,0}	{0,0,0}	1	3
8	2020-01-14 22:24:24.842+01	6	4	-2	{0,0,0}	{0,0,0}	{0,0,0}	1	3
9	2020-01-14 22:24:25.374+01	1	0	0	{0,0,0}	{0,0,0}	{0,0,0}	3	4
10	2020-01-14 22:24:25.385+01	2	4	4	{0,0,0}	{0,0,0}	{0,0,0}	1	4
11	2020-01-14 22:24:25.396+01	3	10	4	{0,0,0}	{0,0,0}	{0,0,0}	1	4
12	2020-01-14 22:24:25.408+01	4	14	0	{0,0,0}	{0,0,0}	{0,0,0}	4	4
13	2020-01-14 22:24:25.418+01	5	2	2	{0,0,0}	{0,0,0}	{0,0,0}	1	4
14	2020-01-14 22:24:25.429+01	6	7	4	{0,0,0}	{0,0,0}	{0,0,0}	1	4
15	2020-01-14 22:24:25.441+01	7	12	2	{0,0,0}	{0,0,0}	{0,0,0}	1	4
16	2020-01-14 22:24:25.918+01	1	0	0	{0,0,0}	{0,0,0}	{0,0,0}	4	5
17	2020-01-14 22:24:25.93+01	2	0	5	{0,0,0}	{0,0,0}	{0,0,0}	1	5
18	2020-01-14 22:24:25.942+01	3	3	5	{0,0,0}	{0,0,0}	{0,0,0}	1	5
19	2020-01-14 22:24:25.952+01	4	6	5	{0,0,0}	{0,0,0}	{0,0,0}	1	5
20	2020-01-14 22:24:25.963+01	5	6	0	{0,0,0}	{0,0,0}	{0,0,0}	4	5
\.


--
-- Data for Name: RDM_pl; Type: TABLE DATA; Schema: public; Owner: postgres
--

COPY public."RDM_pl" (id, modified_date, name, "FX", "FZ", "CY", project_id) FROM stdin;
1	2020-01-14 22:24:25.275+01	Q	0	-0.018	0	3
2	2020-01-14 22:24:25.307+01	P	0	-0.036	0	3
3	2020-01-14 22:24:25.808+01	P	0	-0.02	0	4
4	2020-01-14 22:24:25.829+01	Q	-0.01	0	0	4
5	2020-01-14 22:24:26.218+01	P	0.04	0	0	5
\.


--
-- Data for Name: RDM_pl_nodes; Type: TABLE DATA; Schema: public; Owner: postgres
--

COPY public."RDM_pl_nodes" (id, pl_id, node_id) FROM stdin;
1	1	3
2	2	4
3	2	5
4	3	13
5	3	14
6	4	15
7	5	17
\.


--
-- Data for Name: RDM_project; Type: TABLE DATA; Schema: public; Owner: postgres
--

COPY public."RDM_project" (id, modified_date, name, auth, results, user_id, preferences, variables) FROM stdin;
1	2020-01-14 22:24:24.03+01	Default	private	f	1	{"cdb": ["Distributed Loads", "Section", "Release"], "cdn": ["Point Loads", "Support"]}	{}
2	2020-01-14 22:24:24.435+01	project 1	public	f	1	{"cdb": ["Distributed Loads", "Section", "Release"], "cdn": ["Point Loads", "Support"]}	{}
3	2020-01-14 22:24:24.772+01	Truss Structure	public	f	1	{"cdb": ["Distributed Loads", "Section", "Release"], "cdn": ["Point Loads", "Support"]}	{}
4	2020-01-14 22:24:25.361+01	Frame Structure	public	f	1	{"cdb": ["Distributed Loads", "Section", "Release"], "cdn": ["Point Loads", "Support"]}	{}
5	2020-01-14 22:24:25.912+01	Beams with Internal Hinges	public	f	1	{"cdb": ["Distributed Loads", "Section", "Release"], "cdn": ["Point Loads", "Support"]}	{}
\.


--
-- Data for Name: RDM_release; Type: TABLE DATA; Schema: public; Owner: postgres
--

COPY public."RDM_release" (id, modified_date, name, "UX1", "UZ1", "RY1", "UX2", "UZ2", "RY2", project_id) FROM stdin;
1	2020-01-14 22:24:24.376+01	None	f	f	f	f	f	f	1
2	2020-01-14 22:24:24.384+01	F-P	f	f	f	f	f	t	1
3	2020-01-14 22:24:24.396+01	P-F	f	f	t	f	f	f	1
4	2020-01-14 22:24:24.408+01	P-P	f	f	t	f	f	t	1
\.


--
-- Data for Name: RDM_section; Type: TABLE DATA; Schema: public; Owner: postgres
--

COPY public."RDM_section" (id, modified_date, name, "Ax", "Iy", "H", "Cy", type, features, material_id, project_id) FROM stdin;
1	2020-01-14 22:24:24.351+01	Default	0.01	0.0001	1	1	Custom	{"H": 0.1, "Ax": 0.01, "Cy": 0.05, "Iy": 0.0001}	1	1
2	2020-01-14 22:24:24.719+01	s1	0.08	0.00106666666666667	1	1	Rectangular	{"b": 0.2, "h": 0.4}	2	2
3	2020-01-14 22:24:25.228+01	s1	0.0013	9.20833333333335e-07	1	1	Rectangular_Hollow	{"b": 0.07, "h": 0.07, "t": 0.005}	3	3
4	2020-01-14 22:24:25.781+01	s1	0.02202	0.001368461	1	1	I_Section	{"b1": 0.3, "b2": 0.3, "hw": 0.54, "tw": 0.013000000000000001, "tf1": 0.025, "tf2": 0.025}	1	4
5	2020-01-14 22:24:26.167+01	s1	0.02202	0.001368461	1	1	I_Section	{"b1": 0.3, "b2": 0.3, "hw": 0.54, "tw": 0.013000000000000001, "tf1": 0.025, "tf2": 0.025}	1	5
\.


--
-- Data for Name: RDM_support; Type: TABLE DATA; Schema: public; Owner: postgres
--

COPY public."RDM_support" (id, modified_date, name, "UX", "UZ", "RY", project_id) FROM stdin;
1	2020-01-14 22:24:24.084+01	None	f	f	f	1
2	2020-01-14 22:24:24.147+01	Roller Z	t	f	f	1
3	2020-01-14 22:24:24.184+01	Roller X	f	t	f	1
4	2020-01-14 22:24:24.229+01	Pinned	t	t	f	1
5	2020-01-14 22:24:24.282+01	Fixed	t	t	t	1
\.


--
-- Data for Name: auth_group; Type: TABLE DATA; Schema: public; Owner: postgres
--

COPY public.auth_group (id, name) FROM stdin;
\.


--
-- Data for Name: auth_group_permissions; Type: TABLE DATA; Schema: public; Owner: postgres
--

COPY public.auth_group_permissions (id, group_id, permission_id) FROM stdin;
\.


--
-- Data for Name: auth_permission; Type: TABLE DATA; Schema: public; Owner: postgres
--

COPY public.auth_permission (id, name, content_type_id, codename) FROM stdin;
1	Can add log entry	1	add_logentry
2	Can change log entry	1	change_logentry
3	Can delete log entry	1	delete_logentry
4	Can view log entry	1	view_logentry
5	Can add permission	2	add_permission
6	Can change permission	2	change_permission
7	Can delete permission	2	delete_permission
8	Can view permission	2	view_permission
9	Can add group	3	add_group
10	Can change group	3	change_group
11	Can delete group	3	delete_group
12	Can view group	3	view_group
13	Can add user	4	add_user
14	Can change user	4	change_user
15	Can delete user	4	delete_user
16	Can view user	4	view_user
17	Can add content type	5	add_contenttype
18	Can change content type	5	change_contenttype
19	Can delete content type	5	delete_contenttype
20	Can view content type	5	view_contenttype
21	Can add session	6	add_session
22	Can change session	6	change_session
23	Can delete session	6	delete_session
24	Can view session	6	view_session
25	Can add category	7	add_category
26	Can change category	7	change_category
27	Can delete category	7	delete_category
28	Can view category	7	view_category
29	Can add discount	8	add_discount
30	Can change discount	8	change_discount
31	Can delete discount	8	delete_discount
32	Can view discount	8	view_discount
33	Can add product	9	add_product
34	Can change product	9	change_product
35	Can delete product	9	delete_product
36	Can view product	9	view_product
37	Can add file	10	add_file
38	Can change file	10	change_file
39	Can delete file	10	delete_file
40	Can view file	10	view_file
41	Can add command history	11	add_commandhistory
42	Can change command history	11	change_commandhistory
43	Can delete command history	11	delete_commandhistory
44	Can view command history	11	view_commandhistory
45	Can add material	12	add_material
46	Can change material	12	change_material
47	Can delete material	12	delete_material
48	Can view material	12	view_material
49	Can add project	13	add_project
50	Can change project	13	change_project
51	Can delete project	13	delete_project
52	Can view project	13	view_project
53	Can add support	14	add_support
54	Can change support	14	change_support
55	Can delete support	14	delete_support
56	Can view support	14	view_support
57	Can add section	15	add_section
58	Can change section	15	change_section
59	Can delete section	15	delete_section
60	Can view section	15	view_section
61	Can add release	16	add_release
62	Can change release	16	change_release
63	Can delete release	16	delete_release
64	Can view release	16	view_release
65	Can add node	17	add_node
66	Can change node	17	change_node
67	Can delete node	17	delete_node
68	Can view node	17	view_node
69	Can add bar	18	add_bar
70	Can change bar	18	change_bar
71	Can delete bar	18	delete_bar
72	Can view bar	18	view_bar
73	Can add pl	19	add_pl
74	Can change pl	19	change_pl
75	Can delete pl	19	delete_pl
76	Can view pl	19	view_pl
77	Can add dl	20	add_dl
78	Can change dl	20	change_dl
79	Can delete dl	20	delete_dl
80	Can view dl	20	view_dl
81	Can add association	21	add_association
82	Can change association	21	change_association
83	Can delete association	21	delete_association
84	Can view association	21	view_association
85	Can add code	22	add_code
86	Can change code	22	change_code
87	Can delete code	22	delete_code
88	Can view code	22	view_code
89	Can add nonce	23	add_nonce
90	Can change nonce	23	change_nonce
91	Can delete nonce	23	delete_nonce
92	Can view nonce	23	view_nonce
93	Can add user social auth	24	add_usersocialauth
94	Can change user social auth	24	change_usersocialauth
95	Can delete user social auth	24	delete_usersocialauth
96	Can view user social auth	24	view_usersocialauth
97	Can add partial	25	add_partial
98	Can change partial	25	change_partial
99	Can delete partial	25	delete_partial
100	Can view partial	25	view_partial
\.


--
-- Data for Name: auth_user; Type: TABLE DATA; Schema: public; Owner: postgres
--

COPY public.auth_user (id, password, last_login, is_superuser, username, first_name, last_name, email, is_staff, is_active, date_joined) FROM stdin;
3	pbkdf2_sha256$260000$p8tr8zBYQ1wjwxB4wrO8pO$4al4JQz83QE7RnyP/W5MaLAS4uflwXgzAS7kZfXkmxM=	2023-03-04 23:37:23.485906+01	t	admin				t	t	2023-03-04 22:31:00.509654+01
2	pbkdf2_sha256$320000$TRxSrazBIjf9MengNVjXIL$d7GQBWWEbBaSZnrlEW9iiYJbuLmps6xxjX04C6RgEyM=	2023-02-16 20:59:15.278989+01	t	root				t	t	2022-12-06 21:48:26.537388+01
1	pbkdf2_sha256$180000$dnhGqh6TZjVx$bvgfS431156v4D3mvjmL4ks1L3fkMl7zL7SGTO/6AP0=	2020-03-01 09:02:04.672+01	t	allania7med11	Allani	a7med11	allania7med11@gmail.com	t	t	2020-01-14 22:23:08.774+01
7	pbkdf2_sha256$100000$yEyMH1NW0Aad$drECCJ0xRQ0U8Kv7eyx31ZBHvQ6n9KgAagGEG5EDPTk=	2018-09-01 12:30:44.938+01	f	Unais			unace.k@gmail.com	f	t	2018-09-01 12:30:44.827+01
199	pbkdf2_sha256$100000$j6QWGPcFKIIx$XZ1cMxeKX9NTdzCu6ukMNsUUWmDoLvMr3OBYg3m+G0Y=	2019-03-10 10:55:39.007+01	f	Dkn251125			dknacd@gmail.com	f	t	2019-03-10 10:55:38.832+01
8	pbkdf2_sha256$100000$GP12U9JrhqDA$aor6k1grLpEQKSnM6fBhVguXtP2c0jyuilZ3OCblS4I=	2018-09-03 06:15:12.176+01	f	deep7			deepinderbajwa@hotmail.com	f	t	2018-09-03 06:15:12.058+01
9	pbkdf2_sha256$100000$7ATB10Av1t7J$mxoQMGFRMRr4YYYuZu+MftsJW8EGSqwl+S2fSxOuhHE=	2018-09-08 18:13:48.604+01	f	Herlley			Herlley.leal@hotmail.com	f	t	2018-09-08 18:13:48.487+01
10	pbkdf2_sha256$100000$kPVCzTdMm22f$/8mMKxVhals2Rp48aRl21/jzBATaxnoSLfQ+ggGWyGk=	2018-12-18 17:56:36.974+01	f	hamdi			allanihamdi10@gmail.com	f	t	2018-09-09 15:09:42.256+01
13	pbkdf2_sha256$100000$vooY9PS6Al5m$Kv3UMo/KT5OHhlrldhxU2SUNFz5Oam8Koju21uzSZ+Y=	2018-10-29 17:02:15.435+01	f	user1000			user1000@gmail.com	f	t	2018-09-14 10:02:15.442+01
14	pbkdf2_sha256$100000$eyVc06nj8Xbt$FAPLl0rTHPLf297JO+Uuhg8/YoEPw2Jbs1bh6t/OfP0=	2018-09-15 06:42:01.079+01	f	shedi			harabi.chedi98@gmail.com	f	t	2018-09-15 06:42:00.927+01
15	pbkdf2_sha256$100000$7zhILgRcSWTq$AFEIzVYyn1pXli0Y5Vaobx6UjqYJEgmoxKIobdo9Vdc=	2018-09-15 12:10:50.136+01	f	delazzouzi			dris.elazzouzi@gmail.com	f	t	2018-09-15 12:10:50.029+01
16	pbkdf2_sha256$100000$LdfMouG6AQPD$3ldB3ERKH5MCCJUhqL1HNgiHEpeTXPdbjbceEw4bKJk=	2018-09-15 12:17:42.646+01	f	bad-boss			bad-boss@live.fr	f	t	2018-09-15 12:17:42.534+01
18	pbkdf2_sha256$100000$9cPzkdouJO1j$1jCYoar0p7pBMuL/IAZ6qOTCJE7B8WGhVbNUiaXr08w=	2018-09-21 09:45:45.845+01	f	slimbert			sebastienlimbert@gmail.com	f	t	2018-09-21 09:45:45.73+01
19	pbkdf2_sha256$100000$MSMSaaCN3J5K$xyGrg9rtlCxWntrSun7uR28QK9BGudjwiYpDx8/oP+E=	2018-10-01 15:30:34.143+01	f	Mohamed			allani.mohameeed@gmail.com	f	t	2018-10-01 15:30:34.012+01
20	pbkdf2_sha256$100000$T0MA996e22Ej$S4TLLU9jdkjhhy3BqtKEk19nHbnjgAYKGiqzkHGsk08=	2018-10-23 15:59:34.507+01	f	acavas			acavasgarcia@gmail.com	f	t	2018-10-23 15:59:34.387+01
21	pbkdf2_sha256$100000$L4AU2C2bNks3$hb1apAT1aXAGDGaNb4KuAP8yBSsFaRXPo74S2/QJgL0=	2018-10-27 09:58:14.591+01	f	canertmz			canertemiz96@gmail.com	f	t	2018-10-27 09:58:14.444+01
22	pbkdf2_sha256$100000$K4ixwXxgYw5A$dHNhIUmeY3KGzhIJKS5hXcDwmGf0ZGDR+nxDOvYEYNI=	2018-10-27 17:47:33.816+01	f	RAHG			ingrafaelhernandez@gmail.com	f	t	2018-10-27 17:47:33.655+01
23	pbkdf2_sha256$100000$JpBoOp5MytZ1$YLe7LouUpBN/abd4cRtBvY2gKrETRhFYLW3G80v09YY=	2018-11-04 16:00:41.68+01	f	Oerlemans.b			oerlemans.b@gmail.com	f	t	2018-11-04 16:00:41.542+01
24	pbkdf2_sha256$100000$whk5iYszzu4B$chRT3847s9VOkz/1506f0kxVJg0TR7Wa3br9P9U8/tY=	2018-11-06 10:49:59.273+01	f	tuckerleur			concisoruel@gmail.com	f	t	2018-11-06 10:49:59.15+01
25	pbkdf2_sha256$100000$ZmKgxk9UWUd6$ltQMM9+C9Cf0mLM3BENhFWDkLAByp/GMw+CX3k3Ezi8=	2018-12-03 11:11:06.92+01	f	usertest			usertest@gmail.com	f	t	2018-11-11 15:37:11.164+01
26	pbkdf2_sha256$100000$psJHkruJYhPR$BHfpOK15hF+Jt93/vJ8+yOyV8JWI9y+z2gWia85wVQQ=	2018-11-19 21:58:51.687+01	f	vikkyprashad			vikkyprashad@gmail.com	f	t	2018-11-19 21:58:51.572+01
27	pbkdf2_sha256$100000$AZTVWQ3DY8oN$KVQGCXktmWjG2LYaxkDYylX/0OzCaPdgEq+1s66T5SA=	2018-12-15 20:37:48.08+01	f	Allani			allani.mohameeed@gmail.com	f	t	2018-11-20 22:34:35.451+01
28	pbkdf2_sha256$100000$FpuSjdMxhP1v$8vK/xR60ydtgFM1w27Fwwpk0c+tS4Tk+d+q8ww/tAp4=	2018-11-21 08:06:29.433+01	f	jhorvei@msn.com			jhorvei@msn.com	f	t	2018-11-21 08:06:29.305+01
29	pbkdf2_sha256$100000$GX6gvo1WL1jt$hJ/R8atUyQOZwwozSGOIiGy8p3t01AWGfqh9D57m0Qo=	2018-11-21 14:05:11.63+01	f	moniabaccar			moniabaccar@gmail.com	f	t	2018-11-21 14:05:11.513+01
30	pbkdf2_sha256$100000$zI9IuWcPI0qe$mLrdsAYjvSdrDQ24DcY0mMEOOniT80w+Ew9q64eZlRc=	2018-11-22 19:05:02.142+01	f	Monarig			monari.giovanni@gmail.com	f	t	2018-11-22 19:05:01.945+01
31	pbkdf2_sha256$100000$hYOw3wItCGVh$jHKTAmmUfyQwUbzX9L7QeIiANmkCmpcDlNcMT45lHss=	2018-11-23 17:25:16.12+01	f	Maikeruodo			ArchangelM97@gmail.com	f	t	2018-11-23 17:25:15.973+01
32	pbkdf2_sha256$100000$0QJFSzRCiZYG$roDULOgr6erZV/hzQ8lt1lPQK2d8DV9EvRsD40Hj21o=	2018-11-23 17:47:12.919+01	f	Maikeruodo97			ArchangelM97@gmail.com	f	t	2018-11-23 17:25:57.309+01
33	pbkdf2_sha256$100000$ZNzQwYRW5v13$XxyeZQYaUS4yURAoR0PwW05lJz2eSaL7hBRkVlqHOTQ=	2018-11-24 04:08:37.874+01	f	Felix			felixmonteza154@gmail.com	f	t	2018-11-24 04:08:37.754+01
34	pbkdf2_sha256$100000$MSKXJak7812K$2HtsX5wjJDN9EGaosw5DwcGKt8HeT0cqzx6LnQ/E4oU=	2018-12-01 04:42:30.209+01	f	Abhishek1234@			abhisheknnd764@gmail.com	f	t	2018-12-01 04:42:30.093+01
35	pbkdf2_sha256$100000$i0eK6QHoTKc7$q6giNDwyniGN09/8GIXPb6f7xGOeF0VoPbg+Ss0+7MA=	2018-12-01 08:41:39.168+01	f	manojkum			svmanojkumar2580@gmail.com	f	t	2018-12-01 08:40:25.638+01
36	pbkdf2_sha256$100000$L2XNWA7ouXOJ$jbhuv8jYM47C4Zsz77ytRG3C7mEBjuGQ0varRAWXhy0=	2018-12-02 12:20:01.684+01	f	Hassan-Elalem			hassan.elalem@yahoo.com	f	t	2018-12-02 12:20:01.505+01
37	pbkdf2_sha256$100000$tAc94OADaJh0$uzn2T0KycGbxm5+5sUK+TpAjTEntUfiIuOCOkMIk55A=	2018-12-02 12:28:51.51+01	f	erikkergand@gmail.com			erikkergand@gmail.com	f	t	2018-12-02 12:28:51.345+01
38	pbkdf2_sha256$100000$mvQX355uR8QA$cA0BUmTIfY8wcCy0fiAM3q7QqKAr2w6THNfKIgRAhSU=	2018-12-11 02:26:10.664+01	f	Lico			lico_2012@hotmail.com	f	t	2018-12-11 02:26:10.459+01
39	pbkdf2_sha256$100000$VF8lg0dWeiz4$sGQZ4a+4rhTEKJlTPIkkO5rkAoLG8MsisKtVI/eEQ8w=	\N	f	ayar96			ayar96@hotmail.com	f	t	2018-12-12 02:27:43.766+01
40	pbkdf2_sha256$100000$QXW13YRsp5fd$VXl2cGO+zI9wPXpc2Xk7l24iOGpLvvWM4SByvomPzhA=	\N	f	ayar1234			ayar96@hotmail.com	f	t	2018-12-12 02:28:28.544+01
41	pbkdf2_sha256$100000$5zcFHy7dhaa2$cP5bA2MKaBbEp1F4S3F3+aLHnHk3Ro2lgRAsB1z+G6M=	\N	f	mohammedayar1472			ayar96@hotmail.com	f	t	2018-12-12 02:29:13.257+01
42	pbkdf2_sha256$100000$cyJUg8B71Ymi$sVFkRh2dp6zf27YfX227UpyfoS6ueBeIHrq/ZI2poAs=	\N	f	qwerty9173			ayar96@hotmail.com	f	t	2018-12-12 02:30:31.01+01
43	pbkdf2_sha256$100000$p0yi6e1IDB76$6s82oG6dqCWEjggUwBtZWj/SDMC6dqLUHVKuwml9/Ls=	2018-12-12 05:11:37.412+01	f	baduvn			1870101@hmcut.edu.vn	f	t	2018-12-12 05:11:17.118+01
44	pbkdf2_sha256$100000$dMt6PVypOI2K$75s1fDDcXqRNZ95+CmP54GagKSObZLhaqEK4TsUTNSI=	\N	f	naylintt			naylintt@gmail.com	f	t	2018-12-12 06:17:03.422+01
46	pbkdf2_sha256$100000$JofmNU87r5vv$mV6JVXZvukwchvfTl0gN0ij7p8PVzZPCj/GWDu6MccI=	\N	f	rached.elfatmi@enit.utm.tn			rached.elfatmi@enit.utm.tn	f	t	2018-12-12 12:31:51.859+01
47	pbkdf2_sha256$100000$sneD2HcBThZH$YFcECw+8lge6gILNcwlliI00iDoHYMkKC2CzH4K3w5E=	2018-12-13 08:48:48.857+01	f	rachedelfatmi			rached.elfatmi@enit.utm.tn	f	t	2018-12-12 12:32:32.828+01
50	pbkdf2_sha256$100000$UB3QeNOQ14HG$rE3grvIH12vDklWpz45CUULqaRacGDJyU85B2Wu8aNI=	2018-12-12 21:44:18.169+01	f	ccampanya			carles@cvarq.com	f	t	2018-12-12 21:44:18.033+01
51	pbkdf2_sha256$100000$GyspCf9cGRTE$8Z1Qm/Vx4hrIwUocnXdudF8mSGrzcNXZmCYTvu189f8=	2018-12-13 00:28:15.242+01	f	Leooo			leoliswag@hotmail.com	f	t	2018-12-13 00:28:14.343+01
55	pbkdf2_sha256$100000$95gzbN0jXHJP$cmWQPW4XgVRZ1q5hWtdvvkCfRPFptsu/RoAP9ekOEEU=	2018-12-14 19:07:21.028+01	f	robertadams1206@gmail.com			robertadams1206@gmail.com	f	t	2018-12-14 19:07:20.905+01
57	pbkdf2_sha256$100000$lX2qY64ptICk$jfgdBQQvuwhAWnBR2L5Nhs6UYedy/dtUBRHYr/v4M5Y=	2018-12-23 13:19:46.526+01	f	enraland			enraland@espol.edu.ec	f	t	2018-12-14 21:51:27.218+01
58	pbkdf2_sha256$100000$8NWKMarwnc9R$KDehau5PGDMENXvfoY1Xc1LwZRFx15nUTnV8w9rP2xQ=	2019-11-03 20:07:12.678+01	f	alihossam98			alihossam_98@hotmail.com	f	t	2018-12-15 11:49:58.783+01
59	pbkdf2_sha256$100000$PYZU3lV0LJLm$iUU5cs6kjMzYFd2/FRscVvhliKgHksNSNnX3LD9UR+U=	2018-12-15 12:32:43.379+01	f	Alihossam_9th			Alihossam_98@hotmail.com	f	t	2018-12-15 12:32:43.262+01
60	pbkdf2_sha256$100000$eZlNTexH8DNX$MK/7GHBxUppndIlphtYzoanbTIKmWxABzTaXxZh9tck=	2018-12-15 13:53:47.683+01	f	Abdullatif			abdalatifalkordi@gmail.com	f	t	2018-12-15 13:53:47.555+01
61	pbkdf2_sha256$100000$G336ssadrEaC$yfmRTfT/fm0LDTqbQWnKXqFDnnHU+9PdSkeyFznUVlQ=	2018-12-15 16:44:22.504+01	f	Justin			inventingvices@gmail.com	f	t	2018-12-15 16:44:22.373+01
62	pbkdf2_sha256$100000$19Y8kRYx8IxK$HlGWcc/MboqgqhOy5y7QiGFoW2hTyxWdIONMMCrTmSc=	2018-12-15 20:01:34.38+01	f	Lenny			leonardnzeh@yahoo.com	f	t	2018-12-15 20:01:34.226+01
63	pbkdf2_sha256$100000$vKxgMSp7rbKi$+Sib/MCzZ81pTH/lzK/94f92d5ujknIIy4WWpi3Dneg=	2018-12-15 21:59:18.322+01	f	Jodbash			jod.bash@yahoo.com	f	t	2018-12-15 21:59:18.194+01
64	pbkdf2_sha256$100000$g4ZTaj7PNQoh$AvRiP3fp/WTSG3PVxPEWZXtnv0GLMPc8Wm0jVN+wrlU=	2018-12-16 01:32:01.157+01	f	u2			u2@gmail.com	f	t	2018-12-16 01:32:01.043+01
65	pbkdf2_sha256$100000$nljr233EKGZ1$s+vMg7YqQ4LQzohw8lTmsgVGRRZKUZRt6Gq9lPPNo1Q=	2018-12-16 14:11:12.956+01	f	khandem45			khandem45@gmail.com	f	t	2018-12-16 14:11:12.842+01
66	pbkdf2_sha256$100000$Wl5f1fuzXBhy$dW/lyP58VXVGn6vbK3Jll9KsoruXsCqrL5ZWjRalWz8=	2018-12-16 16:18:58.449+01	f	jahir077			jahir077@gmail.com	f	t	2018-12-16 16:18:58.332+01
67	pbkdf2_sha256$100000$8LK0wWGu3i9R$7pbX2hnfxBhYur31Pd4pimO98lXQTlaJDd6CghkYwF8=	2018-12-16 23:00:46.625+01	f	Diaaemad			elzaeem1971@gmail.com	f	t	2018-12-16 23:00:46.508+01
68	pbkdf2_sha256$100000$dVrcCRnb1Bo1$vusuTmi3h+HwXNrimWYXBYQiZ2jOaIBRBKYDwCcht6o=	2018-12-16 23:14:06.333+01	f	omaramin			omaramin858@yahoo.com	f	t	2018-12-16 23:14:06.223+01
69	pbkdf2_sha256$100000$4BQuFl91iZh0$4fIDDnhW4yEvgO3ZC+/PCvfCpBkVCPYpS6ycx+tW0/4=	2018-12-17 00:49:49.416+01	f	Ali			ai1339@fayoum.edu.eg	f	t	2018-12-17 00:49:49.297+01
70	pbkdf2_sha256$100000$2qFSoHGZoPHI$ndF4Yf7bqDevy6d11QKvR+j+dEs/DsbmUWIJ3MTkv70=	2018-12-17 01:50:39.204+01	f	ijjfdiashjfdhjb			ihudshijdjds@gmail.com	f	t	2018-12-17 01:50:39.077+01
71	pbkdf2_sha256$100000$JLkuegW875a2$donHbsnLLkkwP8R6Lrsfqi9Z45kPwXzMfza58kbEymE=	2018-12-17 02:51:38.373+01	f	Fares			Faresaselem@gmail.com	f	t	2018-12-17 02:51:38.249+01
72	pbkdf2_sha256$100000$fAGGDTCqFg8f$QBOJJxdDP92nVeA9Is1XAEyRaGOvzcMY2jE6U5aLbaU=	2018-12-17 04:16:43.988+01	f	illyanie			111yaniezaudin@gmail.com	f	t	2018-12-17 04:16:43.875+01
73	pbkdf2_sha256$100000$NVPPszAy2CMn$iDbsHidjJ4YT51TkckoPb21arxFxrNzza06JxnWN02M=	2018-12-17 08:10:30.817+01	f	Ahmed123			aa4464@fayoum.edu.eg	f	t	2018-12-17 08:10:30.707+01
74	pbkdf2_sha256$100000$R0g42pF8mAVW$d1vGpf+3omosdS0wS7hYgHBk0cuphZHGAKHx5XjpnbU=	2018-12-20 09:58:05.099+01	f	u17_12			u17_12@gmail.com	f	t	2018-12-17 18:05:06.732+01
75	pbkdf2_sha256$100000$TODw32oiby3D$gUm2pxQsRgPCiLy4+t/kadJ6rcUuwtG6+xrWkgPqiEw=	2018-12-17 18:37:14.928+01	f	Salman123			s.dhroj987@gmail.com	f	t	2018-12-17 18:37:14.779+01
76	pbkdf2_sha256$100000$qYccYITZBWTG$EGfzFMnbpAuHs20BMKjtNbz9IccD45ZjY40HxmNY2zc=	2018-12-17 19:47:59.297+01	f	Amir412			amirferizovic@live.com	f	t	2018-12-17 19:47:59.183+01
77	pbkdf2_sha256$100000$t3dFoRRRyNDS$ckTxYDnUo74P7nraLiKkiTCz6Ai8+uUFUPiaLwir10M=	2018-12-18 12:12:42.534+01	f	kalabala			khkamel66@yahoo.com	f	t	2018-12-18 12:12:42.405+01
78	pbkdf2_sha256$100000$2yQe39MIbCo0$LkQRb+qVZa7+LQr+hgiP50PnzZrIzC2+6yGAeqAEr/U=	2018-12-19 14:27:58.002+01	f	fvaldez			fransus.valdez@gmail.com	f	t	2018-12-19 14:27:57.877+01
79	pbkdf2_sha256$100000$C3TWrcn3PToK$jviXbSXTHwvIB6XBYYoJu5Khh+fUXS9l6rfNc6dFCRA=	2018-12-20 19:38:34.917+01	f	Vignesh			vignesh02vg@gmail.com	f	t	2018-12-20 19:38:34.794+01
80	pbkdf2_sha256$100000$bfTp65PIiMFF$HTYcKAzqfoEZDnoCJMO7Lus0Gh0R5AkefqIh8j7wSpA=	2018-12-22 12:39:26.719+01	f	dvaf			dvaf12@gmail.com	f	t	2018-12-22 12:39:26.608+01
81	pbkdf2_sha256$100000$IvmplSCE2QFV$zv6O4DmKMLVMSZASlLBPirwi5uAEiJXpfIN7Cy8qS0U=	2018-12-22 17:48:11.513+01	f	amani			dabdooob0@gmail.com	f	t	2018-12-22 17:48:11.401+01
82	pbkdf2_sha256$100000$sSDYNjJaikeT$7K49zhrixe1NmGZj9Wkj07aXoQvJzTn2KdPFnx0Fb+4=	2018-12-25 06:37:30.877+01	f	Sait.92			saifrezgui1962@gmail.com	f	t	2018-12-25 06:37:30.758+01
83	pbkdf2_sha256$100000$ZOuvTfoO2XnM$eZc3UZJIBQXpsP7HNSiojrsSVohzegE9KMe68eW7Sek=	2018-12-26 15:41:45.531+01	f	Stipe			stipe_zubcic@hotmail.com	f	t	2018-12-26 15:41:45.395+01
84	pbkdf2_sha256$100000$nUOEdk0C0JHP$4i1ELnlUEgk1Z8yKQ1wUMK8ON8VX5x5Rz3EHLu5Qrhw=	2018-12-28 00:06:16.4+01	f	Richard_Weng			richard.w.weng314@gmail.com	f	t	2018-12-28 00:06:16.265+01
85	pbkdf2_sha256$100000$Pj6ukvBot6UG$PLYT7LrxNlUbEmcVsxptuUd3eizUvvG1u9paM91bFVQ=	2018-12-28 13:02:33.47+01	f	andrej.plevnik			andrej.plevnik@enerkon.hr	f	t	2018-12-28 13:02:33.353+01
86	pbkdf2_sha256$100000$V8Z4VjUXbIGV$arA8AC4GoIF0dOCrDL+MKNxQptnFrwJE2AdrJPbISDE=	2018-12-28 19:02:34.894+01	f	WolfVSP			vsppanha@gmail.com	f	t	2018-12-28 19:02:34.767+01
87	pbkdf2_sha256$100000$XnC1ztULQJOj$DdiH2VecobXdXp2FcCMCEEb+4GqnrbLCSwuSUMBaUP8=	2018-12-29 07:02:07.51+01	f	Astianas			kerim.abfarrouk@gmail.com	f	t	2018-12-29 07:02:07.4+01
88	pbkdf2_sha256$100000$pG8eNQLHoLwV$fr8e2ZKJSNbGt8yNRLVKBibBFfrRvxAO3rUKqLhNj9s=	2018-12-30 04:07:30.212+01	f	csy711			csy711@naver.com	f	t	2018-12-30 04:07:30.081+01
89	pbkdf2_sha256$100000$PPPLgfM2CApJ$Gw+Y+mtYI+VrZrK7IJfTdm7cduQs0LuR2iOjT3JPa40=	2019-01-01 04:54:13.92+01	f	Tygerzeye			tygerzeye@gmail.com	f	t	2019-01-01 04:54:13.808+01
90	pbkdf2_sha256$100000$s86lPKUoKFFY$Lf3BDSG7eSHd7kJbajVUnOHwR2u3qkBJvNY3G/lbO1Y=	2019-01-03 07:23:31.158+01	f	nwokediuko007			nwokediuko007@gmail.com	f	t	2019-01-03 07:23:31.038+01
91	pbkdf2_sha256$100000$tDW4kzjhNxno$JZuS6fB5GCjDMv8ZdNF8lzQlTmd/YZ+4Lves5Gr9TcM=	2019-01-04 16:43:00.17+01	f	Sndpkk			kaushalsandeep43@gmail.com	f	t	2019-01-04 16:43:00.056+01
92	pbkdf2_sha256$100000$UbxIZ8hOwACJ$H/W93uAQBOMsDalVd5xD2lskwzQLQmcgU1a576JEXlA=	2019-01-07 05:59:08.79+01	f	Dodghy			jfgdonald@gmail.com	f	t	2019-01-07 05:59:08.656+01
93	pbkdf2_sha256$100000$xLzkQqzrEx8R$8iXDT84TPwxaiX/U5U9j7tmB+OmpWYiNYUxVtg8zo8k=	2019-01-08 14:15:15.655+01	f	mogol			balint_bgd@yahoo.com	f	t	2019-01-08 14:15:15.526+01
94	pbkdf2_sha256$100000$TurQcvf3DH00$sNnqScQQOHLGsO2SO4581tAL6jeQag6bzke9pzJ1Ms0=	2019-01-09 08:42:27.843+01	f	algerance			paologerance@yahoo.com	f	t	2019-01-08 16:04:11.066+01
95	pbkdf2_sha256$100000$7INNgnUMHncI$FKKC2iPaEdquPVwd9Mt9bRcJWhFI5R4PFfH53MixZng=	2019-01-09 03:08:38.647+01	f	Rakeshchunchu029			rakeshchunchu029@gmail.com	f	t	2019-01-09 03:08:38.513+01
96	pbkdf2_sha256$100000$TN3IDPYXfVUQ$ZZzKZJYD8WztQaHgO2e4WW/B+/Fx3Z0I6FPG0QKObwI=	2019-01-09 14:39:49.771+01	f	Maxikoe			maxkoerbs97@gmail.com	f	t	2019-01-09 14:39:49.617+01
97	pbkdf2_sha256$100000$vYtdmEkZpty2$jyRuz00IudrZnRHy7uh9XS8cDA4XsVoxQl7LUEYdbic=	2019-01-10 21:51:03.124+01	f	@Alexk72			sofieng72@gmail.com	f	t	2019-01-10 21:51:02.978+01
98	pbkdf2_sha256$100000$WLEge6KoSww5$5ebv3ysaNCPn+YtyBpvaxedvPbZMzbjRctTIEy+02uo=	2019-01-11 17:07:05.878+01	f	Toto			ct_stef@yahoo.com	f	t	2019-01-11 17:07:05.742+01
99	pbkdf2_sha256$100000$ztyDFIxH8XUE$o9ObCFt2FUgQqJ0IpMzbQr94kDC0Voj/cAfJiFscWbs=	2019-01-13 09:41:46.895+01	f	Gdgillies			karoxservices@gmail.com	f	t	2019-01-13 09:28:58.07+01
100	pbkdf2_sha256$100000$NI5BdtClZkZZ$LYZd2hvOEK0+FUw6Lzeoyn2o9aNl3mrs3uEf341fMR4=	2019-01-14 20:02:06.932+01	f	aornprapa			little96civil@gmail.com	f	t	2019-01-14 20:02:06.814+01
101	pbkdf2_sha256$100000$wSoYMBW4KgP8$6XplUTTFbY38GhuUwKI2+dUctPwbalML+3XSI2sXLSU=	2019-02-19 17:50:41.865+01	f	labebrefat			labebrefat888@gmail.com	f	t	2019-01-15 14:52:38.155+01
102	pbkdf2_sha256$100000$Sp5B7NMcemcY$P62Oh3rd/Uecrt1Rc/vG3QOs1VnI+8FIaX4sMJYPAK0=	2019-01-16 03:33:33.995+01	f	Laithalkhatib			laith99.alkateeb@gmail.com	f	t	2019-01-16 03:33:33.881+01
103	pbkdf2_sha256$100000$tUwZrPrwxrM2$9MU8uHg2WVDSeAgRiks7eRmiPlRWvooTrTpnxZxLhdk=	2019-01-17 04:30:22.638+01	f	LJ0327			bersalonalesterjohn@yahoo.com	f	t	2019-01-17 04:30:22.507+01
104	pbkdf2_sha256$100000$5wuMaMfXckc4$F346RZi0xHQNuBCykUFDDna/hTKLvH+afDZAGUCezn0=	2019-01-17 17:09:54.01+01	f	Ngobeh32			anthonyngobeh32@gmail.com	f	t	2019-01-17 17:09:53.826+01
105	pbkdf2_sha256$100000$6jaiPhSPbBwT$1MOGOtKX0s21InWqTtXg4BM8FVxYBmAI+7RsLppmynM=	2019-01-19 12:43:43.751+01	f	babhulkarpr@rknec.edu			pbabhulkar3@gmail.com	f	t	2019-01-19 12:43:43.637+01
106	pbkdf2_sha256$100000$uR5Soh4GbKFy$RsIQ6LAiirA1wbEYxsKKAVmGq7D+sDLJ/snD3S5VKok=	2019-01-21 12:16:13.046+01	f	Abdulqaadirjeelan4445@gmail.com			abdulqaadirjeelan4445@gmail.com	f	t	2019-01-21 12:16:12.932+01
107	pbkdf2_sha256$100000$m6mcAWzi1GDK$KmTMs9D5tH0ZuhKFyvhdkVfLlasap3HjjtV5F/+V8bE=	2019-01-22 12:53:42.571+01	f	Aditara			maditaraginting2711@gmail.com	f	t	2019-01-22 12:53:42.458+01
108	pbkdf2_sha256$100000$NHwX0KbAEieD$y0n05Or62ZCDGASvB8v+OAZgDDGu7r4W1fXpuF+fJn4=	2019-01-22 15:18:19.338+01	f	Nico			nicoewa@ewa.com	f	t	2019-01-22 15:18:19.195+01
109	pbkdf2_sha256$100000$6QCkifQhS9Ua$8XwWSSM0Db2zkaaST3mdyOGnLgUgGVtZqBX8JlUxsDY=	2019-01-22 18:53:43.658+01	f	lkilint			lkilint@gmail.com	f	t	2019-01-22 18:53:43.546+01
110	pbkdf2_sha256$100000$ratF04XCf3mC$qAfJg/B0oTNHgmODL66KMjX47OqG2J+mH29kJdB85DA=	2019-01-23 02:26:46.801+01	f	Fabiano.1305			oliveira.fabiano.1305@gmail.com	f	t	2019-01-23 02:26:46.691+01
111	pbkdf2_sha256$100000$HXoeo5SPBQfz$frC/HDdQx8c7VPjPsKTgPp2VpYve1YRCkTYfaG1nC0k=	2019-01-23 08:29:26.07+01	f	Santoshkadam			ksant26@yahoo.com	f	t	2019-01-23 08:29:25.956+01
112	pbkdf2_sha256$100000$dSPvZbG79swu$Ex+WiLyg8Ph5iIfF9mj8Geu6GfyXbBsv3vVsgMvY5/M=	2019-01-24 19:15:42.065+01	f	marcopolo			gggg@gggg.com	f	t	2019-01-24 19:15:41.942+01
113	pbkdf2_sha256$100000$bVhdbmzyAT7R$yvpa2b1OQvezp0gYF0B9ezvmLcJ9Mz8A0KrGgR889IA=	2019-01-25 18:19:28.879+01	f	Chint@n131			makwanachintan123@gmail.com	f	t	2019-01-25 18:19:28.752+01
114	pbkdf2_sha256$100000$Ieye0NDJ87uQ$IZjPRwFJZmvz3GBUG4rlONJrdN5KgyiCEeNGX8um8p4=	2019-01-27 01:42:52.095+01	f	Gieo			uchiha_itachi0333@yahoo.com.ph	f	t	2019-01-27 01:42:51.979+01
115	pbkdf2_sha256$100000$lDtKwnJKj2ub$VHkMjFweT8NSQdRAkA9a2UJjUyK2jUrcSrCsZBDktcI=	2019-01-28 05:00:01.715+01	f	sentry			skwok@chunwo.com	f	t	2019-01-28 05:00:01.556+01
116	pbkdf2_sha256$100000$oGMNq44cXtve$X7OedglsP3UKXZ9Vnh3Gx2thhnGbrW9SXYbzO0nGbzc=	2019-01-28 06:35:56.853+01	f	trsraj			trsraj@gmail.com	f	t	2019-01-28 06:35:56.732+01
117	pbkdf2_sha256$100000$2YfEsiJx9Ymy$LB3i9rz7xtQAPTTS0WyGXsXr9P5cTiFd+ed4yeK7IAM=	2019-01-28 21:24:59.232+01	f	Kinza			kinza.noor.mangi18@gmail.com	f	t	2019-01-28 21:24:59.113+01
118	pbkdf2_sha256$100000$eJvv6cST6cgi$MeIGC/mM1M+BUoHo9k5eBhMs1aE/bD6RsL5zK4CN8tk=	2019-01-29 13:43:17.996+01	f	Hamza			hamzahmohiuddin@gmail.com	f	t	2019-01-29 13:43:17.857+01
119	pbkdf2_sha256$100000$OwAUDKMLKuPo$ceHO0fH2GVX7RKDuF7+h6zJTkTrZ4nceELpJ2qXt3ec=	2019-01-29 18:30:21.353+01	f	Aries13th			naylintt@gmail.com	f	t	2019-01-29 18:30:21.227+01
120	pbkdf2_sha256$100000$OIuT3b2A37Xy$0Qx9tp7QX3cM7JWtm7D74Wr/dEppdngBM8HDR+Z2LAo=	2019-01-30 05:27:09.132+01	f	7148@			ivortex@korea.com	f	t	2019-01-30 05:27:09.023+01
121	pbkdf2_sha256$100000$MER2UwI6Nju7$BUFRNe3BQL7D+cKk0UwgfoF5EGYoPYhZf5uDiSMkFsU=	2019-01-31 01:02:37.476+01	f	Gowtham			adusumilligowtham@gmail.com	f	t	2019-01-31 01:02:37.341+01
122	pbkdf2_sha256$100000$6fy41w1fZciY$vQC4OVyPWcQ0SyaSKbZ5BdNuL9v0LqeglPiosnOQWlo=	2019-02-01 15:44:08.719+01	f	Moin			moinhussain2011@gmail.com	f	t	2019-02-01 15:44:08.6+01
123	pbkdf2_sha256$100000$e57ldrKBsfMM$yCEEe+kLtrh0qBGWzbua3+nYw34em3tYusDYRcUf7Xo=	2019-03-28 15:16:44.362+01	f	Yacine			yacineb525@gmail.com	f	t	2019-02-01 19:17:13.316+01
124	pbkdf2_sha256$100000$36NuW4J9RP0s$jXQMrkffUXPmBJsc0ZzIA7M45axu32/f+Na7O5hTUi8=	2019-02-02 05:17:28.096+01	f	Isuhgim			st120214@ait.asia	f	t	2019-02-02 05:17:27.975+01
125	pbkdf2_sha256$100000$laep3YWLQktK$JK9UnVUMR5N3aWcjHwVXPImjAMTmCU+hV4mLM0lm76M=	2019-02-05 17:02:49.745+01	f	Subashsapkota			subashsapkota78@gmail.com	f	t	2019-02-05 17:02:49.631+01
126	pbkdf2_sha256$100000$WRECXCIFSc4W$SB2le8+X5Of3ercMGQbrw9YTSA8wyQrfd5P+cGMAPGs=	2019-03-06 23:16:11.32+01	f	Anthony_S_Cortez			ascortez613@gmail.com	f	t	2019-02-06 13:46:11.974+01
127	pbkdf2_sha256$100000$6F9Q21t4kKIn$fWfJpcpg1xPdivwJNgecah78L8kYgxKDKaOUS6/ofZQ=	2019-02-06 13:47:37.54+01	f	Kinger			engrtanzeeljani@gmail.com	f	t	2019-02-06 13:47:37.426+01
128	pbkdf2_sha256$100000$A6DM1bCgn6Tn$bRaQUifksiyHhOopTLExlXtqcY/DH8PadXf2DQvj46E=	2019-02-06 15:37:11.718+01	f	Hadimoh			hadimohmar@gmail.com	f	t	2019-02-06 15:37:11.584+01
129	pbkdf2_sha256$100000$k7X5PKTkTpyj$UCQoWqStw7gDApYQM+gIWRrkixSOnYCi7X5MbFPt1i8=	2019-02-06 16:46:17.436+01	f	jrivasag			aquisolotrash@gmail.com	f	t	2019-02-06 16:46:17.322+01
130	pbkdf2_sha256$100000$fwkLMjmudjEE$GzzdrYoTTdWj4h9tuJXrjEHjrcr/VSbokP3r3z2Zs6c=	2019-02-08 06:51:41.532+01	f	Talabi44			talabi44@hotmail.com	f	t	2019-02-08 06:51:41.415+01
131	pbkdf2_sha256$100000$ouAymNhxK487$CALr7hkzfVF2LRjMrxy6RldM+O6td6bhcPKttrjGZGo=	2019-02-09 18:39:51.96+01	f	Nil.karle			nil.karle@gmail.com	f	t	2019-02-09 18:39:51.822+01
132	pbkdf2_sha256$100000$PTth9zvhmFK7$2QK53eBSPyOW8RpdmJvmc/wVxiLeD6dcDdH+F2b4/bY=	2019-02-09 19:01:11.954+01	f	Divakar			s.s.divakar1998@gmail.com	f	t	2019-02-09 19:01:11.84+01
133	pbkdf2_sha256$100000$v3Qos38wznEu$Jc1PPg6kUig0CMOb2TA2wGk9j3+qv41V7ylJFHncKow=	2019-02-10 02:51:26.398+01	f	Wily5307			philila1005@gmail.com	f	t	2019-02-10 02:51:26.283+01
134	pbkdf2_sha256$100000$b5j0kqNXNUSp$mofbROWOAABMMd2Zaj5QmpecGD8WVcvShRGsieg4mOI=	2019-02-10 15:13:25.624+01	f	obaid123@			obaidurrehman231@gmail.com	f	t	2019-02-10 15:13:25.491+01
135	pbkdf2_sha256$100000$PgGwtr69mres$7QasJFmYH9cQiZl9ztNZacSK2uxfhp+W/ooYSTbLJUo=	2019-02-10 17:42:19.984+01	f	Ambrish.tripathi			tripathi8706@gmail.com	f	t	2019-02-10 17:42:19.863+01
136	pbkdf2_sha256$100000$9D3KkwOjV68K$KQUOL5hd9IU5ALaE0M+V5rHoSlq6guNqKI6dAxp1rTs=	2019-02-11 14:29:49.817+01	f	Jracosta			acostajoseph@yahoo.com	f	t	2019-02-11 14:29:49.704+01
137	pbkdf2_sha256$100000$RaHSOCO1tunB$93xw0h3HPok6ft476WGn7n5uW+d4cF9B559PwTGMq8I=	2019-02-11 20:03:13.317+01	f	Saeba			papper.nusantara@gmail.com	f	t	2019-02-11 20:03:13.192+01
138	pbkdf2_sha256$100000$1ZxNL78mlxaI$5csHQFUABN7LYVopXo8NjsK/1kNfvjYvC8UrqGUEyiY=	2019-02-12 17:27:59.462+01	f	pabitrakumar			puhan.pabitra2013@gmail.com	f	t	2019-02-12 17:27:59.349+01
139	pbkdf2_sha256$100000$H0ribUEz2SOp$KgxPJHTssl/J2oYoyXiLCcCMDQhSF8JcmTdh1oQvZNs=	2019-02-13 08:25:13.682+01	f	Sagar			m.sagarreddy1998@gmail.com	f	t	2019-02-13 08:25:13.566+01
140	pbkdf2_sha256$100000$ChpuIACWBr4c$r4TkkfcUR10oXk5rwUHNwpoxWB1LJyI6P9nblvlGHGE=	2019-02-13 15:43:16.097+01	f	relu59			relu59@yahoo.com	f	t	2019-02-13 15:43:15.979+01
141	pbkdf2_sha256$100000$MWNNHRhjKj4L$Yy05B7CQcmfZBBJZNtf0jqIGuSTjBxr//3jQQJbxox4=	2019-02-13 16:03:17.509+01	f	chef			navarroalliah10@gmail.com	f	t	2019-02-13 16:03:17.388+01
142	pbkdf2_sha256$100000$FFjOBHtZgRAf$T4BWiLsHzwbbGL+gaQP+xGxUqUAblwVyUbjcTkwmDGs=	2019-02-13 23:18:42.364+01	f	uknights62			uknights62@gmail.com	f	t	2019-02-13 23:18:42.252+01
143	pbkdf2_sha256$100000$dTTw0x98d8Eq$xIz9OOCZjaxzHgTJK0GfNuWmFrPYu+DjKxSC0QWw4Mc=	2019-02-14 11:09:26.395+01	f	D			vericdenisos@gmail.com	f	t	2019-02-14 11:09:26.284+01
144	pbkdf2_sha256$100000$YJVpewpeBvy7$qniCU2fq6lgjT3P1speRXc0mNQdaIuXetI2dsD6NPQA=	2019-02-14 20:08:58.613+01	f	Lokman			lokmanhossain978@gmail.com	f	t	2019-02-14 20:08:58.499+01
145	pbkdf2_sha256$100000$qgK3QtcM6TIc$tpTA5sV1eGXqAPkHcl0Wo38KcsnZFo/nOpK5bAygPPI=	2019-02-15 03:00:47.509+01	f	eg_fas			memoryx@gmail.com	f	t	2019-02-15 03:00:47.392+01
146	pbkdf2_sha256$100000$28GDCcOyZIVf$3y2iKHftX1QeXnTqEApig5AfUjdygNjjOG6qSSIRuIs=	2019-03-09 14:22:37.109+01	f	phurijit			phurijit@gmail.com	f	t	2019-02-16 04:03:25.513+01
147	pbkdf2_sha256$100000$926DsR1dF469$dwr2+NREKU2W7Hxk8HVzxbB1nFfhM/ynVMzxaydRCio=	2019-02-16 18:39:16.303+01	f	lamred			lamred14@gmail.com	f	t	2019-02-16 18:39:16.186+01
148	pbkdf2_sha256$100000$m8HZQiFLRe7S$pR5NLBkrICGlGdHYgI1et0nrQS/zlLvTmOIWuZGrs84=	2019-02-17 15:45:48.87+01	f	jjcarbone			jjcarbone_2@msn.com	f	t	2019-02-17 15:45:48.752+01
149	pbkdf2_sha256$100000$UxptVGG5gcbi$3F2Bg5NdXuNkkvKEhS+azkj2QuwQyz3ORkf762sjgdY=	2019-02-18 00:23:04.122+01	f	AhmedElganzory			ahmedelganzory123@hotmail.com	f	t	2019-02-18 00:23:03.996+01
150	pbkdf2_sha256$100000$NDHDXIfBkhjn$nUTdQm+jUF3ymo4nn0kEt7kLpe4eHhw659HnbPda6AI=	2019-02-18 13:03:46.493+01	f	Miro1951			r.miro1951@gmail.com	f	t	2019-02-18 13:03:46.383+01
151	pbkdf2_sha256$100000$zTwrWfl1OHZx$TEZWruTu2jhQavGa+BWTViq7xyIHC7sOKs3ENdTS7lw=	2019-02-18 13:32:24.333+01	f	Adrian			adriancatalincerbu@gmail.com	f	t	2019-02-18 13:32:24.202+01
152	pbkdf2_sha256$100000$No8IQatRtPUV$Ry5M6LSZhUmyUpVcOp6Gk8GDpk+vuCfYVynmrUaCVpA=	2019-05-24 08:27:57.591+01	f	Vicmende			vicmon2508@gmail.com	f	t	2019-02-18 16:38:15.765+01
153	pbkdf2_sha256$100000$5M5o7eeurMXT$au2F0x/3HfFwIFT65YLrMqLhxFAV3Nt20kSkaIdWJiY=	2019-02-18 19:28:13.298+01	f	shiva22			shivubellary25@gmail.com	f	t	2019-02-18 19:28:13.182+01
154	pbkdf2_sha256$100000$WAu8ttC3nn3T$B6SJhwjbJOFjQr61jvcrAkv1e2UCP0tx9OuKg0x3BGA=	2019-02-19 13:49:45.743+01	f	Moreira			maildojoaomoreira@gmail.com	f	t	2019-02-19 13:49:45.622+01
155	pbkdf2_sha256$100000$xUyfwhOyGBdk$NByG1W2x9yDlbnRGML4na5PzyRzAMlPt2MyL+M05X6k=	2019-02-19 20:29:44.392+01	f	sanahayat			sanahayat862@gmail.com	f	t	2019-02-19 20:29:44.273+01
156	pbkdf2_sha256$100000$jvLcIHRu48Y1$0joR2n5Qf8Z3UrVF4zuidsHDlaUHUYopcP/DZxSmifk=	2019-02-20 09:12:13.774+01	f	KALYANBROY			kalyanbroy@rediffmail.com	f	t	2019-02-20 09:12:13.646+01
157	pbkdf2_sha256$100000$zXEH8D8mzjY4$J7V5nws3s0u+MRwKq+AZF3YXqp5B1gfq7cHCBuHhDRI=	2019-02-21 12:08:28.594+01	f	Abubeker			abuesesmael12@gmail.com	f	t	2019-02-21 12:08:28.47+01
158	pbkdf2_sha256$100000$fmSHxM3uKZtA$7PIHRqg+r6oa0n496Ch9cV7DPKCmLuhShOYwMNYWJnM=	2019-02-21 19:15:02.26+01	f	Ujjwal			ujjwalghosh100@gmail.com	f	t	2019-02-21 16:30:24.235+01
159	pbkdf2_sha256$100000$6YCLB4YfeQou$pfJUry+gLcvu35FGVMM3nmEFXU3OKBct9ziaeaAIl6o=	2019-02-22 06:07:19.533+01	f	Karem200			karemfarhat@gmail.com	f	t	2019-02-22 06:07:19.421+01
160	pbkdf2_sha256$100000$lFF59vvO7RqH$N4mK5LQYR/62PfQjy3PIyxNu4Nyn/PHaVe+rFvFIizA=	2019-02-22 11:20:39.688+01	f	gino88			gino.pepa@gmail.com	f	t	2019-02-22 11:20:39.577+01
161	pbkdf2_sha256$100000$zUBGf0IWRydz$3z5eR4/lYfN/bO+mLUz03qhcR3PijLw4mugzRIBHB5I=	2019-02-22 13:18:42.884+01	f	Nitinlekule			lekulenitin5@gmail.com	f	t	2019-02-22 13:18:42.774+01
162	pbkdf2_sha256$100000$aJ2ElhYWI4e2$1wr/MJDwecrF3ylAkPI1oF/3/NCL82GaXSdmaiOAohs=	2019-02-22 19:09:28.651+01	f	Ilyaslims			ilyaslims@gmail.com	f	t	2019-02-22 19:09:28.519+01
163	pbkdf2_sha256$100000$zSWHJWhQJhFh$2PrGF/UGq7ZFK1vp/mm/I071x7Zbv005Bu4vf6OS5Z8=	2019-02-22 23:50:35.246+01	f	Mithlesh@123456789			mithleshkumar080397@gmail.com	f	t	2019-02-22 23:50:35.137+01
164	pbkdf2_sha256$100000$HXPelPWNCq6H$rFCCdTNeMQP7xJsXrsHjJYL8H3NcQKOJB6tCLq1d0G4=	2019-02-23 06:48:17.272+01	f	Kaganda			stefankags@gmail.com	f	t	2019-02-23 06:48:17.157+01
165	pbkdf2_sha256$100000$PwUAN0eXioiB$3K8O39rInTotFhfo0tkz5BdBkH6tdaM1UyI7UQaTti8=	2019-02-23 19:47:21.837+01	f	7691932284			ajaymandrai75@gmail.com	f	t	2019-02-23 19:47:21.725+01
166	pbkdf2_sha256$100000$N4sQFOgeTBGJ$9w5irfkNR6Gjx6LFwmQAhXzpTQJ1rpjAOau71gJF/9Q=	2019-02-24 00:02:18.362+01	f	gabriel2715			gabriel___matos@hotmail.com	f	t	2019-02-24 00:02:18.231+01
167	pbkdf2_sha256$100000$bNQa4iDQh9se$/CUg3JPLa+PVBLKUR99tY4ibON3J9ZKSMH+Q9kBw2TM=	2019-02-24 12:27:59.39+01	f	Mkotbamer			mkotbamer@hotmail.com	f	t	2019-02-24 12:27:59.275+01
168	pbkdf2_sha256$100000$wfryawi52XuZ$/TZBAajKA5FcbFatN+KDhjODkzHbfEES6mQamuZdBKI=	2019-02-24 12:53:17.861+01	f	Diego.Pereira.Chamorro			dapereirach@gmail.com	f	t	2019-02-24 12:53:17.75+01
169	pbkdf2_sha256$100000$g7Lx2s6OYoqN$yCVs1KZ+it4owAdHOaqaqgPQVT/J70Hj8GFb8B5KdS8=	2019-02-24 16:19:08.742+01	f	RenuPrashanth7022			renuprashanth1286@gmail.com	f	t	2019-02-24 16:19:08.627+01
170	pbkdf2_sha256$100000$VvzsUoD7w4Jn$OsAKNgLX39PCRJ13ereLTAFrjexoAqLpSPxhqxhhgWM=	2019-04-06 16:48:12.372+01	f	zeyarwinn000001@gmail.com			zeyarwinn000001@gmail.com	f	t	2019-02-24 16:28:30.408+01
171	pbkdf2_sha256$100000$OkwL8AWiAM9I$iTlEiG6q8ij/H1wIg0M1Gyp/qQ5VARiQPhWNZMr7pR8=	2019-02-24 21:28:07.275+01	f	shakatan1			shakatan@outlook.com	f	t	2019-02-24 21:28:07.163+01
172	pbkdf2_sha256$100000$V8S48icfpOfE$rKdWacr5q8zlg7rFtTS1dd6xicEDa5lsfUq1jRIQIOA=	2019-02-25 07:41:55.184+01	f	KhantWinThant			mgkyabann1234@gmail.com	f	t	2019-02-25 07:41:55.071+01
173	pbkdf2_sha256$100000$zwQJuIwIhfdI$zglyHu+hXADGQfUE/fBegkdgxWWG6VhLksFp/tDYbKQ=	2019-02-25 17:44:44.859+01	f	Ashik			cashik30@gmail.com	f	t	2019-02-25 17:44:44.747+01
174	pbkdf2_sha256$100000$P38verYctD5s$yCve8RGoGWn5ieGP6UTVFxJvBfL6/WQifwlsqy5rzEE=	2019-02-26 15:40:20.62+01	f	Soulless			Saulesasv@gmail.com	f	t	2019-02-26 15:40:20.497+01
175	pbkdf2_sha256$100000$I6rt3k7te2lk$ddUMyDOvLg+fTU5jG1+cTZ0rwerD/w0LJYUNuCd9PDg=	2019-02-26 16:45:09.504+01	f	wildaniyusfi			yusfifun@gmail.com	f	t	2019-02-26 16:36:10.6+01
176	pbkdf2_sha256$100000$PFWQ8oY2Ntbg$oQAM/AFkRIH3+b4ugJYbRHxUwUGQ/Kz+oTavi0QaitA=	2019-02-27 12:05:27.594+01	f	Surbhi@123			surbhipandya94@gmail.com	f	t	2019-02-27 12:05:27.479+01
177	pbkdf2_sha256$100000$hkkGJochmcmw$zdqZk9g1wzeTJnCU7ozeJ2EWbxuxoqFehWN3S12S4J0=	2019-02-27 20:23:38.926+01	f	briparrish			parrish.kiara1198@gmail.com	f	t	2019-02-27 20:23:38.784+01
178	pbkdf2_sha256$100000$YvZ4n01zPzx9$tO/3r2OfgwLcZAVhpB4k2RQ+kkkjS1CquB+dfba/5Rk=	2019-02-28 12:32:03.505+01	f	Georgeangel			georgiosgeorgopoulos85@yahoo.com	f	t	2019-02-28 12:32:03.387+01
179	pbkdf2_sha256$100000$oCXSaqJQM496$PMPeMX6JApPctBUDS1N3s2sl2DcbVsLXKGGg2PMUdbY=	2019-03-01 23:19:22.028+01	f	Kareemabdlrazik			kreemabdlrazik7@gmail.com	f	t	2019-03-01 23:19:21.901+01
180	pbkdf2_sha256$100000$rlwApbxdhqrO$20qJDvHoEmP8d/7vXTJp9s1o5PI33eOm9uAOULSaO6E=	2019-03-02 07:38:24.552+01	f	fengshuigmg			fengshuidesign@gmail.com	f	t	2019-03-02 07:38:24.442+01
181	pbkdf2_sha256$100000$D8q2hIj6ute5$txnblzlRgO1BfeIKNx059isDSN+VMhQs0nPwdgcAHPc=	2019-03-03 08:59:15.09+01	f	afaridw@yahoo.com			afaridw@yahoo.com	f	t	2019-03-03 08:59:14.978+01
182	pbkdf2_sha256$100000$QYpnd281j98t$yYQozJVnpHQW7uYbCW/bBZ2yXl8AfgWkcaOQUBp5fU4=	2019-03-03 12:28:42.021+01	f	goutom			cgoutom@gmail.com	f	t	2019-03-03 12:28:41.893+01
183	pbkdf2_sha256$100000$qm4DIcWZi6pY$kOjcdb0cV/HYRXBRtahsCoufpZZA+EWXtx4FxK6i7T4=	2019-03-04 10:07:10.002+01	f	Fanta			fantasiera123@gmail.com	f	t	2019-03-04 10:07:09.869+01
184	pbkdf2_sha256$100000$937DaTYXO7Ob$dpxcogdy9iMvi/XfcJ2G+9jsjDHLln39I47vIxuHkjU=	2019-03-04 13:10:48.31+01	f	blank12			sticko.lazar98@gmail.com	f	t	2019-03-04 13:10:48.174+01
185	pbkdf2_sha256$100000$ExcHewSaUCpI$+2oLyHd6OpRaCxmsLzijBhvSAijwV/B78lOocmlnrO0=	2019-03-04 23:03:23.513+01	f	Rcolin			rcolin.747@gmail.com	f	t	2019-03-04 23:03:23.375+01
186	pbkdf2_sha256$100000$8lUEPLK0Zzau$K0J0Vo+b4nQsFbAJyyF8N9bIW3zZulbwTDgk44i9nec=	2019-03-05 06:16:04.725+01	f	Sherif			sherifsalim97@yahoo.com	f	t	2019-03-05 06:16:04.608+01
187	pbkdf2_sha256$100000$QFHBEhlyMfoo$2qawBbnaimdSdja/QdKlXfebEEHSkATApkcF+OZm16E=	2019-03-05 10:03:19.762+01	f	Gil25			gilsmol91@gmail.com	f	t	2019-03-05 10:02:51.822+01
188	pbkdf2_sha256$100000$3SuUljly1SAa$tOi7/u+IsvtEXJRHf7FReed9JdppKDltbkaOnZ2snLc=	2019-03-05 18:04:15.172+01	f	jazzieman			jazzieman@gmail.com	f	t	2019-03-05 18:04:15.058+01
189	pbkdf2_sha256$100000$ZRv6CYwzbCKA$HNEsTdcA742o0AJk8eKODs/vTXtostSyqzRYX9j7Ym8=	2019-03-06 07:10:38.834+01	f	@James-aswa			jamesaswatech@gmail.com	f	t	2019-03-06 07:10:38.722+01
190	pbkdf2_sha256$100000$9eSVR4uPk21N$iqIRs807NxTUbk8kJo93cpjTphQKQgh1vmCyTJniYkA=	2019-03-06 17:04:02.571+01	f	Jokobodo			edi_si_genius@yahoo.com	f	t	2019-03-06 17:04:02.446+01
191	pbkdf2_sha256$100000$ENqbfYiFVb5O$XiVyMzOtOwYGbU2xSZ3IbjKDNYPGckn97yCzDjxn1MQ=	2019-03-06 17:08:50.82+01	f	Dj_poer			djpoer86@gmail.com	f	t	2019-03-06 17:06:54.695+01
192	pbkdf2_sha256$100000$9t9lgkQvtKj5$MSeWsFyJlCv3ctDGGC6xgpyETXR87BX3RgIjB3KdYjI=	2019-03-07 00:50:51.513+01	f	habeebah			arihabib77@gmail.com	f	t	2019-03-07 00:50:51.403+01
193	pbkdf2_sha256$100000$1M7ycv3UXCMx$JzgW6q+xKoYQr3b+7CdD9F4TXtCJOTKXuVFso5l10qQ=	2019-03-07 02:31:56.439+01	f	Leoyleepe			leoyleepe@gmail.com	f	t	2019-03-07 02:31:56.297+01
194	pbkdf2_sha256$100000$xiruK53iEZcG$bYbgWnIoECJqeiNExLl1cQFOVn7tS3CTCabfkrAc4d8=	2019-03-07 14:23:40.105+01	f	Pietertjoens			pietertjoens@gmail.com	f	t	2019-03-07 14:23:39.991+01
195	pbkdf2_sha256$100000$Ec4qI9TTqXvN$6cEykt9c5QNPpyLRAxJfnTOBgybm5Kp86HxlRWp65QQ=	2019-03-07 18:32:54.603+01	f	helenoftroy			crnjevichelena@gmail.com	f	t	2019-03-07 18:32:54.489+01
196	pbkdf2_sha256$100000$em492SGz9AIN$HtELsoxlJyDB88oRO3tPmisMtyUw8VKN+ug/m/kw/gY=	2019-03-08 12:40:18.36+01	f	tsandeep			tsandeep2000@outlook.com	f	t	2019-03-08 12:40:18.242+01
197	pbkdf2_sha256$100000$iUQHZOQD3jz9$tBUDdn0dSStUKbNq2L3OX62v6XVpIDPpk0H4VqG6qMU=	2019-03-09 10:25:44.008+01	f	brown999			megabrown1@gmail.com	f	t	2019-03-09 10:25:43.893+01
198	pbkdf2_sha256$100000$gr9x7TPTKi8p$bsce253WF4cblnFVkezT/zb+vX0nlHZwWLVL0vj7n1A=	2019-03-10 01:08:47.654+01	f	Nemesio			gawadnemesio@gmail.com	f	t	2019-03-10 01:08:47.523+01
200	pbkdf2_sha256$100000$f2fhISn4677y$f3auxatchlin7eevAeUtUKDm/aqqFBTsrqzDop7sJS4=	2019-03-10 18:43:44.978+01	f	cat2009			cat20090000@gmai.com	f	t	2019-03-10 18:43:44.867+01
201	pbkdf2_sha256$100000$TIQYn8ynXM5O$Zx8PVz+4ECS8j5Z8MIBNwDPfsdAf5rjLfHOHn+5zjhI=	2019-03-11 02:37:03.642+01	f	Airaloka			airaloka28@gmail.com	f	t	2019-03-11 02:37:03.527+01
202	pbkdf2_sha256$100000$ufaKEfRAX1Xv$qv4Z+y4Ss9BFsHMKRXLhw9zSC4h9sj8Nyi8dk2wUiQE=	2019-03-11 05:13:05.047+01	f	Nettyway			nettyway130@gmail.com	f	t	2019-03-11 05:13:04.937+01
203	pbkdf2_sha256$100000$9lQt5pSXJxzH$JpTSNxhhtvFqP/0lbEKadPAuNvUId2tB53tS0H2kDXU=	2019-03-11 07:16:19.421+01	f				goodman7010@naver.com	f	t	2019-03-11 07:16:19.309+01
204	pbkdf2_sha256$100000$eBOJt7F2mxin$fnhWLpKqcweYOywmjJuugRA39QYq6N8zr9Cv0y+Mx0E=	2019-03-11 09:35:46.75+01	f	user11_3			user11_3@gmail.com	f	t	2019-03-11 09:35:46.633+01
205	pbkdf2_sha256$100000$9GxqktCjdOIV$olCkIVJrWveHqV6rV4mxGsdyuaeEbkK+QI4xUcuKLo8=	2019-03-12 02:12:50.962+01	f	mukesh			mmmemukesh@gmail.com	f	t	2019-03-12 02:12:50.844+01
206	pbkdf2_sha256$100000$MJ3uSGVBVHA1$EZzdHocaWWvuthlPYbAd2xTWH7gKm9FVNrxEbNuhiRc=	2019-03-12 03:56:25.733+01	f	Nick123			nischal916@gmail.com	f	t	2019-03-12 03:56:25.623+01
207	pbkdf2_sha256$100000$cZR9OMNtwKCB$ceR80+9eX+syFGfARvcVpqRG6xErRM02in0veXXZGxM=	2019-03-12 09:58:15.94+01	f	vjy0612			vijaykumarshukla06@gmail.com	f	t	2019-03-12 09:58:15.822+01
208	pbkdf2_sha256$100000$WrfxxsqeQjSu$NIV7DwSseao2nddA8baWz6UTEGm3luXyD95PZVIC6vA=	2019-03-12 16:03:43.867+01	f	pethayaung			pethayaung@gmail.com	f	t	2019-03-12 16:03:43.755+01
209	pbkdf2_sha256$100000$pAEsISntTewj$znYD1k4To1z7upSCj9Q5oAhIVEehoWXqY5tcmoz5msM=	2019-03-13 21:31:28.569+01	f	DOMINICOMO			dominicoreilly@ymail.com	f	t	2019-03-13 21:31:28.454+01
210	pbkdf2_sha256$100000$vlQSU4SnM9Wu$bnLYcTKFEo7yO6G/W9B5wOTE6FO3xDwP9jD0dpaYhH8=	2019-03-14 08:52:45.311+01	f	zeusabdiwijaya			calvindoro_abdiwijaya-zeus@n.t.rd.honda.co.jp	f	t	2019-03-14 08:52:45.157+01
211	pbkdf2_sha256$100000$l5bfIX6IDrk6$8c9sE1liy2WPIBdY5i5TTj45OpEwLcK5yMRldPhQPHQ=	2019-03-14 14:49:24.815+01	f	Jad			jadazour1@gmail.com	f	t	2019-03-14 14:49:24.701+01
212	pbkdf2_sha256$100000$qGL8rtRkTQb7$4ZfjqkvcmNdentbmZ8/xwA7XXMA/rvArRz58gPLYB/c=	2019-03-14 15:36:43.068+01	f	Letsgetthisbread			hamadhayat7199@gmail.com	f	t	2019-03-14 15:36:42.932+01
213	pbkdf2_sha256$100000$drhSaD5jq6BJ$YguTdpRdyWuvnsMqtKlQzant5p9q7w/a25G2R14WryA=	2019-03-18 08:15:43.311+01	f	Domleney			domleney@gmail.com	f	t	2019-03-14 23:39:22.31+01
214	pbkdf2_sha256$100000$PXLM9fRn2qcp$qsafQlX881LvwoVhKYI6kpui51csWccKBWExgGQZIaA=	2019-03-15 09:42:55.748+01	f	hizami95			hlzamiamy@gmail.com	f	t	2019-03-15 09:42:55.633+01
215	pbkdf2_sha256$100000$KmPq9FdpIRl6$zenNXlGtERAXDGUe7zI0ET5g68grETlowPB43K0h8JQ=	2019-03-15 11:58:40.684+01	f	mattheard27			mdh710@student.bham.ac.uk	f	t	2019-03-15 11:58:40.564+01
216	pbkdf2_sha256$100000$piO5wA2vCAOi$E+egABrgjolnVqbny5F4liz/VlXgRfgjUva+bUyqhOg=	2019-03-15 17:57:58.763+01	f	msaeed			masaeed.2014@gmail.com	f	t	2019-03-15 17:55:56.063+01
217	pbkdf2_sha256$100000$1ZpHZHKdxn0K$aBGovjfDhDrDsrNrkSsgMv+C/Q4nSk0QFEySzyVySTs=	2019-03-16 21:22:39.043+01	f	stevenbayliss74@googlemail.com			stevenbayliss74@googlemail.com	f	t	2019-03-16 17:39:50.773+01
218	pbkdf2_sha256$100000$rzvTMM5W8bpd$kd/h9TD2dhSXSYB+9j2wS4qVwp8Zn7GKrPOGbVGcyls=	2019-03-16 19:00:26.144+01	f	Taufik			deszovivera@gmail.com	f	t	2019-03-16 19:00:26.029+01
219	pbkdf2_sha256$100000$LYQJnBiQ6QYl$wqgA+igJ/syvD59biLAz6qSMUR9VV3v0lEwdDFQx2OU=	2019-03-17 02:48:46.381+01	f	mesa_lay@hotmail.com			mesa_lay@hotmail.com	f	t	2019-03-17 02:48:46.266+01
220	pbkdf2_sha256$100000$HS0d86Ex3jB5$Zs/V2DQJ5tWcOu8l+y2PuzvBbLR7bpvw5LBUPt/kZ7w=	2019-03-17 09:45:23.39+01	f	KeithGuask			rafis0ri2sh@mail.ru	f	t	2019-03-17 09:45:23.23+01
221	pbkdf2_sha256$100000$goK1KNjMxXwp$FxaFXzuIRYXBwQtV7KFxwsVCdA4KBoWz4nNRDpxHJhM=	2019-03-18 07:53:33.347+01	f	Martina			topbrand18@gmail.com	f	t	2019-03-18 07:53:33.228+01
222	pbkdf2_sha256$100000$GFiiwnd32Mdt$JjBBJV5GbKHzGHmWZtnrv9N/1+iHrsxpH0woKZYgoiM=	2019-03-19 03:01:43.172+01	f	RazerKILL			danhodson@msn.com	f	t	2019-03-19 03:01:43.051+01
223	pbkdf2_sha256$100000$hCTqaK1XLF5c$vC3FbIEpUbUrak6lyk4z5qSnjnMcYOKHfNg/HOfx5Io=	2019-03-19 06:13:19.605+01	f	benbenebennn			johnaeronbenamira09@gmail.com	f	t	2019-03-19 06:13:19.49+01
224	pbkdf2_sha256$100000$aneW9rIsfBNc$1GR98PlVCTMhC1eHpHPJZzAvcPXBTvaMNyQfIGIcRik=	2019-03-19 09:02:33.616+01	f	RafVllfrte			rpphhh@gmail.com	f	t	2019-03-19 09:02:33.501+01
225	pbkdf2_sha256$100000$j9DTL2WMYg23$8xuSy+nN740pd6dSJd1tJJn/Lc16jWrUsAJhsZlRrAk=	2019-03-19 12:10:56.25+01	f	Alessgonzalez			alessgonzalezmunoz@gmail.com	f	t	2019-03-19 12:10:56.13+01
226	pbkdf2_sha256$100000$VexWpSpKsjzF$OfITDKLH878k/Cr0EiVq68c5ZAqxksaU6qzPxSnGjvo=	2019-03-19 12:22:43.323+01	f	alessgonzalez			alessgonzalezmunoz@gmail.com	f	t	2019-03-19 12:22:43.208+01
227	pbkdf2_sha256$100000$PYD4DHtF9WxY$TR/mBKYwp4hfMysVcw5peZ3ZynVb1yT9ixQULNocTok=	2019-03-19 14:44:17.003+01	f	salihcam			salih@santes.com.tr	f	t	2019-03-19 14:44:16.865+01
228	pbkdf2_sha256$100000$RLxdFsPYxSbm$qwT0oKWSxUV3qI67TMWaN3uIBWI430ykHgAE3R55KKY=	2019-03-20 15:40:20.464+01	f	xianbry			bryansantos1522@gmail.com	f	t	2019-03-20 15:40:20.34+01
229	pbkdf2_sha256$100000$hfNwYSqz6JRu$e++TNYpD0ohoPop8bLbPriaLMlkFsdwS/lVX/cWALZI=	2019-03-20 16:52:24.511+01	f	aldrich_abad12@yahoo.com			aldrich_abad12@yahoo.com	f	t	2019-03-20 16:52:24.389+01
230	pbkdf2_sha256$100000$DNdhLJnpw8TI$to/Iv+I51b3GG0ebWdGEYzkBtHWvZvDCmW5GUbYFnOs=	2019-03-21 01:12:59.874+01	f	satanicfrost			xskydrivex@gmail.com	f	t	2019-03-21 01:12:59.748+01
231	pbkdf2_sha256$100000$1aobNVKnI6V4$vquLMVPt5kmf1FIbuOHy1u+uVg5xGGhLefS1i/S+T/k=	2019-03-21 10:11:54.565+01	f	mmaaat			spamelo320@gmail.com	f	t	2019-03-21 10:11:54.449+01
232	pbkdf2_sha256$100000$wiofjLeTMHLZ$S7tcFVVUMvHsRnEdV7W6N5YiRA0m3HwrZmbUm5vi/J4=	2019-03-22 04:14:53.532+01	f	x10s1on			Panida.10022541@hotmail.com	f	t	2019-03-22 04:14:53.417+01
233	pbkdf2_sha256$100000$leDOwASM6i7K$gvdIVjZcwK+05jGOkPurimMgLqCk9KP64+folbSKI7c=	2019-03-22 15:39:39.631+01	f	1234567			dnivog1702.raj@gmail.com	f	t	2019-03-22 15:39:39.485+01
234	pbkdf2_sha256$100000$yz39MUylHvKv$y8slIdN07WA/kdBrdYyDZwuU8EMIV6rfxHXRnf61zK4=	2019-03-22 22:41:26.687+01	f	Tdsmith.ts.ts@gmail.com			tdsmith.ts.ts@gmail.com	f	t	2019-03-22 22:37:23.278+01
235	pbkdf2_sha256$100000$HEs3rUPDykCl$UClshFlmOgmMKKV+1I0dDFTBMEYn1VBjPSXgvHRd+yE=	2019-04-29 08:25:21.5+01	f	Wtawhed			wtawhed@botmail.com	f	t	2019-03-23 19:07:52.443+01
236	pbkdf2_sha256$100000$yE2V8NIqltBz$Dc6nKaErRkk1Xa/IF8LSaPtLkijcJJVpDPzft5F5UZg=	2019-03-23 19:52:46.754+01	f	@Luis04			L.gustavo0699@gmail.com	f	t	2019-03-23 19:52:46.642+01
237	pbkdf2_sha256$100000$hDAdGbr4RQvz$xZ/9DncHGkhCdE7DQGVYRGeBKk2Zoy3u1XK/sDR4L14=	2019-03-24 01:09:16.73+01	f	jtudall			sgtelpavo@gmail.com	f	t	2019-03-24 01:09:16.618+01
238	pbkdf2_sha256$100000$FSj21O1sK7GL$yUJB/zTbyoPlWZS4H+PLbQd7cvfzMlN5YiznDdYEmGA=	2019-08-23 23:11:17.172+01	f	SamodvigovEA			telamss@yandex.com	f	t	2019-03-24 18:35:14.66+01
239	pbkdf2_sha256$100000$P8icsgU8aF04$JftYhHjg/rHrvTnxwnHFWEeFe5imXv40qsKPdUnRBR8=	2019-03-25 06:28:20.22+01	f	Aksachli			beshirovvusal00@gmail.com	f	t	2019-03-25 06:28:20.095+01
240	pbkdf2_sha256$100000$paRMT1q6HmuF$b42rmJI9JKQL4lfFZ+7A+pExzv87/pzMEsaVFAcNW2o=	2019-03-26 20:38:00.899+01	f	Zugo			zugo@world-travel.online	f	t	2019-03-25 12:22:44.015+01
241	pbkdf2_sha256$100000$8mAflFDy6MhD$G83wAcTVCvE1WGw/F2iRTQbFvztdvfc9zEYGr2BuU6A=	2019-03-25 15:56:58.912+01	f	dimitripayet			william_ong@dlsu.edu.ph	f	t	2019-03-25 15:56:58.795+01
242	pbkdf2_sha256$100000$1GGEIYUwZRKM$yJeFYhbInuiRiAZSEJgp4qHKAauDcuL6wYg9yO3alZE=	2019-03-25 17:22:17.247+01	f	sandy			targettrollers@gmail.com	f	t	2019-03-25 17:22:17.129+01
243	pbkdf2_sha256$100000$KK4C4X6iWTyY$Aqna5S6WgcDAK+PuXJ2S4J2we0x4laRlzBgn9PW0Wko=	2019-03-25 22:56:46.637+01	f	clintbh			clintbh12@gmail.com	f	t	2019-03-25 22:56:46.491+01
244	pbkdf2_sha256$100000$F7xoVPGV7lv7$ucY/flit5QQMsVkH86RQsal4w1occcT3HJuEYbWe6pg=	2019-03-26 20:41:53.226+01	f	sophiemcsherry			sophiemcsherry@aol.com	f	t	2019-03-26 20:41:53.11+01
245	pbkdf2_sha256$100000$Ok6vCmP9dHoU$VSxBJdnMAw7WipRMy0npziz4QpKL4KOVgxhRiclNAWo=	2019-03-26 21:55:54.145+01	f	Amohamed2019			amira.mohamed_2016@yahoo.com	f	t	2019-03-26 21:55:54.036+01
246	pbkdf2_sha256$100000$45DMa7fgCOVz$OSoE7NLu3lfEVGvdxbKRKiWECAxmAWM4QY1tAT6len8=	2019-03-27 04:37:47.26+01	f	Shamshad6074			shamshad6074@gmail.com	f	t	2019-03-27 04:37:47.149+01
247	pbkdf2_sha256$100000$iAtUCpiC43oK$5TG7SqCTlqOaReA9ZZwihmwCnJbqAhG9i/17GZYE1Kk=	2019-03-27 08:51:48.439+01	f	nickbatchelor			nickbatchelor2@bigpond.com	f	t	2019-03-27 08:51:48.325+01
248	pbkdf2_sha256$100000$gxQ4VYAykdoU$aaDpxsX7lSNRycNnBw8aSXjfcCyyMc64E4KLlKQRn7Q=	2019-03-27 16:42:32.321+01	f	enginearly			mar16451867@warwickshire.ac.uk	f	t	2019-03-27 16:42:32.196+01
249	pbkdf2_sha256$100000$8ajAbcxhGKfV$aWybI+vu0KhWNanmDtS48KZWV3mtMgDQ5rmE8LsNp5g=	2019-03-27 18:22:31.207+01	f	kyahkyah			kahola@jonessign.com	f	t	2019-03-27 18:22:31.096+01
250	pbkdf2_sha256$100000$jREbRsJiYkVi$EAlAmaGBGwTWIc/F2Ac3p5AoKiiBBRmA/3lUb4d575M=	2019-03-27 19:44:19.348+01	f	Wily5307@@			wily5307@gmail.com	f	t	2019-03-27 19:44:19.236+01
251	pbkdf2_sha256$100000$uwSPLk1C1jvw$RB78hlX6/s8m7N6lieHkeYZf4O4jtCFEbuOSRDlNzIE=	2019-03-27 20:38:30.359+01	f	@hassan.123			hassantahir275@gmail.com	f	t	2019-03-27 20:38:30.242+01
252	pbkdf2_sha256$100000$qhXEUx3iH00q$dpX89OLyA9SC6asRrqujH1Jc85Tj0PUEudcz9iydgOg=	2019-03-28 04:49:29.691+01	f	mazehsani			sazu@network-source.com	f	t	2019-03-28 04:49:29.58+01
253	pbkdf2_sha256$100000$HQ2YXS8KxB95$wyvqcRyx/AnIrX2Wlm46MQB5CKZNLPN5rSK6QlpFVuI=	2019-03-28 05:36:17.88+01	f	usman20			usman20sumantri@gmail.com	f	t	2019-03-28 05:36:17.771+01
254	pbkdf2_sha256$100000$fajvvbYgurLY$SFo4IskIR7LtNSHiKZu25fFl7OF5JAA8N+iq/N8Gupk=	2019-03-28 15:05:47.027+01	f	Shabbis			augustas86524@gmail.com	f	t	2019-03-28 15:05:46.916+01
255	pbkdf2_sha256$100000$gAEl0fV7BDNf$3mtXd/rvYoGw6TxBkJ9MgDalr28mxuVbKFV77vi14eQ=	2019-03-28 15:59:26.781+01	f	Jewel			jasmine.ewers@yahoo.co.uk	f	t	2019-03-28 15:59:26.665+01
256	pbkdf2_sha256$100000$eafOn20phIdc$NOkZlBqE/5cFtzPyrfcJuivtMzTwg955NdOSpPK6vlQ=	2019-03-29 18:17:28.932+01	f	Struweb			johnmallari01@gmail.com	f	t	2019-03-28 16:35:43.138+01
257	pbkdf2_sha256$100000$kLHa3FhZfTHQ$IRC7KkXVlz5afUbxqwhRJs5TvvylJsgN1t+2U6Tc6kM=	2019-03-29 06:56:09.703+01	f	Hamidah			nurhamidah.nh640@gmail.com	f	t	2019-03-29 06:56:09.585+01
258	pbkdf2_sha256$100000$EYHZ5zNSNhgi$Ii3mIgqFaLnwrlIi6jQL0fkvEwtcdOLVHtNviVOM1Mc=	2019-03-29 07:08:29.815+01	f	jeeps2510			jeeps2510@gmail.com	f	t	2019-03-29 07:08:29.69+01
259	pbkdf2_sha256$100000$tWlaaJEt2biv$HBPTUjau/J8GTO50Ld36QmZiY57jRK+S1K4I1g/KaLc=	2019-03-29 10:23:34.649+01	f	zpatel			znekiwala@gmail.com	f	t	2019-03-29 10:23:34.536+01
260	pbkdf2_sha256$100000$LQg0BljiwF4j$81oaFkSX557RQlk8O2UJNzhCn+Jl8c4Pdal6Ilr4ulE=	2019-03-29 20:37:21.954+01	f	throwaway12134421421			q3119827@nwytg.net	f	t	2019-03-29 20:37:21.833+01
261	pbkdf2_sha256$100000$v3Y1ONv1sISO$o7jn+VPeFBlqp9wEAK9S9OJ+JJJsxvrwaa6unsey5U4=	2019-03-30 01:49:02.429+01	f	barnabastoe			barnabasdoedetoe@mail.com	f	t	2019-03-30 01:49:02.315+01
262	pbkdf2_sha256$100000$3i7hXR46HQ82$CAl8SekxS0FKUyHM+RGqNujnVgOrQcvr9Fa/wUbS00I=	2019-03-30 09:52:06.469+01	f	montareinicane@gmail.com			montareinicane@gmail.com	f	t	2019-03-30 09:52:06.345+01
263	pbkdf2_sha256$100000$ohfRd6LmnTHW$9tQ+p3nolwOGp8emeNwKbxvG56iCs4gw+5+psSlY0pk=	2019-03-30 10:06:53.431+01	f	abid			abidali12773@gmail.com	f	t	2019-03-30 10:06:53.318+01
264	pbkdf2_sha256$100000$wdzAT6uLOT7s$KUduqD0WFTYMdaPY6COldQKcanFy2Vh77VN1f/cMYjc=	2019-03-30 19:50:04.177+01	f	Karem			karem2020@eim.ae	f	t	2019-03-30 19:50:04.06+01
265	pbkdf2_sha256$100000$hAkaaelLBvKJ$TvkMcO0LcAAtJLQ8rt76OY70hlW2MzH02bcKSxE+sNg=	2019-03-31 02:14:04.315+01	f	litter4ven			tikitiki20111@hotmail.com	f	t	2019-03-31 02:14:04.202+01
266	pbkdf2_sha256$100000$C77BjmtrQTTG$eeVrRfEwMpKTvSkrGtyKqjsnYWtohVOUcZL/6EErzg4=	2019-03-31 02:41:41.722+01	f	x5142044			x5142044@qq.com	f	t	2019-03-31 02:41:41.608+01
267	pbkdf2_sha256$100000$Gb5peOvEyntb$gO2wpvh8cCoDYtT3J6OYSKGCMWpg4TdGgfsCbUKGqKU=	2019-03-31 07:16:11.359+01	f	Kitti_911			kiransg9@gmail.com	f	t	2019-03-31 07:16:11.244+01
268	pbkdf2_sha256$100000$klh2Y4zhIMkD$+pMp0fPtVYQgc3PrISN4yOON5puLOZ+V3ysO3FRjrDU=	2019-03-31 08:53:58.509+01	f	ChamPee			rtz@dr.com	f	t	2019-03-31 08:53:58.396+01
269	pbkdf2_sha256$100000$LPYnGz57WRht$Or0uy4BmdWtfiTeEmOjryApLCxmgr1TImgUkHKJ4E70=	2019-03-31 09:53:24.733+01	f	Robitobi			robert.rechberger@outlook.de	f	t	2019-03-31 09:53:24.615+01
270	pbkdf2_sha256$100000$6Qk5gGJVqUiR$OpJ8cpHshvl5B+/Np+23lQmIt4HcNwq/2tRN1aGPHQY=	2019-03-31 18:10:09.893+01	f	ajanus			alexanderjanusz+effectiveweb@gmail.com	f	t	2019-03-31 18:10:09.779+01
271	pbkdf2_sha256$100000$BJmW1i5raLRw$CFoHQ7MbddYk3N/ojZTvkJy0RWSgb9J8n60AlvMnqHY=	2019-03-31 19:22:04.268+01	f	Chaichan			chaichan_mn@hotmail.com	f	t	2019-03-31 19:22:04.147+01
272	pbkdf2_sha256$100000$RfFtONZhlVwA$PdoNU7j4QblKs2VK68uzTt2MlPX3RzCBE7T+ZhsIoy4=	2019-04-01 01:43:16.649+01	f	Muhammad.oj			muhammad.oj@hotmail.com	f	t	2019-04-01 01:43:16.54+01
273	pbkdf2_sha256$100000$kEAMbQ1Ju8af$bAMN2o8Gr095lG4wcLBzXWk6UTcKzS3EuzUJ5QzURtA=	2019-04-01 04:27:55.578+01	f	erivero89			wykydron@gmail.com	f	t	2019-04-01 04:27:55.465+01
274	pbkdf2_sha256$100000$sOyYhtJlrmxh$RgrqrcDj+Gl65lqOyLS43fUiDWlU9GUIJn6Ye03FLXA=	2019-04-02 01:59:52.457+01	f	Elaman			elaka_jan_0013@yahoo.com	f	t	2019-04-02 01:59:52.346+01
275	pbkdf2_sha256$100000$39QGVhRbXWWA$Hs57LDM1oBbJRgFFaiQvevk+4gtpJFr8wktintqkLhE=	2019-04-03 04:48:16.331+01	f	Dodo			jfgdonald@gmail.com	f	t	2019-04-03 04:48:16.215+01
276	pbkdf2_sha256$100000$2suxyph5gAv6$EX7NB6EHPCWoqz7m1cdLDbr+cC5kcKjJBKUZfZiet4g=	2019-04-03 10:44:04.755+01	f	Jan			reinardpotgieter@gmail.com	f	t	2019-04-03 10:39:56.821+01
277	pbkdf2_sha256$100000$Euz9gRBnNBcm$fVY0XU/Qj49Ly4d6KtpQ606hELHd1fQP0iJzKei1Tbs=	2019-04-03 12:55:43.266+01	f	Kimhunt			popphol@sakolstd.com	f	t	2019-04-03 12:55:43.13+01
278	pbkdf2_sha256$100000$Y97SHzoFVwAt$Pb0KCqxr89mLUCNGA6f9AAwhhqfGrlRybqJTXa1SbDs=	2019-04-04 23:09:24.531+01	f	consmo			consmo@prodigy.net.mx	f	t	2019-04-03 19:23:07.3+01
279	pbkdf2_sha256$100000$p93acQRwgNcy$LH0iOdIeeKtNTzll0s+uS2bdpjKdQGd//TqNegKR5o0=	2019-04-04 03:42:02.407+01	f	Deepu.dhungana			deepu.dh17@gmail.com	f	t	2019-04-04 03:42:02.276+01
280	pbkdf2_sha256$100000$MFbhGyPfIKuw$e5ph7aZcDLfwJZSLeOTGrV6mLuUIj8bPOwEk4XNGU6s=	2019-04-04 03:43:15.467+01	f	deepu.dhungana17			deepu.dh17@gmail.com	f	t	2019-04-04 03:43:15.334+01
281	pbkdf2_sha256$100000$t1z6fIMpNiyR$4ZnT75cBQTySL+MSH7teKUVklMSMhmfJY1CgtISEEow=	2019-04-04 09:14:38.875+01	f	Aditesa			aditesaramahtulah@gmail.com	f	t	2019-04-04 09:14:38.735+01
282	pbkdf2_sha256$100000$MWiKwd1uvoo8$cEP/w4GABbOPew4DRZAeFH+ph9L6TAyuJ8GdJD78iCM=	2019-04-04 09:48:00.277+01	f	Blooden			strike.flare@live.ca	f	t	2019-04-04 09:48:00.145+01
283	pbkdf2_sha256$100000$CrNpxHMr6icG$+A01cMxgBt9iE6y6vDM+5Xnyi34H4Wk+dOV/ShiywVQ=	2019-04-04 21:03:36.579+01	f	simobougournr			medbougourne@gmail.com	f	t	2019-04-04 21:03:36.433+01
284	pbkdf2_sha256$100000$BX2uOvtLKTtR$BNSF913NvdqyogEaxFt8S0f2tMQDEpB/PAkSYtLjFT0=	2019-04-05 06:20:29.84+01	f	Samuel24			samuelramirez2000@gmail.com	f	t	2019-04-05 06:20:29.727+01
285	pbkdf2_sha256$100000$lzERsCsNJ7r3$GaVdaXAJBZ68NKKXbC3AjfIROR6GPp9yLLHChuEb7oA=	2019-04-05 09:43:57.226+01	f	essam			essam.elshaar@gmail.com	f	t	2019-04-05 09:43:57.112+01
286	pbkdf2_sha256$100000$U0WWpwXgeOh2$sYYi8+NGIBf4lKJPZ16il5aqm4My2ql6HQiWApXMw/c=	2019-04-05 14:40:07.554+01	f	sean			sean.doyle2@ucdconnect.ie	f	t	2019-04-05 14:40:07.438+01
287	pbkdf2_sha256$100000$5Gb3ETRyc81i$gb/ivubNT/TB1VAjPEV81KXLxr0kBIIlOVxm9AyWeuU=	2019-04-06 05:43:21.851+01	f	norjanna			ariannorjanna@gmail.com	f	t	2019-04-06 05:43:21.74+01
288	pbkdf2_sha256$100000$uS32R3EjSLdp$2xuaGcE0OysdE2Vvidp8WZhn91d9eSm82wSk42+Zcn8=	2019-04-06 06:48:54.591+01	f	Zwelly			zwellyks@gmail.com	f	t	2019-04-06 06:48:54.476+01
289	pbkdf2_sha256$100000$27h7zMH8JGZ0$sJJOaQahD9OzQjipFe+jXksJs+JUuAcPhnIwls3kjC8=	2019-04-06 14:44:03.039+01	f	NASEEH			mohdnaseeh777@gmail.com	f	t	2019-04-06 14:44:02.923+01
290	pbkdf2_sha256$100000$EPnXo89pCyOc$VmhoLkimWPe2U8Nfu5NjZ2Ea6HUEvuugL3nHSjIrc18=	2019-04-07 09:02:08.99+01	f	mattgrieco			mattag32@yahoo.com	f	t	2019-04-07 09:02:08.85+01
291	pbkdf2_sha256$100000$SC6S4QAP7nLN$Ejdd0YrdQ44G8UxL/PS6h5UJ5qOdNu8T694ZxSPMJCs=	2019-04-07 12:12:52.428+01	f	soffersftw			duncansoffers@gmail.com	f	t	2019-04-07 12:12:52.313+01
761	pbkdf2_sha256$100000$DSJhyv0H51NZ$pAfbPDVXjEWNujdW01luNEgTm0vuyzfAT3EnUik3uPo=	2019-08-22 03:56:03.259+01	f	Yk			ysiahsarani@gmail.com	f	t	2019-08-22 03:56:03.139+01
292	pbkdf2_sha256$100000$Jz5X0PNt0eVw$Q5wlNDCYP1GE/bFo817OW0jWM19DIqnq4QrzgAJUjhs=	2019-04-07 18:02:37.506+01	f	Monika			drmonikakaushik28@gmail.com	f	t	2019-04-07 18:02:37.389+01
293	pbkdf2_sha256$100000$ka8K0hEDwYUG$rB40KMSHbYCTpJWF3+o11q4IiWNGc4xIE72zpcSXOLA=	2019-04-07 19:47:21.254+01	f	scabadal			saradelacabada@gmail.com	f	t	2019-04-07 19:47:21.099+01
294	pbkdf2_sha256$100000$OXdk0y5YRuzR$bsU5nCH01uWIHewM8GT6nbg4OiAfmBadQiaxmbK1ANs=	2019-04-07 19:52:04.41+01	f	Sushrut			sushrutkirtane2@gmail.com	f	t	2019-04-07 19:52:04.295+01
295	pbkdf2_sha256$100000$cd4bUmeN3brF$cH2FeewuOBUU6l1qYuRcMO6cEWR5T5Kp4jN/84hEf7w=	2019-04-08 06:43:17.622+01	f	kodg112			kodg112@naver.com	f	t	2019-04-08 06:43:17.505+01
296	pbkdf2_sha256$100000$rBzSZCA8cQKW$9O7SZKCSG58rZeN0Aui39OMYBWYVhqFpm+AGpYYy7fQ=	2019-04-08 15:02:44.724+01	f	dannybwoy2000			dannybwoy2000@hotmail.com	f	t	2019-04-08 15:02:44.61+01
297	pbkdf2_sha256$100000$kytNZwYMjc0c$IhRyPdjvkv3oWUF8MVuALR8BdMOLfggy0Ry2vzgjafU=	2019-04-08 18:54:23.925+01	f	stefan			stefan94bgd@yahoo.com	f	t	2019-04-08 18:54:23.809+01
298	pbkdf2_sha256$100000$uLxEMtrLVVhZ$/4ldwIL9W18PN1NCDgSIHklLKlyAzA18rd1bmEd33H0=	2019-04-09 00:36:32.441+01	f	leoolive7916			loliveira@texassteeltech.com	f	t	2019-04-09 00:36:32.33+01
299	pbkdf2_sha256$100000$RHbLunSYADKF$FwONuVE3hbwnnMwkCa4Ua9e2gkPVyB2PjEo8U6Pp6kg=	2019-04-09 01:13:03.379+01	f	xianbry22			bryansantos1522@gmail.com	f	t	2019-04-09 01:13:03.261+01
300	pbkdf2_sha256$100000$JROmT1hjzaad$KA1Qmp339bix4huliNaz04c+r2AzSDjNjZ9k2G0W9Dc=	2019-04-09 04:47:57.721+01	f	Abid			abidali12773@gmail.com	f	t	2019-04-09 04:47:57.603+01
301	pbkdf2_sha256$100000$xqpHrMMsYV6M$4JRQnhuylv67EYuqPqP0lohTRoBbORCEgvSfjscN9FE=	2019-04-09 06:10:05.965+01	f	Rey			rlg197526@gmail.com	f	t	2019-04-09 06:10:05.837+01
302	pbkdf2_sha256$100000$EgglJtVpkTDz$KQ91fsQQL6FDio9zXAKcWzv4+WaPZ34Mb5dsLHLSGSE=	2019-04-09 07:06:44.747+01	f	Rifqy			rifqyko@gmail.com	f	t	2019-04-09 07:06:44.615+01
303	pbkdf2_sha256$100000$xTx2RqIGoVBH$66RhW9IBUyKWw+WmhnXniiwLptRk4Zk7pV62Mj/FwDc=	2019-04-09 15:58:09.422+01	f	rvsngh11			rvsngh11@gmail.com	f	t	2019-04-09 15:58:09.285+01
304	pbkdf2_sha256$100000$M4hBWzJrsdxA$7FQB4QGZjU1oSJTAFGyaKZRczKPsXDWaInSGUfJMCpk=	2019-04-09 18:27:47.781+01	f	60barg			10001barg@gmail.com	f	t	2019-04-09 18:27:47.668+01
305	pbkdf2_sha256$100000$d1TZMpB8gtSa$JfuqwYoG2SJ72IUVscCk+xEO2WnkBkgis+J9ZEIpKA0=	2019-04-10 09:50:45.977+01	f	AIMBAT			cheaterkrr@gmail.com	f	t	2019-04-10 09:50:45.865+01
306	pbkdf2_sha256$100000$0XT5dBRtCNMg$DCIL8U+5dOcB3jgv4z49uDy1+cIRf9289uT5hYq5ot0=	2019-04-10 14:56:54.643+01	f	Asad			asadkan57@gmail.com	f	t	2019-04-10 14:56:54.522+01
307	pbkdf2_sha256$100000$EWmDFH5QA3VQ$ixVibyh9/DMrIAvoEC3wneQa0tJ4zzLNii8v+/Ycm6A=	2019-04-10 15:28:45.194+01	f	Navasangeeth1997			navasangeeth1997@gmail.com	f	t	2019-04-10 15:28:45.078+01
308	pbkdf2_sha256$100000$4lwzQMsrtqQw$PlfAyCmlNXciG+asL+EI8SEu62SxQSM7M1hsyXTcszE=	2019-04-10 16:54:22.057+01	f	julendra			julendra@gmail.com	f	t	2019-04-10 16:54:21.94+01
309	pbkdf2_sha256$100000$hgl2fayy42Cg$k4kFIJ88Cw9rH65QwGoe3RQsn+yD97LIrp6qzU0jOkg=	2019-04-10 20:38:00.945+01	f	lucatortuga1996			lucatortuga1996@gmail.com	f	t	2019-04-10 20:38:00.805+01
310	pbkdf2_sha256$100000$q9PZnc8KBdN0$I9ebT4lxdoOVF7tnvLrZotRAmsU/IFJOSNa9AErGXiY=	2019-04-10 22:30:26.668+01	f	james_cumbia			james_cumbia@gmx.com	f	t	2019-04-10 22:30:26.556+01
311	pbkdf2_sha256$100000$zomla2HygT26$RTUsVq2MJEfXrSPu0ILUDzSXrv2ALFwctpsJBvzdW6k=	2019-04-10 23:52:28.504+01	f	gill01			gill01@gmail.com	f	t	2019-04-10 23:52:28.382+01
312	pbkdf2_sha256$100000$Co2IeAZSVfq6$P9nxj5tBUuaAF8fVQtABnsgQiU1hL3OpoFuJzSnQjz0=	2019-04-11 04:26:40.991+01	f	engineeringboi			m7mad.d@live.com	f	t	2019-04-11 04:26:40.878+01
313	pbkdf2_sha256$100000$DRYHb0wvrvxA$viSytud1YmCP0CHiQXiSDi4nYt16I6HvvuN87azEG9M=	2019-04-11 06:40:24.892+01	f	Incipiovdf			director@vdsina.ru	f	t	2019-04-11 06:40:24.764+01
314	pbkdf2_sha256$100000$HFYNoAlMLxww$jE8M5FG7OOiR3HIbq/9XVi3PwJhl4m5YBBH9jkzCBBQ=	2019-04-11 08:21:08.949+01	f	Kishor123			tambare82@gmail.com	f	t	2019-04-11 08:21:08.83+01
315	pbkdf2_sha256$100000$UVrsptLaDIhq$F7lCt49wkOKbddqyJC6LZrfzMBnteMtPufET9wQAaCU=	2019-04-11 08:27:04.37+01	f	Saleem622			arcsaleem4@gmail.com	f	t	2019-04-11 08:27:04.247+01
316	pbkdf2_sha256$100000$2GcT1vYQvQkP$LPJhC+Mtps/gvBFglLUlWe7SEVPTlcQ1W+VaQnNHo6A=	2019-04-11 20:03:51.64+01	f	Kaspe			karas18@student.sdu.dk	f	t	2019-04-11 20:03:51.522+01
317	pbkdf2_sha256$100000$lW1GrXIXphtx$rNtXXk50ics1yjs+371c7/xxgyIkvWLsVJ8GRbfiXqw=	2019-04-12 00:02:38.276+01	f	Suresh410			sureshtambe090@gmail.com	f	t	2019-04-12 00:02:38.122+01
318	pbkdf2_sha256$100000$E8xsuPruYhxp$hPZaJbqa0LOzt5DPU0eUjCx9ftVMagmneeEArU2acnA=	2019-04-12 07:52:54.428+01	f	DINAKAR			dinu14328@gmail.com	f	t	2019-04-12 07:52:54.297+01
319	pbkdf2_sha256$100000$6rVvdPJwvUWX$XZi18ItL5Xk/ExfXl/uzRr0OQZ7cufHkYh9Q2lJr8kA=	2019-04-12 14:16:38.006+01	f	umar411			karimiumar411@gmail.com	f	t	2019-04-12 14:16:37.884+01
320	pbkdf2_sha256$100000$09m3uNOuRaw2$d0UkClI8paO4RMnatvqGxh4oX6VqkX84El+yMnH9krs=	2019-04-14 10:40:33.538+01	f	sully786			sully786@gmail.com	f	t	2019-04-14 10:40:33.387+01
321	pbkdf2_sha256$100000$OP2I3s2lF8A8$Wm7iCojgCrYvKnlvD+Zzs7O/OcDoIJ9pcW1cuBduFIE=	2019-04-15 06:35:54.187+01	f	sbn374			nikamsmit374@gmail.com	f	t	2019-04-15 06:35:54.07+01
322	pbkdf2_sha256$100000$m6yIAvSCDZBp$TCHT0KtnESp8gxqaLWCsf/YhoejxnwhDJNMBRSBuvL8=	2019-04-15 10:58:46.286+01	f	vbmate			v.b.mate@gmail.com	f	t	2019-04-15 10:58:46.174+01
323	pbkdf2_sha256$100000$lCdkhhoaeuK1$79H6/UF7lQhnupQd8LzF4NzcfHMT/siqfGwxZ1U+nJE=	2019-04-15 17:46:47.38+01	f	Ahmed.nasser			ahmed.nasser99@eng-st.cu.edu.eg	f	t	2019-04-15 17:46:47.256+01
324	pbkdf2_sha256$100000$phchETegLxTz$peqBLSmImQSjEi5cbWLA0dVK6vfp5OWoTqCvcxNjGaA=	2019-04-15 19:37:15.13+01	f	Ravi			eacharlukashyap3355@gmail.com	f	t	2019-04-15 19:37:15.001+01
325	pbkdf2_sha256$100000$65Hqb4h9Uwxp$nzlMucPBd3mYhqIjmMHMrtsnvAjV2gtzSmPrDx0PfGw=	2019-04-16 22:18:24.353+01	f	skh005			sayedkhalil8255@yahoo.com	f	t	2019-04-16 15:24:11.143+01
326	pbkdf2_sha256$100000$128A0om0T1yk$vOnF6sXqHgaveNuu6YkPbe6boxUwXJoex32/JCTu+wg=	2019-04-16 20:38:53.937+01	f	Eng.abdullah			abdullahwe6@gmail.com	f	t	2019-04-16 20:38:53.815+01
327	pbkdf2_sha256$100000$w9MUSYu2AmYO$4E/QUcOww5gl0jUeozfEvQIuRDTkE3+n6/lkrt2VIsM=	2019-04-17 15:11:28.227+01	f	hapticeden			hapticeden@gmail.com	f	t	2019-04-17 15:11:28.112+01
328	pbkdf2_sha256$100000$bNrUshlsz14l$etaROf1JHvw/JbebxsXSHeWndkqu+0Asa30bcyhMUqs=	2019-04-18 06:06:03.289+01	f	Khaled			civilkhaledmostafa066@gmail.com	f	t	2019-04-18 06:06:03.169+01
329	pbkdf2_sha256$100000$Pc3bc5mWSobx$7Tepj9ukYJb1oF8xDpgHCiORsAikCf8g39FGqDnXy/M=	2019-04-18 08:50:52.902+01	f	Toolbox			114373366@umail.ucc.ie	f	t	2019-04-18 08:50:52.781+01
330	pbkdf2_sha256$100000$f8BOfDM3dt5g$rh2YCR9RIwqho2rYcWtSIEmLbXElj9fcuhFifWpRWAs=	2019-04-18 09:16:11.466+01	f	Sheeraz			zs.zuhaa@gmail.com	f	t	2019-04-18 09:16:11.344+01
331	pbkdf2_sha256$100000$5ZxA34UsNoPE$IViziRgPfwsZeBiVZs2L1pCIb3oWmNQATsbOukekrxI=	2019-04-18 11:50:24.127+01	f	Mysticmel_xul24			loquezcarmel@gmail.com	f	t	2019-04-18 11:33:35.281+01
332	pbkdf2_sha256$100000$eswsfRXuYDXR$9ketSoszj710bK4Pq/RX5QuYe1tfSn0/Faoaha1ATSE=	2019-04-18 15:15:54.174+01	f	Manthan			manthan.gelani74@gmail.com	f	t	2019-04-18 15:15:54.04+01
333	pbkdf2_sha256$100000$vSplfCnstpgU$mmrChqdPL9Rv0u/FRyxHkAO3RJC5KGPcLqDMK4AX/NQ=	2019-04-18 15:31:02.347+01	f	i1234567			lazypigoov005@gmail.com	f	t	2019-04-18 15:31:02.222+01
334	pbkdf2_sha256$100000$Gk7KWCZIid6u$oIJUsQ/GQWhfOIg7PGRMYIQP9DY1PBhGM2IhN7QO/7E=	2019-04-18 17:36:40.998+01	f	Mogaml			a.mogami91@gmail.com	f	t	2019-04-18 17:36:40.882+01
335	pbkdf2_sha256$100000$aNsBmz9VpjDh$UaXV9sX4BjAb98hr2tUhj9nSiiBBPVT9WsoXYbJ7RCA=	2019-04-19 07:59:49.736+01	f	Nurzhan			nureke2306@gmail.com	f	t	2019-04-19 07:59:49.596+01
336	pbkdf2_sha256$100000$3vxcX1dbEFFf$xe5WVOTM5oNQTW9gCAykDTMeIHdw+L+mX++H9gaNuFg=	2019-04-19 10:16:33.456+01	f	dmtaylor87			dmtaylor87@gmail.com	f	t	2019-04-19 10:16:33.333+01
337	pbkdf2_sha256$100000$XA6JCpdTiOh2$567Irz9levGYyHGcKiRKx5B0jF/V+TNY4AmUvzhob4I=	2019-04-19 19:40:28.307+01	f	rushdi			rushdisami958@gmail.com	f	t	2019-04-19 19:40:28.147+01
338	pbkdf2_sha256$100000$c3GdWBqIC7fB$YdbO7zVNiLp1oWbZIeFdebYBLuUuaKIR42oivGuKOug=	2019-04-20 01:29:27.011+01	f	Bahe			behailubelta@gmail.com	f	t	2019-04-20 01:29:26.893+01
339	pbkdf2_sha256$100000$K7FmevAWrOS3$GhoPyPfKPEg+J0zVt52fxJ52BCVegBhACmlp4Z8BsA4=	2019-04-20 15:22:06.438+01	f	winsonma			winsonma19981219@gmail.com	f	t	2019-04-20 15:22:06.323+01
340	pbkdf2_sha256$100000$MeTLbHYrNUca$SZSHm+EdUCxX+TJpIqyXSPGOxx0fD57p7z57NRivP7s=	2019-04-21 02:18:11.914+01	f	nicolash			hernandez.nicolas.esteban@gmail.com	f	t	2019-04-21 02:18:11.794+01
341	pbkdf2_sha256$100000$QEaNTA56GCYS$DQ1t6j9g2Sw95LEMr8RVx4ym6/KtszWr7jqZPHYqXgg=	2019-04-21 03:43:32.895+01	f	Nanokusumo111@gmail.com			nanokusumo111@gmail.com	f	t	2019-04-21 03:43:32.783+01
342	pbkdf2_sha256$100000$NHx9BY64vl4t$draP1o9rbeYod77kZaQKSNcLV8VqnYmrZnLDRjFQQck=	2019-04-22 07:56:38.604+01	f	Ainsofiazulaikha98			ainsofiazulaikha98@gmail.com	f	t	2019-04-22 07:56:38.491+01
343	pbkdf2_sha256$100000$FM8jl1pweJ5O$lqNTkmRPw5vNTH2mnz65ijuBM7UjnRf/47pA1IpParM=	2019-04-22 17:20:21.08+01	f	htaengineer			htaengineer@yahoo.com	f	t	2019-04-22 17:20:20.943+01
344	pbkdf2_sha256$100000$gUsCt5qJnBOU$lUKICd9qFe2sSAMTOVZZv/0igFWnXDweIM3HQSqmXi8=	2019-04-23 04:27:12.58+01	f	saratarahara			sahara0421@outlook.com	f	t	2019-04-23 04:27:12.462+01
345	pbkdf2_sha256$100000$EPech3DrWgFz$jzx8coLPNbWzNXyn/Mxfg3HPqi3yWs0X+jKSmHBP3J8=	2019-04-23 07:50:48.15+01	f	Rachmad_Hidayat			hidayatrachmat002@gmail.com	f	t	2019-04-23 07:50:48.023+01
346	pbkdf2_sha256$100000$dM9Gai5i6svi$BLW3jjaxO5GpLPiR0NrAhhbuYDxTD/HIvQJ73KDF0uE=	2019-04-24 00:34:19.407+01	f	dodikfkurniawan			dodik.fkurniawan@gmail.com	f	t	2019-04-24 00:34:19.291+01
347	pbkdf2_sha256$100000$Zz1cF6rpnrCT$lNu/pIyV6BG45vvMm2iq5w1h1g8so6FjbE8R1FuHFYY=	2019-04-24 06:46:56.856+01	f	Rakeshlucky100@gmail.com			rakeshlucky100@gmail.com	f	t	2019-04-24 06:46:56.742+01
348	pbkdf2_sha256$100000$kIfMgQdiAYa2$8aYceu1VMb8KvQHLEraqUNkdtSF8B+M/EmMMZdEinwA=	2019-04-24 10:42:58.88+01	f	Respati6674			rhprasetio6674@gmail.com	f	t	2019-04-24 10:42:58.759+01
349	pbkdf2_sha256$100000$xY3eKTZ2Gt7A$gVgshfCqgW+rCwWy6UQV6C6y4ERDiHR+LcoENqgnzuM=	2019-05-02 09:58:28.389+01	f	albertors.madrid			albertors.madrid@gmail.com	f	t	2019-04-24 18:10:39.716+01
350	pbkdf2_sha256$100000$zMSonHFXIPSO$2lVkLrRYJD+oNovEoAsSL+wLzebejzMFZyMi6ePpJM0=	2019-04-25 08:00:15.457+01	f	sesethu			sesethu.mazangazanga@transnet.net	f	t	2019-04-25 08:00:15.32+01
351	pbkdf2_sha256$100000$4e5uxSeQfdnM$7wiWgZo2p89+CEwZBIY35AbceT9vZ8G9h5iZZ8VTqhM=	2019-04-25 13:15:34.629+01	f	test			test@test.com	f	t	2019-04-25 13:15:34.504+01
352	pbkdf2_sha256$100000$VAcLfKT8bf5y$S7QusTiQQScq3DWtI1NDWl/rltbOCq/4EIVEwfua9h4=	2019-04-25 14:24:58.262+01	f	johnsmile			2013440093@ftumj.ac.id	f	t	2019-04-25 14:24:58.144+01
353	pbkdf2_sha256$100000$Hmat82bpmwQZ$7EWerF8977zCndns0Gv1Yjwqb1foC3UsDpnKLXYao8I=	2019-04-25 14:44:16.625+01	f	bilwanf			bilwanf@gmail.com	f	t	2019-04-25 14:44:16.506+01
354	pbkdf2_sha256$100000$4MfH4aYSqQwP$EduHe3q58/oXfG5a1vfvvMJxE02DpzrNWI6OFdDRtW8=	2019-04-25 15:56:07.484+01	f	yvonneliaww			yvonneliaww@gmail.com	f	t	2019-04-25 15:56:07.364+01
355	pbkdf2_sha256$100000$WXfQbfWaQYN1$Eey+ga9HtzHehYHizWGT+Ykts3znbZm7vmqz0qf7LkE=	2019-04-26 07:59:07.116+01	f	Dody			dodysuryadie@gmail.com	f	t	2019-04-26 07:59:07.008+01
356	pbkdf2_sha256$100000$eYb2Rf1J20XY$Q6iaxNrRs1rL2yBe12B4cj/wI1NG46FyxmSAibKmcL8=	2019-04-26 09:33:23.706+01	f	Deepika			deepikachettri93@gmail.com	f	t	2019-04-26 09:33:23.595+01
357	pbkdf2_sha256$100000$M4QxLzFXzyed$ytega3BKrFokupkmk107bgfpKoGSocpDbFfD+gsoJRo=	2019-04-26 09:40:30.907+01	f	jieenchan			jieenchan@hotmail.com	f	t	2019-04-26 09:40:30.789+01
358	pbkdf2_sha256$100000$l2Vry0TGu6dO$a2clLZkhg6DErNevB9OEdZQeSZs+XKaZWrowkDkrQn4=	2019-04-26 16:33:27.7+01	f	nomad.360			nomad.360@hotmail.com	f	t	2019-04-26 16:33:27.581+01
359	pbkdf2_sha256$100000$qLTNxPdhd27P$idUiw8Rhrdf01JWu2eenbmnkZ5UTybHEr79YVwhZjNA=	2019-04-27 10:51:00.834+01	f	Bijay			bkaryvijay@gmail.com	f	t	2019-04-27 10:51:00.721+01
360	pbkdf2_sha256$100000$hdKdsN67Ysgt$hyR+gFBclS9Kruc8FxPsrKGur4aqCkSe/K0ROhZV/WM=	2019-04-27 16:18:00.147+01	f	anasomar1999			anasomar1999@gmail.com	f	t	2019-04-27 16:18:00.032+01
361	pbkdf2_sha256$100000$G83QJqf9wRGE$a/E1Vp7uRJlTrkxi4gZ5xT212GaVXsgXYYFt7UDyxiA=	2019-04-27 16:54:29.243+01	f	shouccho			shouccho@gmail.com	f	t	2019-04-27 16:54:29.131+01
362	pbkdf2_sha256$100000$fEe8MnzqZRha$RYR3tYsRrbvDtba+Zm53ASl4HTAKtyqG23AcBn/xpIg=	2019-04-27 18:33:15.048+01	f	Yasmeenabdelbasset			yasmeenabdelbasset5@gmail.com	f	t	2019-04-27 18:33:14.936+01
363	pbkdf2_sha256$100000$rMwUhUEvQELt$EDeUQQ4LM9oIXDweHsN41jsZaCW4wdOvgNtXdVKksVE=	2019-04-28 06:09:19.681+01	f	Sneha			snehasagari1999@gmail.com	f	t	2019-04-28 06:09:19.568+01
364	pbkdf2_sha256$100000$x3rJgUtMVbIf$TWSl5Tg0qiVSsby8WjzcGPgsVtBBrEpZqDjpeyTEZP4=	2019-04-28 16:11:24.693+01	f	abi			abidah260498@gmail.com	f	t	2019-04-28 16:11:24.572+01
365	pbkdf2_sha256$100000$Xhp2k6nett1t$ZGkvTKZ826xLyjYqfcRW3V58woeKJrWPrDo4Q8lhIMc=	2019-04-28 16:53:54.33+01	f	Karthikeyan			karthikeyanvlr24@gmail.com	f	t	2019-04-28 16:53:54.217+01
366	pbkdf2_sha256$100000$uLEAChR9GAJx$WKJB+fh8jO9xBwHvbBnTiYuvX94uOGcErVMgnMdn8lM=	2019-04-29 18:45:12.327+01	f	xh.			xhonashparthii@outlook.com	f	t	2019-04-29 18:45:12.209+01
367	pbkdf2_sha256$100000$3y7suDgHG6CG$XvFIiyOCSzeUHPeoeYXHBx06Q1hs4J1d8GdJnrdHpgQ=	2019-04-29 19:11:48.21+01	f	Gimevenialgo			gimevenialgo@yahoo.com	f	t	2019-04-29 19:11:48.096+01
368	pbkdf2_sha256$100000$9IGtI3vg0hxD$ogs9HZX6PhVxtIHdLnrFMVQ3hoxrx6c0rapDRQi41pc=	2019-04-30 18:50:00.945+01	f	Ugu			ugu10@hotmail.com	f	t	2019-04-30 18:50:00.828+01
369	pbkdf2_sha256$100000$NVr8DJNOihk7$mmUZS4/5LEeCB1E+cmu0zOGxN89Fb/vDwRmOY6onAwU=	2019-04-30 22:46:46.372+01	f	7777777			7777777@hotmail.com	f	t	2019-04-30 22:46:46.26+01
370	pbkdf2_sha256$100000$DCzJhiTtyTiM$1T89/Ith4iRau5o18dS4N9NBJyp1r1mPRR1XYTvsO78=	2019-05-01 08:04:39.826+01	f	harikrishnan			psharikrishnan605@gmail.com	f	t	2019-05-01 08:04:39.714+01
371	pbkdf2_sha256$100000$DCORvif4V27r$2VdJ9cDOhXRRTTLhppucmK6w67WO3Um71FDqgjim3dc=	2019-05-01 21:03:33.282+01	f	Varec			ondravalek95@gmail.com	f	t	2019-05-01 21:03:33.165+01
372	pbkdf2_sha256$100000$NZ4yxS0r55qz$uMARV0UBTqyp3pEH2KRgW8xiZvRaHc0nUTmfQ9uxiOA=	2019-05-02 03:05:38.026+01	f	NMFGER			mercado_noel@hotmail.com	f	t	2019-05-02 03:05:37.91+01
373	pbkdf2_sha256$100000$vPtqfq6757Nb$ypU6g0LqadYhUzeyTWCHx3fwrtsqQqt5/ZgeGr1JDHc=	2019-05-02 03:16:17.296+01	f	EAFM			eafm57@gmail.com	f	t	2019-05-02 03:16:17.183+01
374	pbkdf2_sha256$100000$Io3hS9ufqqpD$uDQW+DY2IFBwVOUs72wObv+BfanGyGTNPId+ltAr0Us=	2019-05-02 05:09:13.452+01	f	iluklusi			iluklusiana7@gmail.com	f	t	2019-05-02 05:09:13.343+01
375	pbkdf2_sha256$100000$BNKaib4V9QgD$vn7M/XS3jmX0YS5MdgY33Ie6klahfHUcLCXuDEp2Hmg=	2019-05-03 15:46:11.103+01	f	Testerhnb			bill@vdsina.ru	f	t	2019-05-03 15:46:10.981+01
376	pbkdf2_sha256$100000$eoSVsukRqJ42$PMR0Tyw5CLqGlgz5XvBmWiafmnmOVcYpElZrizNZ7Hk=	2019-05-04 05:03:10.478+01	f	ahmedsherif1996			ahmed1996sherif@gmail.com	f	t	2019-05-04 05:03:10.368+01
377	pbkdf2_sha256$100000$D4wu3RuozF4K$61hKNsqGH63aRqaxwZY23JAqQvjwhsRPgH0Gbh91kzU=	2019-05-04 05:51:57.579+01	f	Kumardodagattu			Kumardodagattu@gmail.com	f	t	2019-05-04 05:51:57.47+01
378	pbkdf2_sha256$100000$MG6gyS9QEERH$9FKz+O5lYmaD4EYvpg8wetKVly/TKGIOfJpi99D/Bh0=	2019-05-04 19:16:38.929+01	f	Amazonnnafq			bill@vdsina.ru	f	t	2019-05-04 19:16:38.814+01
379	pbkdf2_sha256$100000$LYptwbKNlcGe$LMCUtEfgCEVt3gexeD0KJFb5dpMgcdd4vkjIPZGzQRc=	2019-05-05 09:35:35.736+01	f	Sefa			sefaguluzade@gmail.com	f	t	2019-05-05 09:35:35.621+01
380	pbkdf2_sha256$100000$lcB04iuZiOHi$8lcH8wLWaHWSx7MJP5Q5XkX7uubpKhJRbVfOhIwLURI=	2019-05-06 08:37:20.392+01	f	Aaronadkins			aaron@aadkins.org	f	t	2019-05-06 08:37:20.271+01
381	pbkdf2_sha256$100000$sehtcSHyi4S9$Rf3/g1Gh+gvhd0LAp1Rhg9uZothFgwa35AOO3+3VVKg=	2019-05-06 21:13:50.354+01	f	aprilynne			aprilynne9@gmail.com	f	t	2019-05-06 21:13:50.235+01
382	pbkdf2_sha256$100000$LfUbhFlGEn2l$A6i3tltp2HPwTBrQt2EEAR+ZIU8rN0pZpWEFidZQ6Jo=	2019-05-07 01:38:50.229+01	f	Linksyswkc			lumbcentperpey@yahoo.com	f	t	2019-05-07 01:38:50.108+01
383	pbkdf2_sha256$100000$XjVr8DridUn8$TLRc2YBcxgR18FAMqOf9pD21vItcCakWVdIt0tV6agA=	2019-05-07 10:42:04.59+01	f	rbartolome			rbartolome@actanis.com	f	t	2019-05-07 10:42:04.467+01
384	pbkdf2_sha256$100000$hDSkoUVKfS1m$FWPmoOjxvBrYsEyLNux0BVc0MzJyEWCKoIFC+Sv4Ut0=	2019-05-07 12:11:18.321+01	f	Paurik.Patel			paurikbecivil@gmail.com	f	t	2019-05-07 12:11:18.127+01
385	pbkdf2_sha256$100000$QgpwMnyYsmDP$/7bn7PnSh6RegMtrTM2pwI9UTXtsC+JO2Bj0zRHXb0k=	2019-05-07 12:16:52.882+01	f	Rapapap			delosreyes12324@gmail.com	f	t	2019-05-07 12:16:52.761+01
386	pbkdf2_sha256$100000$SFbI9xY0PHMB$FPExaGSOsN36KaAaqoOJxL1ps0Q4ZY0Sf/Au+3rp+B8=	2019-05-07 13:03:58.367+01	f	afrozhp786			mdafroz233@gmail.com	f	t	2019-05-07 13:03:58.242+01
387	pbkdf2_sha256$100000$kr5RgtY7lQ5t$tiFYCNi/1G2aSGnJM2oJ0M+rIpvTr1sa2VBR6LCrvRM=	2019-05-07 16:59:45.341+01	f	Vighnesh			gaudevighnesh02@gmail.com	f	t	2019-05-07 16:59:45.226+01
388	pbkdf2_sha256$100000$6Z3ixOlhUmPl$UMVN0ATuPkADTZTzIZOnvfVx61XKeVTi/3e7+g4dVIs=	2019-05-07 17:51:06.248+01	f	infogirts			infogirts@inbox.lv	f	t	2019-05-07 17:51:06.122+01
389	pbkdf2_sha256$100000$sazz42Ld3XMH$bU5aJVtW1/qszcbzqZrYTnGGptzXgqwhkyWDaZcghaM=	2019-05-07 22:52:50.464+01	f	denis24			denis.bardhi24@gmail.com	f	t	2019-05-07 22:52:50.343+01
390	pbkdf2_sha256$100000$h5rAEd8fQ21L$NljTcAdTavCIqF0e3CkRGHIsuP9U+CP0+gq9ql7Fmts=	2019-05-08 01:40:38.093+01	f	Paul			paulcortez03@gmail.com	f	t	2019-05-08 01:05:32.32+01
391	pbkdf2_sha256$100000$relP6ldWcqj2$mrM4UWkDz6Gu2rTxQcq50bQOZunLx0aQQ1E7JuX4u24=	2019-05-08 04:39:58.053+01	f	haryatnoam			haryatnoam@gmail.com	f	t	2019-05-08 04:39:57.939+01
392	pbkdf2_sha256$100000$5BlYI9u16upt$qoRhP4CtYz2kV3Ck3UmjsUNTVaYzSLAPw7A9R/5UFm0=	2019-05-08 10:56:15.858+01	f	leoanderson			leoianderson@gmail.com	f	t	2019-05-08 10:56:15.72+01
393	pbkdf2_sha256$100000$bGEYlShSW6jU$1aDplk/Cm7zTMQyBWnzIoWAb55YCocSR5oTZS/XWO18=	2019-05-08 11:21:22.005+01	f	Pouringtbo			poehesvasect@gmail.com	f	t	2019-05-08 11:21:21.876+01
394	pbkdf2_sha256$100000$luvUW6rmke3t$LuKBIAnKqdP2w/2jBwsPYqRqwkeWJg3iPmHHy74kVSw=	2019-05-08 14:29:22.012+01	f	EK			eerik.kask@yahoo.co.uk	f	t	2019-05-08 14:29:21.877+01
395	pbkdf2_sha256$100000$D7hjjLTh1gIS$cYnHUCr8GFlToWTbE+2P+zG3nmtE2/H9dUgpJ2ZZcdU=	2019-05-08 17:34:04.283+01	f	m4jug			gurjeevan.boparan.amtc@gmail.com	f	t	2019-05-08 17:34:04.161+01
396	pbkdf2_sha256$100000$ucYX6ngO0bsZ$PnSV27PMv/F154gAfnKiLCDcyeHMZgowbG+cwjXXTqQ=	2019-05-09 00:38:16.026+01	f	arasburak44			arasburakaslan@gmail.com	f	t	2019-05-09 00:38:15.885+01
397	pbkdf2_sha256$100000$jd38Ouf72Fpp$1Lig4KchqDhTEYlXgZnmCvKPQdLMKxofMlTiUSK7Eh8=	2019-05-09 05:54:34.197+01	f	Milind			milindo1625@gmail.com	f	t	2019-05-09 05:54:34.084+01
398	pbkdf2_sha256$100000$78hIkE9swEAQ$sgHhqnPHDi0BJ93FRTAdWZ7tGTkst4fZMT13ICiJ1c0=	2019-05-09 08:39:49.968+01	f	biancadippy			biancadippy@gmail.com	f	t	2019-05-09 08:39:49.854+01
399	pbkdf2_sha256$100000$FvtTwrqjQuR9$/dl65vF59sPGMFd1YLKsJb2QecbbFV9OFE/ul+wLEEw=	2019-05-10 14:39:02.918+01	f	iamsinned06			iamsinned06@yahoo.com	f	t	2019-05-10 14:39:02.802+01
400	pbkdf2_sha256$100000$BcM1HTfzv1aN$TndarSDUSWqr3WAgdr4qLFOGxwnA5EbH9ANiZevJOsU=	2019-05-10 17:12:34.476+01	f	amartin			marti_angelov@mail.bg	f	t	2019-05-10 17:12:34.364+01
401	pbkdf2_sha256$100000$CX8ZjUssDpBE$vHuOZ0mTu1WRwGDUw5go4JirNkUPLIn6ymQ8qRM47FU=	2019-05-11 04:30:31.325+01	f	asimsaeed123			asimsaeed123@gmail.com	f	t	2019-05-11 04:30:31.195+01
402	pbkdf2_sha256$100000$sSCY5LT8Cr2c$H6M43VAUxsZyHb65Kpi//HxGbL3B8gCa4AvSNFlIL68=	2019-05-11 07:26:02.54+01	f	Annotationsgji			director@vdsina.ru	f	t	2019-05-11 07:26:02.415+01
403	pbkdf2_sha256$100000$UWiXfQtLwd39$lMaZVgXoPgHFD0GNZE5pWRlalU217TAJJF0FHuHN5qk=	2019-05-11 09:55:57.255+01	f	skellyton			skellyton582@gmail.com	f	t	2019-05-11 09:55:57.124+01
404	pbkdf2_sha256$100000$G6hiXAh3vfAE$QfaSesHObSFKOkPVwAi0+oAUZ52iEApYJdBRkyp4E0c=	2019-05-12 03:06:37.928+01	f	Kyongjunkim			kkjonkkj@gmail.com	f	t	2019-05-12 03:06:37.814+01
405	pbkdf2_sha256$100000$rOWmiEYMIcxt$E42iFlrI8Ey1jAt/c8l8nOTllAiLD6I6hiP7VEkjXz4=	2019-05-12 12:12:34.024+01	f	BlackVuewlq			director@vdsina.ru	f	t	2019-05-12 12:12:33.909+01
406	pbkdf2_sha256$100000$H6P5GA4QiN0A$PBRVHK21NybFLH5xIE6gDnZ3CJ8ZpWVkOtZ2BM9KNBM=	2019-05-12 16:11:23.524+01	f	KieranLyons			lyonsoliver.kieran@gmail.com	f	t	2019-05-12 16:11:23.384+01
407	pbkdf2_sha256$100000$sVZSiAWEhfs9$EpSlEtZJN1IxvCfHqqLW9dC3ymE8enhek6L0FxQEggI=	2019-05-13 02:38:07.772+01	f	s213253976			s213253976@mandela.ac.za	f	t	2019-05-13 02:38:07.662+01
408	pbkdf2_sha256$100000$frsS5XRmH6Sr$Gy69jAumBPayoYNxWXmXGxPUenjjLBaLWWYBU5IClSU=	2019-05-13 03:07:40.026+01	f	ndahman			ndahman@hotmail.com	f	t	2019-05-13 03:07:39.916+01
409	pbkdf2_sha256$100000$DoktqVbIN7kI$754s6XLkVQThhz2+BanPT+1+gtYEQL3PtnHefsPDAqg=	2019-05-13 05:07:01.406+01	f	Ptree			patrick_tree@hotmail.com	f	t	2019-05-13 05:07:01.292+01
410	pbkdf2_sha256$100000$ZYdJvXxmGoO7$Wl9ylwrLqVbFBVAQpshZMhe72kv31f8WsJzDxYTbd/w=	2019-05-13 14:27:07.144+01	f	Wendimu			wendimutolessa@gmail.com	f	t	2019-05-13 14:27:07.023+01
411	pbkdf2_sha256$100000$VrtqIgRm46ho$xeJIo5suNFKtI3Z4H2qQkswUG6w7Km8qgDtheYXvckM=	2019-05-13 22:16:36.852+01	f	Misbah			mxdmisbah@yahoo.com	f	t	2019-05-13 22:16:36.733+01
412	pbkdf2_sha256$100000$94NgMqHF0XwA$AGx/pgCX8eT59+mMK/6Gk48QQfnmi09touAzQi7qqGQ=	2019-05-14 00:07:55.492+01	f	Adyel			adyel1986@gmail.com	f	t	2019-05-14 00:07:55.373+01
413	pbkdf2_sha256$100000$zJR8FkUYF089$rMTzuaFM/bkav7EAbCvVnOcZU/DAU0zVjAddX4DtshA=	2019-05-14 10:00:52.988+01	f	firereda			firereda@gmail.com	f	t	2019-05-14 09:56:24.735+01
414	pbkdf2_sha256$100000$7mSgo0nvPfzq$JD8pdSjab8+MdDsgd42goX/tDLOcsakUxQMFHDedEoo=	2019-05-14 10:02:31.345+01	f	Mohannad			mohanad.1999@outlook.sa	f	t	2019-05-14 10:02:31.227+01
415	pbkdf2_sha256$100000$YnsM1ExeV2Dt$t96mcsIww44p7zYwr29hF7PyBsoMbeIklPuIGBDiij8=	2019-05-14 17:28:17.446+01	f	Katallyst			p_brandao87108@hotmail.com	f	t	2019-05-14 17:28:17.328+01
416	pbkdf2_sha256$100000$LkhBEmiHdQ1E$vLBtjKBXOC0+Er18G2BhPL15jkb+ZOCsLQb3mRj0FJY=	2019-05-15 13:56:46.542+01	f	Fikriuuu			mainfikri@gmail.com	f	t	2019-05-15 13:56:46.414+01
417	pbkdf2_sha256$100000$0DRxLZK03qcs$wA7dpBTBZ1vZPENHhpyndqBjjsh6c5vNe0ARgUcLDls=	2019-05-15 15:45:24.17+01	f	Nhanhm			nhanhm13897@gmail.com	f	t	2019-05-15 15:45:24.042+01
418	pbkdf2_sha256$100000$X5uroTW46JfH$LVVS6Ure9DjmT93Onu+8uufLYvGLWPqPKfIxVK9hXkc=	2019-05-16 03:43:49.752+01	f	Akshay998			akshaykk998@gmail.com	f	t	2019-05-16 03:43:49.617+01
419	pbkdf2_sha256$100000$KRNC2JHNlTig$lZazgnaqS06+iJcgy2n2RvHjkZpdzBgpnSNLanoOvJc=	2019-05-16 10:09:16.01+01	f	Basith@9527			abdulbasith538@gmail.com	f	t	2019-05-16 10:09:15.888+01
420	pbkdf2_sha256$100000$mCaQwgHoqLtV$qDJ7D3c1OX4nc4ewYMuIQKZDSvBWPhM77f5cdO5jsNM=	2019-05-16 18:42:16.643+01	f	midhun			msrimenon@gmail.com	f	t	2019-05-16 18:42:16.522+01
421	pbkdf2_sha256$100000$oMcgyWbkpp3H$+jq3zmMCUJfihYzJS2KK5yzxG41A+eYg72BtG9jMAcw=	2019-05-16 21:35:12.381+01	f	huzaifaimtiaz			huzaifaimtiazh49@gmail.com	f	t	2019-05-16 21:35:12.267+01
422	pbkdf2_sha256$100000$2ytI999iHq7x$LDMij4Rd3cUPnjY8wavZHxZTV+Uvb9DAB+6kG1i2xRM=	2019-05-17 03:15:16.089+01	f	Professionalchk			craydx@live.com	f	t	2019-05-17 03:15:15.958+01
423	pbkdf2_sha256$100000$fQnl3mViF0Zw$dGdzIYFRtvURSY54PXuyt0GnTUTVUPdK3HCSt+eNCkk=	2019-05-17 07:40:51.166+01	f	Cat_and_Mouse			tasha.bycroft.2@gmail.com	f	t	2019-05-17 07:40:51.038+01
424	pbkdf2_sha256$100000$OlZG2YFUxrJA$d52ZKRJPhUqXj+QSS7L/MAB9CXt2sQ2OW10fqD02to8=	2019-05-17 12:44:28.712+01	f	ktd222			ktd2222222@gmail.com	f	t	2019-05-17 12:44:28.596+01
425	pbkdf2_sha256$100000$OpcvFf3is5OC$jIa11ONj3UZeR9PwobgydHZA1zE5wYOqK/Ah/gdyCvQ=	2019-05-17 23:01:10.268+01	f	atiqur			atiqur.rehman07@gmail.com	f	t	2019-05-17 23:01:10.153+01
426	pbkdf2_sha256$100000$AL1sHqLP3AXA$qohPEuqHv4nyTJLQK+Is3tlhjErJWmys4qAOGSy085o=	2019-05-18 08:02:39.914+01	f	Basma			basmajoumaa@gmail.com	f	t	2019-05-18 07:52:04.214+01
427	pbkdf2_sha256$100000$8IIsrZ0gdTJn$MjHHLcN5NrmILAsph+YeGHKs1jwwlPKdl9xxxap5Xhc=	2019-05-19 03:22:20.036+01	f	Pandeyogesh6			pande.yogesh6@gmail.com	f	t	2019-05-19 03:22:19.92+01
428	pbkdf2_sha256$100000$VOjiGK17Uz6U$0d4Nwj2lO8F27Al7gA1YYVfCLs66PcERrsjbqpZ91U4=	2019-05-19 06:07:13.341+01	f	Viivii			viasarmiento007@gmail.com	f	t	2019-05-19 06:07:13.224+01
429	pbkdf2_sha256$100000$8Y3XxVuQ8Q9r$WPcGb7JNFrpFq4ykz6kIsbGqENsJVIp7AiChsVSbLnk=	2019-05-19 06:13:24.305+01	f	SyafieSafri19			700022345@student.curtin.edu.my	f	t	2019-05-19 06:13:24.171+01
430	pbkdf2_sha256$100000$8zckYCufRq6C$3BvvlTUJ8USCxUIqMAtXmYv7iNiqPpVspF+r9HZkIz8=	2019-05-19 19:00:29.974+01	f	Fendertup			director@mchost.ru	f	t	2019-05-19 19:00:29.836+01
431	pbkdf2_sha256$100000$P4M2Z15VmyVf$FmaoLcZgFqM0/VMKktlB1uY+NWks8Lhm8xHyJL8NmiU=	2019-05-20 01:51:21.253+01	f	Suleyman9983			nacafov9983@gmail.com	f	t	2019-05-20 01:51:21.139+01
432	pbkdf2_sha256$100000$4bgyjPB63tSb$WUk8DsXxdKOlXEJvcte5J12w1WroFL8DqrCgMpcMXG4=	2019-05-20 08:33:12.698+01	f	Loki9900			Razermabioki@gmail.com	f	t	2019-05-20 08:33:12.553+01
433	pbkdf2_sha256$100000$ILO2jBUzikk5$Q4M0qezPD5lY+OT/1G880Wp6eknqjNoD2yfgi7VCtBg=	2019-05-20 08:51:48.377+01	f	Barbie-123			inasse.elabbadi94@gmail.com	f	t	2019-05-20 08:51:48.262+01
434	pbkdf2_sha256$100000$hzbTieinQNPR$3Vu8gRgMAoAzHTvOYZLkHi/FDgcmGlRBG9T/1yRK/4I=	2019-05-20 11:18:56.544+01	f	christian24			jxrgjason@gmail.com	f	t	2019-05-20 11:18:56.431+01
435	pbkdf2_sha256$100000$tqaoPh9xFGf6$v+RbcZ8ZyanzbURg9qNIP7fPYdM1A/56IQFffrRHQGw=	2019-05-20 11:19:20.271+01	f	christiancym			jxrgjason@gmail.com	f	t	2019-05-20 11:19:20.148+01
436	pbkdf2_sha256$100000$35YVt9iNfUW1$r4HrQi6ad8e/HMB6jP8T6dzNcFi0EwkFhG3s1LZROaw=	2019-05-20 13:07:15.239+01	f	shadi			shostovari@yahoo.com	f	t	2019-05-20 13:07:15.125+01
437	pbkdf2_sha256$100000$rbUZUFtxp8Uz$YRR/LrWtSRZoV6BwMLFqaCBVXblqEllk7Klg5J7IXSQ=	2019-05-20 16:53:05.275+01	f	ben432			benjamin.jones432@gmail.com	f	t	2019-05-20 16:53:05.139+01
438	pbkdf2_sha256$100000$v9x0czEhlX5H$bncjaQx53bbo076LThDX5uD7l87jiqge4GA3RNov6GA=	2019-05-20 22:08:09.913+01	f	Rasool_izadi98			rizadi77@gmail.com	f	t	2019-05-20 22:08:09.793+01
439	pbkdf2_sha256$100000$f9x9YcBCJE7h$RYQXcfUJUu+B85Wkc629MD+CsX2juXOxyfaxQc0jWQw=	2019-05-21 14:00:45.771+01	f	TonyK			kwongctony@gmail.com	f	t	2019-05-21 07:33:23.56+01
440	pbkdf2_sha256$100000$yw0Ibdk0YRHY$rJ6rV1IGDAIjy8IrtIyGXZpmQeiwKlumfNIWQBFY8+E=	2019-05-21 08:17:49.936+01	f	virgileq			daniel.nowosad@gmail.com	f	t	2019-05-21 08:17:49.82+01
441	pbkdf2_sha256$100000$BR7kWYO0M8sx$cAUeR+yLJ3EdbKqKL6tjS+OJFnjEKhnIzKDDF9x0jaQ=	2019-05-21 10:25:15.429+01	f	fiza			nurhafizah.fieza95@gmail.com	f	t	2019-05-21 10:25:15.06+01
442	pbkdf2_sha256$100000$Ocjz7ZEX8Wb5$tMN9QGIqjgI0EOiIcnOgciZMo+rEyfiiYGv2G2NRa14=	2019-05-21 12:49:04.64+01	f	H91			radinhadar@gmail.com	f	t	2019-05-21 12:49:04.518+01
443	pbkdf2_sha256$100000$dPsgACuCnxuu$SMcEzQdDNx4tMgoV87yzyecbHX8lRXSuZStHhrwcN7E=	2019-05-21 14:12:40.494+01	f	Anjum			hello2anjum@gmail.com	f	t	2019-05-21 14:12:40.38+01
444	pbkdf2_sha256$100000$j9Bam2xrWEm1$dENVQjhsY9R1M+6SHq/wLg7cRLFiFjmblp4HikERcEY=	2019-05-21 16:48:31.923+01	f	Juwel2007			juwelbrah2018@gmail.com	f	t	2019-05-21 16:48:31.809+01
445	pbkdf2_sha256$100000$XcRXQNTlCtRO$ra8w2d8K5+KtNwK05o7yMbVPgYhvtDUOFKJCvhpDk+c=	2019-05-21 19:09:28.446+01	f	Premiumzyv			the400mrunner@yahoo.com	f	t	2019-05-21 19:09:28.325+01
446	pbkdf2_sha256$100000$KLz42pSfr1Mj$uglG9kaAhZ2tfwoHUdZzVhwRVDhDrAYOnTQLbJ3LAwc=	2019-05-22 10:04:15.127+01	f	yeyna			lyanamalek@gmail.com	f	t	2019-05-22 10:04:14.992+01
447	pbkdf2_sha256$100000$lEr3hpW0UNzQ$NKyKl+fAMaxWui37i3ao7c4Uas9uSuyPFjtExJ2qPeY=	2019-05-22 10:13:53.595+01	f	cnana			nglchamith@gmail.com	f	t	2019-05-22 10:13:53.479+01
448	pbkdf2_sha256$100000$AFlTmc3gUZ1e$uUkz6dwaQdz7kic0ZYhd5MgzGjB+Fv3MBIq0uFkfQSQ=	2019-05-22 11:02:55.145+01	f	taripang			azz.kckr.00@gmail.com	f	t	2019-05-22 11:02:54.967+01
449	pbkdf2_sha256$100000$oWj8OtNi0CH3$dClR3+CTORZ+mMSW9TXZaB8HmZ60D1j5QHYjAxbmaM8=	2019-05-22 19:07:59.599+01	f	ChrisGarcia			dosnoch@gmail.com	f	t	2019-05-22 19:07:59.477+01
450	pbkdf2_sha256$100000$JBVSp3aJqoCZ$j0YRZc6rngqXHXeT4ahWOar+GKiVAWxYiLLFwqKcHKg=	2019-05-22 22:19:50.187+01	f	Ibrahimk			ibrahimkadri@yandex.com	f	t	2019-05-22 22:19:50.054+01
451	pbkdf2_sha256$100000$vJKKyjkkgzyj$lAOgkDv3KxG4AyacAwt5yIB9S7Z0DL3ZqFq38b788Rw=	2019-05-23 01:50:14.442+01	f	TEygelsheim			tiaan.eygelsheim@gmail.com	f	t	2019-05-23 01:50:14.322+01
452	pbkdf2_sha256$100000$7K57Hiqbj0jI$DTidCW3muUkft/Euq37uR6EdnuLD2yuC24iECkeC9zE=	2019-05-23 17:08:08.486+01	f	ritvikm			canadian.rit@gmail.com	f	t	2019-05-23 17:08:08.35+01
453	pbkdf2_sha256$100000$NY5HAujV88xw$7TEEFC9soJ1MP9Z0H/4nx2TBX6MEvwf/SrkKmu9uGEM=	2019-05-23 18:40:50.106+01	f	fredric			fredric_granlund@hotmail.com	f	t	2019-05-23 18:40:49.981+01
454	pbkdf2_sha256$100000$MUx9QFDLsHN9$ftKJfYB8UKoj271c+yueadwiCxc711yV6WT3jDFDmNU=	2019-05-23 22:42:38.321+01	f	Flukewkt			miko99337@yahoo.com	f	t	2019-05-23 22:42:38.199+01
455	pbkdf2_sha256$100000$9shUcq383Pov$Vusm5V1px4fVbVQbV5IwrN+fTp+9IX+NiGDI1lQ7fro=	2019-05-25 05:06:18.915+01	f	swanjan			swanjansetu@gmail.com	f	t	2019-05-25 05:06:18.79+01
456	pbkdf2_sha256$100000$D9kQlXgwGtHA$VUim90bvARZbXlR2ismbJfcgiTq/Rz1x4D5BjBgUrOE=	2019-05-25 05:28:12.826+01	f	dodochenrl			501289999@qq.com	f	t	2019-05-25 05:28:12.709+01
457	pbkdf2_sha256$100000$Fo7dhwyenWwY$B6Fhv+gAexoZ4TJmnYkIEp552JQ9Ha/UsGdgu0PPj0o=	2019-05-25 16:41:58.754+01	f	syg			structural@hovmands.dk	f	t	2019-05-25 16:41:58.634+01
458	pbkdf2_sha256$100000$BOpkucG4Bs2F$NrC0wym/CnY/hJ9LJVuypTmaIJIC8RGx0FOjdkkM2FA=	2019-05-26 04:59:48.896+01	f	Extractionhlm			singmarruilop@yahoo.com	f	t	2019-05-26 04:59:48.782+01
459	pbkdf2_sha256$100000$PexrY7wOdrcq$vMt1WKnLg28v1UPMGi8YB/7T9dU7IBXhlGt8FYTeFOk=	2019-05-26 11:22:42.121+01	f	kris-chan			kristian.aviles@hotmail.ca	f	t	2019-05-26 11:22:42.006+01
460	pbkdf2_sha256$100000$Gwerxt84xxyz$3g3oudA0numVfH2PiMvrxuzaKdeAhHxVRUPEheDzxmo=	2019-05-27 03:07:53.58+01	f	Sandrolaia			sandrolaia42@gmail.com	f	t	2019-05-27 03:07:53.47+01
461	pbkdf2_sha256$100000$YLoT68w1OLWL$L3TRg98UEd7q7ixv6E+Jn66ol0/9CZmSqroI/9iMPMI=	2019-11-15 20:04:47.506+01	f	dbag123			tttt257@hotmail.com	f	t	2019-05-27 07:53:43.011+01
462	pbkdf2_sha256$100000$oNSSFzsDUvOU$CwbxUzXMgpk7lMaDPYuXDQQzkViu4ytjC5tJc5mPf6Q=	2019-05-28 07:39:11.774+01	f	tomalbzs			fltomal08@gmail.com	f	t	2019-05-28 07:39:11.657+01
463	pbkdf2_sha256$100000$l2swB4OZ1ZxC$O+vRIagLpIUP5mrmaDt+qi2Q9BXL5+soIgxD1veL8gk=	2019-05-28 12:15:11.36+01	f	Clamcaselop			efrain.j.hidalgo@gmail.com	f	t	2019-05-28 12:15:11.233+01
464	pbkdf2_sha256$100000$iFTcMBfYBD7o$FTYb5Wie6EKWDec/vNcDrKibamzRjb6qYKQqu7o2iNk=	2019-05-28 12:30:06.563+01	f	jimmyuk800			Jukairo@outlook.com	f	t	2019-05-28 12:30:06.406+01
465	pbkdf2_sha256$100000$E4oaP29782e4$/rE13GX2r7FnA6C2OrC5U84lLOtQJ4PVIF48C1nrfRs=	2019-05-29 20:03:19.326+01	f	reinis.strauhs			strauhs.re@gmail.com	f	t	2019-05-28 13:34:17.866+01
466	pbkdf2_sha256$100000$cVPGKh4iUBnx$jU2QJH121/OzxAI0ZgMx/MpS4zOotfO9ulSAN31vbFA=	2019-05-29 00:47:03.512+01	f	Ah.Edris			shegarfedris@gmail.com	f	t	2019-05-29 00:47:03.392+01
467	pbkdf2_sha256$100000$WMP64MSQWZTQ$hUf4HmWakC5y+rowfq52AyjmvOgemzDucgV/5nX+OHU=	2019-05-29 02:04:18.728+01	f	eiigna			eiigna@hotmail.com	f	t	2019-05-29 02:04:18.615+01
468	pbkdf2_sha256$100000$Gmx1aSalIUvN$RYvKMLMHPI0UCgiCQx0SoWDyAk7t6eTyr28m3SiKNg8=	2019-05-29 02:39:55.371+01	f	Jesus43			jesus_bautistavaladez290898@hotmail.com	f	t	2019-05-29 02:39:55.254+01
469	pbkdf2_sha256$100000$CVpsYpCnLGLA$bT3h7g+YOzDYJZE99hfkfqHdSjph7FdGQGAwwmUdSUA=	2019-05-29 07:02:36.907+01	f	Wirelessjfc			southfusaro@mail.com	f	t	2019-05-29 07:02:36.778+01
470	pbkdf2_sha256$100000$Oumzcsds6XTF$7ScPOsKziOBbYbN1aFR8N02CPNVGWddjJbnF6Uj7c9M=	2019-05-29 16:12:21.01+01	f	jdeanda09			jldeanda_x@hotmail.com	f	t	2019-05-29 16:12:20.896+01
471	pbkdf2_sha256$100000$n20B8ht248Ea$l4Q4aYGpRdVHGD5MDEGeCN4/M6ZSABugY+vHwVZKv+g=	2019-10-07 18:21:39.142+01	f	Sam212@			samarthbhaya2009@gmail.com	f	t	2019-05-30 08:20:56.597+01
472	pbkdf2_sha256$100000$f3ku3YEK4kE4$G/hikbrV5X2x8KnmJ35ji4EeP0asVJ3Ps1t2x12PCyk=	2019-05-30 21:11:31.364+01	f	Squierzzg			slocascio@michaelrussellgroup.com	f	t	2019-05-30 21:11:31.251+01
473	pbkdf2_sha256$100000$ViY24WtqGZWX$Fx/oVIrJqt6xINJhtcR/E/49jk83Kviz1UDZKywZ4qA=	2019-05-31 04:10:26.99+01	f	Peter.o.g			peterakpanjnr@gmail.com	f	t	2019-05-31 04:10:26.877+01
474	pbkdf2_sha256$100000$mnijYWFAlPZY$zi+/XLBhvpG8RtYZcjQ7LyFX3H+pFNifmOBf5tT9YBs=	2019-05-31 07:37:08.112+01	f	Yalor			yarlor2013@gmal.com	f	t	2019-05-31 07:37:07.999+01
475	pbkdf2_sha256$100000$aYek0sUq6sv8$CVMLsHlDGmFWPuHlgFtqbZ4lk9/7BtSP+8JToU/lmSw=	2019-05-31 17:51:36.844+01	f	Syaifulahmadi602@gmail.com			syaifulahmadi602@gmail.com	f	t	2019-05-31 17:51:36.723+01
476	pbkdf2_sha256$100000$MgtaOQUFRcif$E2d2NzUJQjGCOve/d7Kvg+EH/0mWldsZ/FRgE3k5tWs=	2019-06-15 17:46:38.996+01	f	owais			abc@gmail.com	f	t	2019-05-31 18:44:00.4+01
477	pbkdf2_sha256$100000$JtmnoRpsVA6b$zpX3yaUpx63gwHBnzfLl4I9CnNmjHJzoTPQn1Y04T50=	2019-05-31 19:22:20.833+01	f	Minelablof			wmualum91@yahoo.com	f	t	2019-05-31 19:22:20.71+01
478	pbkdf2_sha256$100000$21u8XxsMLOgh$mrkuT2uzYG9t4TasYB+7nWtRyuBvm6LDV/oTL8tIf6U=	2019-06-01 03:33:46.674+01	f	Marshallffv			xelajair@aol.com	f	t	2019-06-01 03:33:46.559+01
479	pbkdf2_sha256$100000$kJUJFMNuNG6M$Vm+WBvJaUx4nNJc5aQ2TfwqhHCL6b9khS7SQIsMqg3E=	2019-06-01 20:09:08.959+01	f	rtaube			rudolfstaube8@gmail.com	f	t	2019-06-01 20:09:08.824+01
480	pbkdf2_sha256$100000$qZS8F8Uto4lG$26+aMI495cwVQ452921GZFrDkOvBIWIN4BkNKOTjAUw=	2019-06-02 08:51:05.505+01	f	Mabu			mahbobulhoque@gmail.com	f	t	2019-06-02 08:51:05.363+01
481	pbkdf2_sha256$100000$y7Ph1fmjYvuJ$PcXbJYhCQZie+qkHoiIG5oO5IpkKlHttT4u26GoR6kM=	2019-06-02 18:26:41.413+01	f	rencis			renatsp9@gmail.com	f	t	2019-06-02 18:26:41.296+01
482	pbkdf2_sha256$100000$DXZJpZuSaD26$EM/R77lrIg14mf/knkHJk3p3lHCgz4uhS5ZauokWjiA=	2019-06-03 02:48:25.266+01	f	GAUTAM9688			grathore.bnb@gmail.com	f	t	2019-06-03 02:48:25.139+01
483	pbkdf2_sha256$100000$db9XEClHCu70$uSw1HBktO60NwewnlGcYxR+l3NZ4F+C+y608jxMvSn4=	2019-06-03 05:44:21.52+01	f	Riggy1996			riggyboy1996@gmail.com	f	t	2019-06-03 05:44:21.396+01
484	pbkdf2_sha256$100000$N4alCLmWgObp$tFmk4l3VsPxrU1/PR2U9qt++EG/dCTK6vaLxInKitlQ=	2019-06-03 09:26:59.85+01	f	justin@leiglandbygg.no			justin@leiglandbygg.no	f	t	2019-06-03 09:26:59.733+01
485	pbkdf2_sha256$100000$J6chJUkjqcD8$60xUImmGCAXMvhSXuKXq6tnpaQ/7GnghpDkFG46+1Mo=	2019-06-03 10:47:09.121+01	f	Artisanpfo			rubbercrumbman@yahoo.com	f	t	2019-06-03 10:47:08.991+01
486	pbkdf2_sha256$100000$zY5Kbd8egpdQ$S6Piqs0PebbmeDfE7CtccNnyDeyqAX+axY+kpfoQuCk=	2019-06-03 14:51:09.305+01	f	charles			yuhnjua@gmail.com	f	t	2019-06-03 14:51:09.168+01
487	pbkdf2_sha256$100000$GlKD4uGL4Dn2$e9qrm8vgeiQ6HBaTNp4+Y4wFSH29m/yccWw8aabrmQ4=	2019-06-03 20:11:33.174+01	f	Pedritoinf			ricardoij13@gmail.com	f	t	2019-06-03 20:11:33.033+01
488	pbkdf2_sha256$100000$xlLvRfm8leAg$1B6q7fPTvpAsywuK6Gc0R3Iar2ryCu6JW7kKHalJzQc=	2019-06-04 00:29:32.634+01	f	Blackoo2010			blackoo2010@gmail.com	f	t	2019-06-04 00:29:32.517+01
489	pbkdf2_sha256$100000$E0DwUf44lj9Q$zCubgbuMrrTgAWrc2wu/OOREioE+oJW1qdbfRfq2oGw=	2019-06-04 08:46:38.279+01	f	emily.horne			emilyhorne69@gmail.com	f	t	2019-06-04 08:46:38.158+01
490	pbkdf2_sha256$100000$EMjPyQxmaewB$3J0uYHpCrO0Lo2P1JQ6SWHFttphrTVP9Qja5eu15yEc=	2019-06-04 14:10:30.748+01	f	XenZek			4e7dfdg@yandex.com	f	t	2019-06-04 14:10:30.634+01
491	pbkdf2_sha256$100000$MT9HxjlV3rHR$vvhoCMczldLFix8BUSZTqkK2ci2FDrtNUl8NPUXvr4s=	2019-06-04 15:08:10.775+01	f	CongcongZhang			congcongzhang88@gmail.com	f	t	2019-06-04 15:08:10.645+01
492	pbkdf2_sha256$100000$sQvkBfRVqciI$fsMhbuivZNuiZQuNJA8MkJwGhv/1eVN8H9RymJjqKeE=	2019-06-04 17:34:20.853+01	f	farmerjoe279			farmerjoe279@gmail.com	f	t	2019-06-04 17:34:20.705+01
493	pbkdf2_sha256$100000$nrFYg4WBtAgt$aZjPXvg6Tp217EHhENMByIInt4IsiWdCN06bEcCrn9o=	2019-06-04 18:51:41.164+01	f	indrabhingare@gmail.com			indrabhingare@gmail.com	f	t	2019-06-04 18:51:41.042+01
494	pbkdf2_sha256$100000$I2etKEHGktNF$it8MRX2zfgIfiIwpYdXPlFF/j/CzR6dx/oLLg2SvDQQ=	2019-06-05 02:30:49.796+01	f	sea808			sea808@naver.com	f	t	2019-06-05 02:30:49.682+01
495	pbkdf2_sha256$100000$FMBrLsdputOT$Oix195sCfG3M/EiCJoehW89jh5VMkeHB53ld2Xghd08=	2019-06-05 03:37:11.076+01	f	Indrakumar			indrabhingare@gmail.com	f	t	2019-06-05 03:37:10.959+01
496	pbkdf2_sha256$100000$kSfCiJSb8Iet$BvIFRNzckm+XdU/BPGiresFVc9pfM/WbNStpjrAnrC4=	2019-06-05 04:33:38.29+01	f	Surjit			surjitsingh90201@gmail.com	f	t	2019-06-05 04:33:38.176+01
497	pbkdf2_sha256$100000$1NwZm8KY208s$94TsmwifDr53pmTya2xx90XmI1tv/TOgZNmQb7sKWJI=	2019-06-05 05:10:07.04+01	f	TJ			jtwilng01@gmail.com	f	t	2019-06-05 05:10:06.919+01
498	pbkdf2_sha256$100000$vwu0MYbPgFRF$eJIAkitYpu+8HU6R8nMHy+UJgESiWi8bp3Nb4AzpqGI=	2019-06-05 05:13:56.118+01	f	Salman			s.dhroj984@gmail.com	f	t	2019-06-05 05:13:55.989+01
499	pbkdf2_sha256$100000$tk0HCA0yuEGF$LT2tG+PxhVhsS1g3XVRZmBwYNaHdVgIIphbK8pIa+0w=	2019-06-05 09:29:32.798+01	f	Voki			miatipodkata@abv.bg	f	t	2019-06-05 09:29:32.686+01
500	pbkdf2_sha256$100000$mP9fpyEXLnRx$buA6I1FymjqJUfOgdPpDa6uRz7Vmt+oohU/aQFHx7uo=	2019-06-05 15:02:51.636+01	f	juniejavier12			juniebee.01@gmail.com	f	t	2019-06-05 15:02:51.503+01
501	pbkdf2_sha256$100000$aobX76g2sMYe$VGz62qR1kwwnEt+hAdMj4773tchSlqo+ppxnV30lpsU=	2019-06-05 15:51:57.229+01	f	AdrianS			adrian.n.solberg@gmail.com	f	t	2019-06-05 15:51:57.111+01
502	pbkdf2_sha256$100000$kiAablR6r3io$M5tki+vmmJ3ujx1Ly6bDdWegAUwPW9G3XjjswswJRSE=	2019-06-06 21:50:05.174+01	f	castilloramone			castilloramone@gmail.com	f	t	2019-06-06 21:50:04.938+01
503	pbkdf2_sha256$100000$yVXBjWoIFKwW$lH4QaNhx/mAIVun2jRhqxG6xSn84XckpgCrY96FO2eE=	2019-06-07 00:18:51.339+01	f	eiigna09			eiigna@hotmail.com	f	t	2019-06-07 00:18:51.179+01
504	pbkdf2_sha256$100000$8z40jAT6yA4i$UabAzurgBJOzdgNg/tetW4qy8kvuN8YNw21Lt2CmaZM=	2019-06-07 06:32:15.592+01	f	Blenderran			ramsotocu@hotmail.com	f	t	2019-06-07 06:32:15.471+01
505	pbkdf2_sha256$100000$rjfRaNIxZ47Q$qCVmNAW3jMANgLZqwVqIIH2huCiCoF+GgcnfCXpiyX8=	2019-06-07 08:07:15.875+01	f	raimundux			raimisp25@gmail.com	f	t	2019-06-07 08:07:15.74+01
506	pbkdf2_sha256$100000$jJ8rd31cC9S0$dWi6PKNt5TkEgvbdBr0rYOBsqWtdLWCTOOIPCOp/TTQ=	2019-06-08 02:36:02.405+01	f	kkjon			kkjonkkj@gmail.com	f	t	2019-06-08 02:36:02.05+01
507	pbkdf2_sha256$100000$api8z4ateHeD$JIY62PYe2/+0uvMlDkmUNgMfFHnA5xTihov8AUdTd+0=	2019-06-08 04:10:05.569+01	f	Suresh			kpsuresh007@gmail.com	f	t	2019-06-08 04:10:05.238+01
508	pbkdf2_sha256$100000$ZxkvroLiNw5o$my5gpggcGZjbYtZfBpW4ux5QadNLaKRrIXBpyA2sQ3w=	2019-06-08 20:50:19.638+01	f	Marzouin			pierre_lavoie@hotmail.ca	f	t	2019-06-08 20:50:19.296+01
509	pbkdf2_sha256$100000$oOzAKQXpv7tw$5Ube4zcjOxKnHYbozPr9/cY4hKZaNjLadFpb7+MFlIk=	2019-06-09 02:52:39.806+01	f	Leupoldtyz			elsolecki@gmail.com	f	t	2019-06-09 02:52:39.481+01
510	pbkdf2_sha256$100000$hKCgXcDWMZzi$bRwwCXZ8DTLYKK4LJddAmF9f3c6cyzcEqcDoZlwiId8=	2019-06-09 16:46:18.071+01	f	Chrstadd			rightgetin@gmail.com	f	t	2019-06-09 16:46:17.707+01
511	pbkdf2_sha256$100000$tT8X18Vy9fM0$9kQSbBnGy5rDJiZJuq5YB26DLPoZCkOergpIUcUzqQA=	2019-06-10 00:07:02.27+01	f	Goodman			215070653@student.uj.ac.za	f	t	2019-06-10 00:07:02.111+01
512	pbkdf2_sha256$100000$TYkubGuXb94B$5QoickPyoF17L4U7R+O8yeVE2OTmqM8B08sNDs0fWSQ=	2019-06-10 12:21:18.996+01	f	Ykashion			kan.nkanjeni@gmail.com	f	t	2019-06-10 12:21:18.879+01
513	pbkdf2_sha256$100000$w2UG2MvWcpgO$V9/cGdg5QJIFlf7k6Y1KMn8eDtk3W6oD7Yzq16qLDYk=	2019-06-10 16:15:29.454+01	f	AKONAAY			ishiskisillo@gmail.com	f	t	2019-06-10 16:15:29.328+01
514	pbkdf2_sha256$100000$ziu3lpd2EaAI$Dp25tZKmsONOyPuf0dmbJSqmUuu3KQ4FUEt8zF1ovfs=	2019-06-10 19:18:26.55+01	f	Mona			monikaghodake1998@gmail.com	f	t	2019-06-10 19:18:26.191+01
515	pbkdf2_sha256$100000$iSArQlHSDsRj$uTTJVpfnh6GO6xd0ZHXgcpOjefuAuNYGsuNuJ08qxeQ=	2019-06-11 09:49:58.757+01	f	Hunn1432			bhojuchopda0@gmail.com	f	t	2019-06-11 09:49:58.626+01
516	pbkdf2_sha256$100000$oCrXHGXreetW$k7m3zMktUbQHDV31ROTvZLqcfXRRc8oZeQgbJWeYJiA=	2019-06-11 12:56:26.828+01	f	mmarr			maca.mitkovska@gmail.com	f	t	2019-06-11 12:56:26.671+01
517	pbkdf2_sha256$100000$gBA3bZSjjKl0$c1WwPNsYTbhUxwMEzib6gThbxVI1eamAFSPLOpqlYRg=	2019-06-11 15:11:48.27+01	f	Jittin			jittinc@hotmail.com	f	t	2019-06-11 15:11:48.146+01
518	pbkdf2_sha256$100000$gf62IfodurmF$0bqavVAihbwHyAf5IO90GkLRYsalwiCINCjNMC352Ck=	2019-06-11 16:15:16.144+01	f	Sameer@425			shaikhsameer425@gmail.com	f	t	2019-06-11 16:15:16.01+01
519	pbkdf2_sha256$100000$pKh6B8MBzPUL$XwgcDU4lXHDepVjwt3ylAxHJzJtQ9vPl4lkL2IHo000=	2019-06-12 01:32:03.647+01	f	Furriongdz			fullteserte@hotmail.com	f	t	2019-06-12 01:32:03.313+01
520	pbkdf2_sha256$100000$dr6gKYVaMMc9$fMWPJ4Wls9FWOxljKnCtEqfmgwoWgJeHoPSKCO53YDs=	2019-06-12 03:25:04.515+01	f	Aniketsingh@1234			aniketsingh919091@gmail.com	f	t	2019-06-12 03:25:04.396+01
521	pbkdf2_sha256$100000$FAF00thGn6pe$6d06JVBFar0bMjsCi28NdjyuZsaGR/uqO1ukGbC439o=	2019-06-12 16:13:19.78+01	f	josephshen			josephshenyh@gmail.com	f	t	2019-06-12 16:13:19.592+01
522	pbkdf2_sha256$100000$3U7bw4gwohpe$LxHxZl7IryR7N7nMTBUUQths715DL/fi7d8MtN0dRt0=	2019-06-12 20:06:04.17+01	f	ATANUK			atanuk938@gmail.com	f	t	2019-06-12 20:06:04.052+01
523	pbkdf2_sha256$100000$q8Iy7Mw7PcTi$xQJp562Q/AtOjTP5rr4HYL+AF9gfEHpsTGzzdiM9LYI=	2019-06-13 00:25:47.539+01	f	Sebaswypupp			sebas260700@gmail.com	f	t	2019-06-13 00:25:47.21+01
524	pbkdf2_sha256$100000$bpgnb5n4oIlg$adWPh88Nf4EvV1vW/JN7QnxDse+GEXKi2ZVlU/ay0nE=	2019-06-13 00:28:33.762+01	f	sebas260700			sebas260700@gmaiil.com	f	t	2019-06-13 00:28:33.425+01
525	pbkdf2_sha256$100000$5zeK5Hgvp6it$BUW/vYwL3R1YpEz08ioJmouRShNQn7IeVZIuSMEm8TE=	2019-06-13 02:07:43.543+01	f	minixx			bsminou@gmail.com	f	t	2019-06-13 02:07:43.22+01
526	pbkdf2_sha256$100000$tg7YRyrLmokN$wzWOECrDkpE+FdSgjg4aWS5imdG5rbdGb1tYuweX2fE=	2019-06-13 14:48:58.424+01	f	sureshkumar			sureshkumarpsgce@gmail.com	f	t	2019-06-13 14:48:58.3+01
527	pbkdf2_sha256$100000$3AnT1sMMycLx$YBk6SKyfOcYwmaPF4zGfs1+HhfBveNlmiRVFAO08/sw=	2019-06-13 16:27:32.762+01	f	rimy1983			rimy-83@hotmail.com	f	t	2019-06-13 16:27:32.638+01
528	pbkdf2_sha256$100000$ip7jRzGq9Hd1$V88zFTpSS9BzWqYIMTYytwbEy9Y7RcqMFXjyVrDdy54=	2019-06-14 05:50:11.49+01	f	Prabhat			prabhatchowdary@yahoo.com	f	t	2019-06-14 05:50:11.365+01
529	pbkdf2_sha256$100000$4jqu7r75xJOm$PFg2RxBm7uF7s51Va0pKg1AvNVVfTtOt7zp2VjcT/0A=	2019-06-14 16:30:24.99+01	f	Aman@1603			amanps.singh4@gmail.com	f	t	2019-06-14 16:30:24.864+01
530	pbkdf2_sha256$100000$5hJHkzHUSres$LSDiVsoPYyBbs5Fq/F+V9kvLO9l2mvKvL3DmpFx0LH8=	2019-06-16 07:54:41.721+01	f	Ramyantho			rj.mangunsong@gmail.com	f	t	2019-06-16 07:54:41.58+01
531	pbkdf2_sha256$100000$SlgnXy7nJaeO$ff1GBDTf6u28ifOLFw21VBUd3gp2p6ipXKgCpRuhKnc=	2019-06-17 06:20:52.545+01	f	Andrian26			andrianlouismercado@yahoo.com	f	t	2019-06-17 06:20:52.424+01
532	pbkdf2_sha256$100000$41iAnLKAlkSZ$IJo+nEOxzwk93pmtsRCo9eAs+mxvmFMRYYFb0dSYg00=	2019-06-17 08:12:02.148+01	f	Milindo			milindo1625@gmail.com	f	t	2019-06-17 08:12:02.032+01
533	pbkdf2_sha256$100000$uUU5jkpmi3tv$pnsPKgYvcR/Z9dOOKu4pXHVsYHHLl67LE6+QJXdZVX8=	2019-06-17 10:38:35.45+01	f	etsh			shrs@gmail.com	f	t	2019-06-17 10:38:35.074+01
534	pbkdf2_sha256$100000$ZIwjzLSMScUP$ZJRBKQobCWQj6JSFWChZ1j3rNcPbojBl8/fIgmeYpQ0=	2019-06-17 15:08:29.064+01	f	Henruts			henrijs.kuncis@inbox.lv	f	t	2019-06-17 15:08:28.95+01
535	pbkdf2_sha256$100000$hSvxd0sG9lPj$ylbL/gN8e2AxKr9qwNgJPetOmzm47ef+JaoCHLUdq+o=	2019-06-17 15:51:55.502+01	f	Asatyarth@80			asatyarth.8084@gmail.com	f	t	2019-06-17 15:51:55.384+01
536	pbkdf2_sha256$100000$5fy8VX8hzUSd$66Axq+jTLuzT1F3pT2R3UaL3dG5eRlwrhyAYa9qDnzQ=	2019-06-18 01:50:23.495+01	f	im.agellin			im.agellin@gmail.com	f	t	2019-06-18 01:50:23.364+01
537	pbkdf2_sha256$100000$9L2rFSiQ2F4P$yfY9tBtRjleIUP0GuQTdDX0+2qnSkHoXqjlrP5AgUqI=	2019-06-18 06:26:56.947+01	f	Df160045			muhaimin9604@gmail.com	f	t	2019-06-18 06:26:56.832+01
538	pbkdf2_sha256$100000$pEjktUad6CfZ$8LcEFD3qpvpCiA3hX2Y6Ka6n8xukOh1AJAC7djGH7Ss=	2019-06-18 14:18:13.281+01	f	ameerah1221			delrosario.adonis@yahoo.com	f	t	2019-06-18 14:18:13.155+01
539	pbkdf2_sha256$100000$0dOXYuDYvadZ$opHm2XCYw4XWbmhlC8yrO4BbLhYrH757k8XXHpdOPvM=	2019-06-18 15:03:02.613+01	f	AndrewRoof			Stormagedon111@gmail.com	f	t	2019-06-18 15:03:02.472+01
540	pbkdf2_sha256$100000$VW58dj2dvhEH$SLfOgsunRtz2X38w2DxEDYkt7V2DMdX/X85tABajV34=	2019-06-18 16:36:57.198+01	f	cwzambra			cwzambra@gmail.com	f	t	2019-06-18 16:36:57.074+01
541	pbkdf2_sha256$100000$oRfS03livAzc$2JGYUgu2CH7+hg5ax/t5MO64zteFXpbF52KmfIgdW4M=	2019-06-18 18:11:15.934+01	f	Patje			patrick.lans@gmail.com	f	t	2019-06-18 18:11:15.808+01
542	pbkdf2_sha256$100000$dRFRP328zVjL$iOpHHdK8qLU2dTOldAYGjTrdOhgUDjOdinPeRYqvfwc=	2019-06-18 20:22:08.165+01	f	Adrianespora			adrianespora@gmail.com	f	t	2019-06-18 20:22:08.048+01
543	pbkdf2_sha256$100000$NCQe7uVhjUR0$CTz3IYzOW0eqKpz0NpjDkcH+m5ifqsIaw9yxAn9gYFs=	2019-06-18 20:57:32.773+01	f	omarramos			omar@jcwagnerengineering.com	f	t	2019-06-18 20:57:32.655+01
544	pbkdf2_sha256$100000$n9Rx4qX5k1Ws$bIMWVME/AsbB0nkcghQXJ+u8hFydIYoYHlXtWg1wIcs=	2019-06-18 21:35:55.137+01	f	Shabbirdalal22			shabbirdalal22@gmail.com	f	t	2019-06-18 21:35:55.015+01
545	pbkdf2_sha256$100000$zwUIWrqLNTsI$lGrZrV8pL92mRsm7UkRI3FCvJkfoo1AjbrfVNQGC9D4=	2019-06-18 21:53:44.101+01	f	Mohamad			mohamad_abd_alla@hotmail.com	f	t	2019-06-18 21:53:43.983+01
546	pbkdf2_sha256$100000$5ZQJa7pGwKpM$KA8oLxoR0AJzKjx+vF5+izLh8kky8ZznIjtE9XOJHlI=	2019-06-19 05:33:59.22+01	f	Codymilchick21			codymf.milchick@gmail.com	f	t	2019-06-19 05:33:59.091+01
547	pbkdf2_sha256$100000$9fRpcjpoXkUL$2QWpO8Ev7qCgPQtxlszjpcXcPNHtD7oEMGwsHkICHnY=	2019-06-19 05:41:28.519+01	f	iaacov			iaacov.dy@hotmail.com	f	t	2019-06-19 05:41:28.394+01
548	pbkdf2_sha256$100000$PUEQjYowrU3S$uSVPO9Ft7XpyyGskjQJTHae9Bu2p98Tq+iVpd1ZKNFI=	2019-06-19 14:43:35.577+01	f	NathanLeGrand			lrevaster@gmail.com	f	t	2019-06-19 14:43:35.453+01
549	pbkdf2_sha256$100000$8tMRlsVdImNi$3CDSdvL0AuJmT362w/ITRF/8F4tEHuA0Vs6MbDUN81E=	2019-06-19 22:06:15.332+01	f	Sakib			nazmussakib549@gmail.com	f	t	2019-06-19 22:06:15.199+01
550	pbkdf2_sha256$100000$oTB8oPGfdCQf$gPpM4fuTDHUB5gUw5WnLkIR7K2wF5HfCnWlw7lAS98c=	2019-06-20 06:03:36.326+01	f	Chuprakata			thatcaptjim@gmail.com	f	t	2019-06-20 06:03:36.202+01
551	pbkdf2_sha256$100000$qbV9kDS4mqJP$asQb6KWRd6zxUfVzAjJ3YEM5y5Gdv5s7pEGM6h7Mxbw=	2019-06-20 06:36:38.604+01	f	bison			ldntbhkqut_1543823190@tfbnw.net	f	t	2019-06-20 06:36:38.482+01
552	pbkdf2_sha256$100000$2AJ50AfCMhyT$s2/7EaHPDCex18GJAa1WMYh6rIgb27c0DayfRILRy+k=	2019-06-20 09:44:32.297+01	f	palattrahul1			palattrahul@gmail.com	f	t	2019-06-20 09:44:32.116+01
553	pbkdf2_sha256$100000$mNzTqHYqLFqT$XrGmMuc1wzt3GoMVUhp/xkMvzsjqE7MUywE7pzWHCXM=	2019-06-20 17:28:36.993+01	f	andrea.macarulla			andrea_macarulla@hotmail.com	f	t	2019-06-20 17:28:36.601+01
554	pbkdf2_sha256$100000$cNMLSNmQvuFH$a2daLKJ1PsUmIGeLwj9ZuyS6OFx9pgfDSMRs27Z2iBM=	2019-06-21 02:22:23.269+01	f	bkbear			bkbear2001@naver.com	f	t	2019-06-21 02:22:23.147+01
555	pbkdf2_sha256$100000$QsGF6xCmcAGR$MTNO6uDm8XpHFClCLPwW93K7Q9MNh081O45s8lqw9YI=	2019-06-21 03:49:02.267+01	f	PU			prabhav_20@yahoo.com	f	t	2019-06-21 03:49:02.137+01
556	pbkdf2_sha256$100000$fO2NFb6r2ujd$qGDgNtWUrr5QQmS10peUF6W0qweDTNwOQTlTrwSU1TU=	2019-06-21 13:18:37.717+01	f	hyojinko			hyojinko@naver.com	f	t	2019-06-21 13:18:37.591+01
557	pbkdf2_sha256$100000$EyOkyn7B8Znv$ZH+xSZbrefBHFJSDJ5/RhyRxRIGhl8k7lVErLioy2c0=	2019-06-21 16:48:31.56+01	f	Velymyr			carterwebbs@outlook.com	f	t	2019-06-21 16:48:31.278+01
558	pbkdf2_sha256$100000$SeZcmLFGNWXp$TFnKWZbi0YF2I3sRr0QYsy4shSMFt2usR7xOu/sqfYM=	2019-06-22 04:18:19.388+01	f	billyjoel			jacob@bmwpgh.com	f	t	2019-06-22 04:18:19.259+01
559	pbkdf2_sha256$100000$YdB4l9HAfom2$UUe10FVVMWA6OZuYEjkUNU5Ai1vfweN6/TN40OOyUK4=	2019-06-23 04:43:07.067+01	f	abcStructural			hunter5423@hotmail.com	f	t	2019-06-23 04:43:06.87+01
560	pbkdf2_sha256$100000$ly08aI35vulu$OR4MHMnQMTP8L5TafEIAPgSzHkf2qHedsrQqOwz5BVo=	2019-06-23 07:44:24.767+01	f	hamed366			hamedhamedalizadeh26@gmail.com	f	t	2019-06-23 07:44:24.393+01
561	pbkdf2_sha256$100000$E4fVZN5oUfBq$INx4682lnFn61mTl1Ps/y7DrOmI05m/Flnx9Zi55ouE=	2019-06-24 03:13:05.876+01	f	guest666			peter.kmetony@gmail.com	f	t	2019-06-24 03:13:05.755+01
562	pbkdf2_sha256$100000$esgTdEGDILsT$aRY7uzvbI+XA9eIzLl1JsiMGJutybNXDYWSTq3KXwNE=	2019-06-24 17:05:55.586+01	f	john@sigmastructures.co.uk			john@sigmastructures.co.uk	f	t	2019-06-24 17:05:55.247+01
563	pbkdf2_sha256$100000$2AoTjAx4L07c$aOTPT0dy1a5EGdXJhEV9aWfZR3KquUpN+6AvaZZbATU=	2019-06-25 09:39:13.78+01	f	Krishna			rkrishnakumar24@gmail.com	f	t	2019-06-25 09:39:13.647+01
564	pbkdf2_sha256$100000$NFrFWT46hDrP$JMBxaBbiKVUj6wWMGgpRRXUCQcNAfVesXKd+jV2b7LY=	2019-06-25 13:08:09.638+01	f	minazakher			eng.minazakher@gmail.com	f	t	2019-06-25 13:08:09.506+01
565	pbkdf2_sha256$100000$zmlFOduHfpln$nqXtrNx1FpYn6spbpdIQREg3flM+uqmEqwuVdHrEgKI=	2019-06-26 07:29:46.918+01	f	Shefmos85@gmail.com			shefmos85@gmail.com	f	t	2019-06-26 07:29:46.796+01
566	pbkdf2_sha256$100000$O86dhsj70lXQ$bC2NFFNKfxv0v6DPtvFGPCscRnjJRXoMglXHMJiX024=	2019-06-26 11:22:39.684+01	f	serwer			sisodiyakuldeepsinh50@gmail.com	f	t	2019-06-26 11:22:39.567+01
567	pbkdf2_sha256$100000$Y1IjKn8R1Qvq$D51SUrYhNZ89FyCp186HGThVPn0Y3WsJZu9ZgklLSCA=	2019-06-26 12:01:57.804+01	f	Frese			kkmliitr478@gmail.com	f	t	2019-06-26 12:01:57.531+01
568	pbkdf2_sha256$100000$SfRqwhR2wEnW$WnsBYXz6GziVWAR1pDYV4gofCJJTebuPLZZ+Pwv34nI=	2019-06-26 17:31:55.831+01	f	Sisodiyakartik123			sisodiyakartik1995@gmail.com	f	t	2019-06-26 17:31:55.599+01
569	pbkdf2_sha256$100000$hbAHJJH4EaMO$FiaDarMMZStljZ5qrxWy/Z+rfvvlb/2ILqTnxl3DJxY=	2019-06-26 18:03:09.101+01	f	Ajay			rinkooshakya20@gmail.com	f	t	2019-06-26 18:03:08.981+01
570	pbkdf2_sha256$100000$qTYHhdOKZE2a$fgGAa6C4JurfujZA2QlTJo26UsDUwshUICUd1oM1KD0=	2019-06-27 14:28:02.31+01	f	nzrio1715			araujonzrio1715@gmail.com	f	t	2019-06-27 14:28:01.891+01
571	pbkdf2_sha256$100000$cVbgGcR9KeCk$BWc+eFcdxl/cytfdlStZj7kaezIMMLs5iTadiczbVJE=	2019-06-28 04:50:05.176+01	f	kira			kirapogi20@yahoo.com	f	t	2019-06-28 04:50:05.05+01
572	pbkdf2_sha256$100000$mXAV6aI9wZIO$Umkv5M7WD6MRF0k+LzCPA7In7UfXoljeUbRgtD99v8Q=	2019-06-28 16:49:49.541+01	f	Amarjit2421			a3groupchd@gmail.com	f	t	2019-06-28 16:49:49.4+01
573	pbkdf2_sha256$100000$UgVPXmWcuKNZ$8AzG73E3ZAZI/gte++aeaLpFKcBMLr/uQGGUG9v54gA=	2019-06-28 17:53:24.196+01	f	Ziad			ziadawad1334962@gmail.com	f	t	2019-06-28 17:53:24.078+01
574	pbkdf2_sha256$100000$MeRGJOljCW1v$HK7c6RgsnDfE4E3iSgsS6cpdeLaFly+IgUugT8jp+Bs=	2019-06-29 02:43:06.67+01	f	kibtrak			kkvdat@gmail.com	f	t	2019-06-29 02:43:06.536+01
575	pbkdf2_sha256$100000$flU2ASOw40wV$aw/DS5gvqxNpyEl061JtaUjFBnTTd66vhLAdfncGZzE=	2019-06-29 11:06:34.745+01	f	pervezshaikh			pervezshaikh@gmail.com	f	t	2019-06-29 11:06:34.588+01
576	pbkdf2_sha256$100000$1QokgS0fw0BW$tLD7qAB/MNfJYW3K/sWpOiFePimtqd1am/I09UhV2t0=	2019-06-29 17:08:44.387+01	f	Md.Habibulbasar			habibulbasar20@gmail.com	f	t	2019-06-29 17:08:44.272+01
577	pbkdf2_sha256$100000$hfA30GItTuBO$mz6/s9NNgJxLd8LP8+Cm6I45uHny3STTxaULcMG7lkU=	2019-06-30 06:27:55.344+01	f	Kejvin_Pashollari			kejvinpashollari@gmail.com	f	t	2019-06-30 06:27:55.216+01
578	pbkdf2_sha256$100000$QkWjWnsfGA9s$4v5oiZ4zjh+4g9Un+hFBZ9G8ApdPa88hUWxjLS6oKME=	2019-06-30 15:38:01.009+01	f	Alexander			alexander-com@hotmail.com	f	t	2019-06-30 15:38:00.885+01
579	pbkdf2_sha256$100000$QRgOqz7Z8J6T$4khJJsUDNqIJ64W8CJNFuZf0vQzEn3bNgvlRn5PY3Jw=	2019-07-01 06:40:47.154+01	f	Leechatp			licha2010@gmail.com	f	t	2019-07-01 06:40:47.038+01
580	pbkdf2_sha256$100000$diYDWeHxUVVT$EmPj5YmVxnoQt6fCAtfCguKkqBQOFsreBMKAf5h36xY=	2019-07-01 09:38:36.078+01	f	Purequalipro			proqualipro@gmail.com	f	t	2019-07-01 09:38:35.701+01
581	pbkdf2_sha256$100000$80sW3VPaRBN8$lnp9PMGN7GEzlGYS5G1m3puc1twP3NQXagbC32UjzNk=	2019-07-01 14:14:20.847+01	f	Fabij			10fabij@online.de	f	t	2019-07-01 14:14:20.673+01
582	pbkdf2_sha256$100000$1MNVa7WiOK7L$L8ApPz3AQr2+NB2QWarZwL+ampoBzSyhxPdgG0YGA7c=	2019-07-02 14:54:18.68+01	f	coldep			agam3builders@gmail.com	f	t	2019-07-02 14:54:18.556+01
583	pbkdf2_sha256$100000$q0ZG57phjWlQ$LKKim5Hx3q/PPALHBTjYC53TqxBZq31qR+Ki74IW3SA=	2019-07-02 16:37:56.282+01	f	Rayernestomadika			reyernesto75@gmail.com	f	t	2019-07-02 16:32:30.634+01
584	pbkdf2_sha256$100000$xXJiJ0daGk7N$fnp7KTgtUm1RZH1E8gjMdziDlh4AeF+DQvPHYlrXviU=	2019-07-03 00:50:25.741+01	f	hashemi1064			hashemi1064@gmail.com	f	t	2019-07-03 00:50:25.628+01
585	pbkdf2_sha256$100000$xVSVhw7j41xd$fckgMIyc5dvtvZE+hS/sXJiUJdqMZR7NBu+7/UBsUP8=	2019-07-03 04:23:22.49+01	f	Tamilselvan688			vfstamil@gmail.com	f	t	2019-07-03 04:23:22.368+01
586	pbkdf2_sha256$100000$EcJLtljcco84$LNjnYTI0RdmxoRAHRfo1yLM70otVq6xFU/1MCdkKRWk=	2019-07-03 12:23:20.434+01	f	Ramesh.k			rameshkumbar9999@gmail.com	f	t	2019-07-03 12:23:20.306+01
587	pbkdf2_sha256$100000$x9F32gpMbRL0$cur2Vxebaljzk/OYCytbsaU527MtTUYfakesWRNqDtI=	2019-07-03 15:22:28.095+01	f	Dio			giulioarona@gmail.com	f	t	2019-07-03 15:22:27.754+01
588	pbkdf2_sha256$100000$RVbLrCwxhC4Q$c3uTHoBsBJk+Prz/e6sqYQqFbtihDz5qfndWJ+VjlvI=	2019-07-03 18:32:20.25+01	f	littledwarf97			littledwarf97@gmail.com	f	t	2019-07-03 18:32:19.925+01
589	pbkdf2_sha256$100000$8L9OG7q9KXqf$Ioht98SmkuKULRdZc+w3LFX4r7lcAZvb532K8ZsHt+g=	2019-07-03 21:16:29.13+01	f	Linksysstq			buagestphohy@yahoo.com	f	t	2019-07-03 21:16:28.807+01
590	pbkdf2_sha256$100000$wRUAilTDsut4$hyUBdibupzxzWAqbOn5EYcMwT5kahpgQh0Eub+G5seI=	2019-07-04 05:29:10.919+01	f	Mouli			nagamani.neha548@gmail.com	f	t	2019-07-04 05:29:10.757+01
591	pbkdf2_sha256$100000$hfjYUUS8Ttg9$7OQzB6dS9MroooXtKXeFpxF9S5jBfs2Z2zJFNugNP5s=	2019-07-04 08:12:56.172+01	f	srshreesha			srshreesha@gmail.com	f	t	2019-07-04 08:12:56.054+01
592	pbkdf2_sha256$100000$aTzRm6bux9i0$5cFsDcDQbqUiqlk7ngp//tCXwXV/ihlQ0vLeGJd7l+A=	2019-07-04 08:57:30.623+01	f	Daddis			christdking44@gmail.com	f	t	2019-07-04 08:57:30.296+01
593	pbkdf2_sha256$100000$riU739gPxttq$pImOMvxwf78nV71QBIalDOUAOeIwNfn2gJShUTZ5cwQ=	2019-07-04 21:49:30.094+01	f	Incipiowfj			anstiminre@gmail.com	f	t	2019-07-04 21:49:29.688+01
594	pbkdf2_sha256$100000$mLipEyD1WTLs$cFM/4qqmJ3nimHl1ZoIHmt00vwnPIgbQEgGR239EkhE=	2019-07-05 07:10:54.015+01	f	alhowaidi89			yalhowaidi@yahoo.com	f	t	2019-07-05 07:10:53.682+01
595	pbkdf2_sha256$100000$rpva0etaT8tO$NCeOC+yKvHDQoiUoIIHKDTRtzuc4g/y48j2eHWmzH20=	2019-07-05 07:31:34.77+01	f	Vish			vishaal.bhana@paramountgroup.com	f	t	2019-07-05 07:31:34.646+01
596	pbkdf2_sha256$100000$5Z4IpFyCNREL$JoZeiW2ajMMkOWtNCI0nU6FGbgAAlmzCXJisN/+r9qY=	2019-07-05 09:29:24.235+01	f	ruben1993nl			ruben@solarstell.nl	f	t	2019-07-05 09:29:24.116+01
597	pbkdf2_sha256$100000$lBX1uQ5f6tt1$jMi2XVUeaBtcX8tQS7z3qRuXeuaUjOOo4LrC2IdBoAE=	2019-07-06 14:57:36.381+01	f	mnaseerkhalid			mnaseerkhalid@gmail.com	f	t	2019-07-05 12:32:01.168+01
598	pbkdf2_sha256$100000$Mt0z8rogxzw3$CARY7vwwvOpYMpJ4oXX/d0R89BACMohRSGFCn65W13M=	2019-07-05 13:07:27.937+01	f	vinkiem			vinkiem@yahoo.com	f	t	2019-07-05 13:07:27.783+01
599	pbkdf2_sha256$100000$Bg4HtH9GEKM2$DmMRQpct15VhbWhtw43VcW8h/4yVFLOZ7oUNwJbSsvw=	2019-07-05 17:54:13.889+01	f	sujith			sujith.rebirth@gmail.com	f	t	2019-07-05 17:54:13.61+01
600	pbkdf2_sha256$100000$LRynDF5K5jyp$v7f0Nth9EsnYGlzhjYMXGqFSu4JqYWzvCFGnlSVYipk=	2019-07-05 18:37:35.236+01	f	Abrok			toribio.csi@gmail.com	f	t	2019-07-05 18:18:05.442+01
601	pbkdf2_sha256$100000$kDevPEAQXgdR$QCFwqy4VD3GjamnAhv0JJXx++2p1ODR0ppmm4n5mcr8=	2019-07-05 19:16:31.498+01	f	Where			abed.abusbaih@gmail.com	f	t	2019-07-05 19:16:31.174+01
602	pbkdf2_sha256$100000$qGTb4Y2w10LI$fQVRC9De1WQWY5TWOYXn0iKd5BHyH0I0xk8cjMLZ2hA=	2019-07-05 22:03:11.436+01	f	Ganeshmerwade			merwade.ganesh@gmail.com	f	t	2019-07-05 22:03:11.288+01
603	pbkdf2_sha256$100000$IQbqV1SBAszc$5TgtCdHEC5k9HLwDRl1sIoswoanNT5EkshJfcnuKw6k=	2019-07-06 04:46:52.063+01	f	gmesquita			gmilustra@gmail.com	f	t	2019-07-06 04:46:51.937+01
604	pbkdf2_sha256$100000$SPJww23rM0Am$xg8GMHJeqhvXgNppYKVHr5Kji0lsbpqQLvxvM3PVC1A=	2019-07-06 13:20:24.691+01	f	kyawmyooaye@93			kyawmyooaye@gmail.com	f	t	2019-07-06 13:20:24.355+01
605	pbkdf2_sha256$100000$HplaH504zBZr$s33/bqQAlU43XP1d3ThszzmBlaY/kKy9jz8RnMJZSuY=	2019-07-06 16:29:35.158+01	f	Fenderprt			exageggras@mail.com	f	t	2019-07-06 16:29:35.024+01
606	pbkdf2_sha256$100000$YkbbRFZbYo2E$URrQBZAWL7ez8/dsgJKH+5KbE32Nj0cSSEVQTh1g54s=	2019-07-07 04:56:24.996+01	f	Salmamol			salmamol491@gmail.com	f	t	2019-07-07 04:56:24.849+01
607	pbkdf2_sha256$100000$DxaffCnTJKQg$eVnXmoK5Mi8bZcvc6Pt17RWCsmT+RzqrYgbRUAJmNqw=	2019-07-07 19:18:24.534+01	f	lawbruh			jarrarali2018@gmail.com	f	t	2019-07-07 19:18:24.214+01
608	pbkdf2_sha256$100000$avbqDmm8wcXT$96OzwLOd+IPQ2dnpd49+ritCWn78KHbZMresbz7goRU=	2019-07-07 19:26:02.107+01	f	avi			haz770@gmail.com	f	t	2019-07-07 19:26:01.752+01
609	pbkdf2_sha256$100000$vsLANIOxW68K$+91eVqbpP9Im5ZBug+Cql2OZn2ogNujZhEB4OYZPzQA=	2019-07-08 06:23:45.489+01	f	Marlo			skt.rhony@gmail.com	f	t	2019-07-08 06:23:45.212+01
610	pbkdf2_sha256$100000$gx35z848lSBQ$34uXLFQUBAIShzCqFTGdbtHt3HTC7q/7YRsiQAf7wRs=	2019-07-08 23:56:16.072+01	f	pabloarte			pabloarte56@gmail.com	f	t	2019-07-08 23:56:15.952+01
611	pbkdf2_sha256$100000$CXfhmRM8mLBB$WgfElGKT2I1UMzDsVuxfJsTaTcPmbj6Xzn+xucg6E94=	2019-07-09 07:51:55.013+01	f	Dysonvan			renov8hotels@cox.net	f	t	2019-07-09 07:51:54.894+01
612	pbkdf2_sha256$100000$MVfn1c5nFeFL$YZ4zXPkwXOzrFSVaoxFrywCs+teafNgGSg/VUlbfORs=	2019-07-09 15:41:09.018+01	f	Syamsul			acun.blatindoputra@gmail.com	f	t	2019-07-09 15:41:08.891+01
613	pbkdf2_sha256$100000$ELdw3nSIFFyf$jb2rSud5raRB5DnNnGGmAkKSlhywYCZC+4DBKCCm1Zc=	2019-07-09 16:30:06.278+01	f	dillipdas567			dillipdas567@gmail.com	f	t	2019-07-09 16:30:06.135+01
614	pbkdf2_sha256$100000$sXc4xyQbt8IW$QhHAVfQmuJFftQDSaeMZaM3xv+Obs6O2nMehyeUFYbg=	2019-07-10 01:04:15.832+01	f	Normaaaaaa			normaalikhan10@gmail.com	f	t	2019-07-10 01:04:15.692+01
615	pbkdf2_sha256$100000$HnTQmMaFPz3K$/hMxnP4tPp+l78yY/JrAxfH14J7xY00f0Dn/w2wD5Fc=	2019-07-10 01:21:54.489+01	f	Yenkhekong			yenkhekong@gmail.co	f	t	2019-07-10 01:21:54.242+01
616	pbkdf2_sha256$100000$DLfVQcKCd0Ny$WcogFm1hrlEth8WgpwWWhLsDvvzYjT49pAn2SoF09dk=	2019-07-10 04:06:19.211+01	f	Praveenamadhan			nature.hrisi@gmail.com	f	t	2019-07-10 04:06:19.098+01
617	pbkdf2_sha256$100000$tOJ6LHD0ZCiN$POkhhhv4qI/mR5Bmqo003zQnJC5yuxcRxUMT974T2ho=	2019-07-10 14:11:48.379+01	f	Jeffox			jefreylawas88@gmail.com	f	t	2019-07-10 14:11:48.259+01
618	pbkdf2_sha256$100000$Oi2hDsxsA4qT$LuDep6yJ5qH5DFLGGs0kcRrId7mrpy48/yoQflqI8is=	2019-07-10 15:54:29.602+01	f	Aroldii			aroldmujaxhi97@gmail.com	f	t	2019-07-10 15:54:29.486+01
619	pbkdf2_sha256$100000$3fyN5qcz7uSn$/hiu53a/0k+sRQCHVBT18dhlpJYsT/tkryEyl4fZUVQ=	2019-07-10 18:38:36.247+01	f	Jracosta123			acostajoseph@yahoo.com	f	t	2019-07-10 18:38:35.93+01
620	pbkdf2_sha256$100000$SYaKY3xfRRY7$q7vqLrSZYTn/23n8/fQ1TaYPy0VzWZW2Ih/hifZsjrg=	2019-07-11 19:58:16.636+01	f	gavinshukanes			abj780@my.utsa.edu	f	t	2019-07-11 19:58:16.509+01
621	pbkdf2_sha256$100000$Pe5qmV2iI6LH$AuEW3vTOVcj6maJ5pDzkVXz44dOnJLrXbVO6jLR4RPM=	2019-07-12 04:49:09.305+01	f	Sparsh			29sp96@gmail.com	f	t	2019-07-12 04:49:09.171+01
622	pbkdf2_sha256$100000$WzdLe0dZR7hn$k4fSC1VoFaQpFgrGXk4adF5xrLWOO0ElCV16Zcgz99k=	2019-07-12 06:00:01.395+01	f	gatotsuryanto			gatot.suryanto@gmail.com	f	t	2019-07-12 06:00:01.199+01
623	pbkdf2_sha256$100000$zLXE2VyyV4ED$privkukQJvBCCPP+qqr1eIXCKqG4fTi0O4rOCdspEh8=	2019-07-12 11:50:22.162+01	f	Ajit			balsarafajit@gmail.com	f	t	2019-07-12 11:50:22.041+01
624	pbkdf2_sha256$100000$b5MnhMR8jwoz$zgOQD4RVAVr9wwr95IfWaD3iikUumJMnTUdyU/o/Gmk=	2019-07-12 15:10:42.301+01	f	sab			sabanazir9302@gmail.com	f	t	2019-07-12 15:10:42.14+01
625	pbkdf2_sha256$100000$qns2DqKOSwcd$/o09BwxbCPGssiu1+c4w0Txeak7xq+F5pu1Yi1uBRpg=	2019-07-12 18:03:04.522+01	f	Avinash			avinashkumar15697@gmail.com	f	t	2019-07-12 18:03:04.382+01
626	pbkdf2_sha256$100000$Slahd4NwgcTW$F1MRz6hlOP9Q1VFAB3rZW5X/XU9Jp9MTierjUtIb7Yk=	2019-07-12 19:02:56.526+01	f	Bluetoothunf			xkid4802@gmail.com	f	t	2019-07-12 19:02:56.399+01
627	pbkdf2_sha256$100000$RX0stmhli3pe$SXd6QP0HR6S4mF0ukSTIpHL9hDpBYSgrG5KV/6T4VmA=	2019-07-13 22:04:27.061+01	f	Yorke			jmercadoran@gmail.com	f	t	2019-07-13 22:04:26.933+01
628	pbkdf2_sha256$100000$lvSMEYiyCVb8$/wEo8oOsYHv2e/gmMpIEi2BhQR+QpeoxDoCzSGpi4CA=	2019-07-14 07:00:12.07+01	f	hklauyin			kcl23383@gmail.com	f	t	2019-07-14 07:00:11.857+01
629	pbkdf2_sha256$100000$oQvEYIDGP6c5$GqcLJfQuezKJQDQQaG2bJwaq4glos8puNwxgPlpIddk=	2019-07-14 07:58:37.259+01	f	AKris			aki2912@googlemail.com	f	t	2019-07-14 07:58:37.128+01
630	pbkdf2_sha256$100000$XYdtYE3OccRW$BxE3aVyxgsjYs0k4Py2bDGi05ZIYTaWfycGnm8zhsc4=	2019-07-14 17:00:11.981+01	f	Shaggyy			spatil23880@gmail.com	f	t	2019-07-14 17:00:11.676+01
631	pbkdf2_sha256$100000$vkfsAUhO6uX0$UbSqJYVf3h2rWzsoMr9wquMA1uLn8tnfk85Syc5q+x0=	2019-07-15 03:18:16.982+01	f	tysonm			iamdoritofreak@gmail.com	f	t	2019-07-15 03:18:16.844+01
632	pbkdf2_sha256$100000$nprQviuhRVLV$ARuJ7fmU4gamp+biW9e40KQGix3NjaIv0Hpf3L8ZbAs=	2019-07-15 07:35:40.21+01	f	Srini			ssskvvasan@gmail.com	f	t	2019-07-15 07:35:40.087+01
633	pbkdf2_sha256$100000$LNhRlBBCFTWp$kHP89qp01bZHc/YqIjtshciUz28yfSiCng47QZvNHro=	2019-07-15 11:58:07.749+01	f	albaniastephanie			albaniastephanie@gmail.com	f	t	2019-07-15 11:58:07.6+01
634	pbkdf2_sha256$100000$dx2S8cykV28B$/hKqHVqJ4nt5T3g4lZ1SDHTrpJhPFGc+w6ToxrN7zDs=	2019-07-15 13:39:00.093+01	f	AFTAB			multaniaftab488@gmail.com	f	t	2019-07-15 13:38:59.957+01
635	pbkdf2_sha256$100000$lz2mDzDofwWs$KwyLvXJBNwT1csC5cPr5j0R/IDBhlQXJPowCc6jUCmc=	2019-07-15 14:30:44.707+01	f	Hery			hery.dicko@gmail.com	f	t	2019-07-15 14:30:44.578+01
636	pbkdf2_sha256$100000$BQSnhQSBXvpu$M2G8sSUnc34m8G1Zk3CFSPufTKxLm+zgRz0GtGXIsgc=	2019-07-16 19:02:49.403+01	f	Ernesto.carneiro			ECARNEIRO@portodesetubal.pt	f	t	2019-07-16 19:02:49.246+01
637	pbkdf2_sha256$100000$Q0YxHRGhOkZH$a2ARfBK/j5xC5PI1zYsT2Q3/fazottr+KRFwn0BsOFM=	2019-07-17 08:16:58.792+01	f	@Zakir_009			zakirshaikh.zd978@gmail.com	f	t	2019-07-17 08:16:58.434+01
638	pbkdf2_sha256$100000$7l0NJhM3hGdT$I94lJOQqYXdS6ZKVjW4IDf+sP5IsRvKUQ1cu9jqcYf4=	2019-07-17 09:22:48.997+01	f	Seyoum			siyoum61@gmail.com	f	t	2019-07-17 09:22:48.852+01
639	pbkdf2_sha256$100000$1X45vQyZhwAN$fGEZpBF8IKgJNluZIEW/gUy8EP89uov4So9WxlDiP+0=	2019-07-17 12:03:48.089+01	f	Tamilselvi			tamilcivil88@gmail.com	f	t	2019-07-17 12:03:47.948+01
640	pbkdf2_sha256$100000$n9EVDmytYiE5$TzQSuZSJVuqTPJlg10XP+OVwRFkxlvIFakxIOSTg9Ho=	2019-07-17 15:02:41.954+01	f	pesttem			aguilusariel@gmai.com	f	t	2019-07-17 15:02:41.572+01
641	pbkdf2_sha256$100000$5SdrLZ6OR2YP$m3lHpVM+lT1T5qfkl+OGFGIsSnCtWnXp2seQqRjAVUE=	2019-07-18 06:31:52.35+01	f	Guia2011			abtechconstruction@gmail.com	f	t	2019-07-18 06:31:52.226+01
642	pbkdf2_sha256$100000$Vvm7lAN2iEOG$Mnosd5AeqZvYEbAOF948clKXVGC/vf35N5DSzdfC7Hg=	2019-07-19 08:37:30.006+01	f	jung			amhangausa@naver.com	f	t	2019-07-19 08:37:29.817+01
643	pbkdf2_sha256$100000$BgnO68BULF2S$gw3T3XReomF2jeMQQMLwHj/DDiLYnZiGmrreUzdr7a4=	2019-07-19 17:50:57.517+01	f	Shiva			shivarathna268@gmail.com	f	t	2019-07-19 17:50:57.285+01
644	pbkdf2_sha256$100000$ROa0MXCRwA6A$tYnGCFL0bhmAj55q52VyE6alpiZ8NE6J1+6xjH5Nms0=	2019-07-20 03:10:38.548+01	f	Jad72			djoea16@gmail.com	f	t	2019-07-20 03:10:38.334+01
645	pbkdf2_sha256$100000$opQuNnS6j8bo$ydCrn3LwnTID3lD8d3aWLCewuUcXYF5lg0CFj2Qe1Mg=	2019-07-20 12:39:32.782+01	f	Hamxi_ix			hamzaqasim.civ22@gmail.com	f	t	2019-07-20 12:39:32.653+01
646	pbkdf2_sha256$100000$tiVzcPY1zEse$m6Yqdprc9LQs6TwRpT31Yqy1vFAJit9SYqoDSszVeVI=	2019-07-20 12:40:26.079+01	f	Ihamza82			hamzaqasim.civ22@gmail.com	f	t	2019-07-20 12:40:25.947+01
647	pbkdf2_sha256$100000$5NPSSjUpbbhh$PZ6twb53yVpdcYmV5LvP8EtduQT5tzjHYbkfJl0vhKg=	2019-07-20 14:46:21.5+01	f	ajaysuman1003@gmail.com			ajaysuman1003@gmail.com	f	t	2019-07-20 14:46:21.365+01
648	pbkdf2_sha256$100000$nn3QwrT97P4m$fhdtCZoMZsiJeh+00ReGal9vCzSaVQcMedWK0+LL4iE=	2019-07-20 17:33:54.918+01	f	Adisho.gelgelu1@			gadaagemeda01@gmail.com	f	t	2019-07-20 17:33:54.783+01
649	pbkdf2_sha256$100000$nJDFpAKEZtAt$iFSrepZGFcKCza3SqeIRmdVYOLB6r+A/SbeKLMa22Ec=	2019-07-21 02:37:29.001+01	f	wisam1			wisamalfaris8564@gmail.com	f	t	2019-07-21 02:37:28.874+01
650	pbkdf2_sha256$100000$DfPxuPtqSIsB$XjBNG1g2+6rbpgVWNBtfG+idNdwt/CXTH09+iMnugU8=	2019-07-21 14:53:59.637+01	f	Armand			atjburzyzhclem@gmail.com	f	t	2019-07-21 14:53:59.278+01
651	pbkdf2_sha256$100000$WpenND4d2Hst$CpYdEpguzazCOOoTrMGHTiDZNWwsPr95KsRfPKJBj9E=	2019-07-21 18:19:13.514+01	f	Akram@143			akramkmulla@gmail.com	f	t	2019-07-21 18:19:13.313+01
652	pbkdf2_sha256$100000$NjoFnJ8ElV7Y$Lt3UeUfnYJCTPgF/ODjOYbHqHDjY9ZeZsQ64Rj+HimU=	2019-07-22 03:53:40.621+01	f	JB			Jonas_baumann@hotmail.com	f	t	2019-07-22 03:53:40.478+01
653	pbkdf2_sha256$100000$4ka6zbs1xSdK$vbEMO4b9rA9iKhrFaqVISxaGgVI41ElBEDe1SrhSUYM=	2019-07-22 14:12:56.594+01	f	Jignesh@003			kachchhijignesh1993@gmail.com	f	t	2019-07-22 14:12:56.42+01
654	pbkdf2_sha256$100000$kxAUvmq6vKx5$6Tf7Lv9O1vxlbZwyXzUc+7ELNeExjFGghAo9DCTfhOo=	2019-07-22 16:19:33.055+01	f	Princemediwala			mediwalaprince@gmail.com	f	t	2019-07-22 16:19:32.79+01
655	pbkdf2_sha256$100000$Z4NQ1qE7nrkB$ECcvz7oBmER+mwm6/QHTUFhFk3aOcpOPPMsR95okZl4=	2019-07-23 15:57:34.088+01	f	Tul09			agrawalatul09@yahoo.in	f	t	2019-07-22 23:12:13.48+01
656	pbkdf2_sha256$100000$mgNGTu8D0zM5$/v8WVWwe/DdjAc0eBkjDCfws6GCpK8lB7qrp8B2S/YE=	2019-07-23 06:29:01.707+01	f	Calen			calen.jordan@outlook.com	f	t	2019-07-23 06:29:01.572+01
657	pbkdf2_sha256$100000$XNrSHB2mh84T$xObmRFxfKpaZ185HtkPHuVrOrIrDv6xUPblL8vHw+MQ=	2019-07-23 15:02:40.027+01	f	DouglasBoock			cqoybrr@iuy.pw	f	t	2019-07-23 07:43:17.977+01
658	pbkdf2_sha256$100000$uWXLMOJWJOZO$Wi78J78h62Peki8Ip5MsT8VWQpLmdHSja5tv5XzVGOM=	2019-07-23 16:35:31.105+01	f	ali171991			ali171991@hotmail.com	f	t	2019-07-23 16:35:30.958+01
659	pbkdf2_sha256$100000$LicaPEFt3OJg$R8N3CuLaM6BKditaLziDvMMEDAStLJqlpDtj+fZq8SQ=	2019-07-24 13:09:15.145+01	f	khantrahul			khantrahul@gmail.com	f	t	2019-07-24 13:09:14.993+01
660	pbkdf2_sha256$100000$OkQ2kAbYK7Kx$5LsFpS1ezKIbU4bleUmRDgpBLtHr1AxRJ6kVDzCTVwo=	2019-07-24 13:51:22.501+01	f	jasrajk365@gmail.com			jasrajk95@gmail.com	f	t	2019-07-24 13:51:22.36+01
661	pbkdf2_sha256$100000$07pmff0ufOyh$3C9XUC9Z4bRiTxquUJ/p6PUBsUu7zPkdiGjOQ6p7LD8=	2019-11-16 18:28:07.906+01	f	MuckEng			craigmichaluk@hotmail.com	f	t	2019-07-24 20:10:24.879+01
662	pbkdf2_sha256$100000$SVkNA2L6zXkB$oKK+Ai9PwFiGospcmxqbUggqyIvbpkm48NpQVNB5sEI=	2019-07-24 21:00:18.907+01	f	Ramzolie			ramajaco@gmail.com	f	t	2019-07-24 21:00:18.787+01
663	pbkdf2_sha256$100000$qtkjJJQ694Z9$aKJUpbabaqZakU1KGFvs6th4u+gQF7my9Si4Q/bGU7I=	2019-07-25 11:51:30.644+01	f	xbind24			lapigmichael@gmail.com	f	t	2019-07-25 11:51:30.505+01
664	pbkdf2_sha256$100000$BTLkUGUsyGHt$JIjJJvGc2Kk7hWNUQWINk067NqTfPoCGHYGFvTg59pY=	2019-07-25 19:01:11.43+01	f	Kahsay1234			gerebtsana6@gmail.com	f	t	2019-07-25 19:01:11.265+01
665	pbkdf2_sha256$100000$sqkt3QutvrU6$NX5S6z0jifKmhT/GtHbVV3sBgZXoe0UxUWMQViIl5zY=	2019-07-26 04:50:18.86+01	f	rodrigo			rcruces@codelco.cl	f	t	2019-07-26 04:50:18.738+01
666	pbkdf2_sha256$100000$yM7Omttpx3qm$KLI5Iiv3o7dmJSvkpMxOP4pughDeekFEYCRBRFGNOXA=	2019-07-26 09:22:08.524+01	f	nishat6474@			nishatakhtar6474@gmail.com	f	t	2019-07-26 09:22:08.394+01
667	pbkdf2_sha256$100000$S1dpSCFtToz5$3MsLkK7hmftNif0eyM3W77D8JwUtORZBIrehVhC/hQE=	2019-07-26 13:02:13.036+01	f	stunna-uc			Stephenuchenna1@gmail.com	f	t	2019-07-26 13:02:12.601+01
670	pbkdf2_sha256$100000$wkTmLW99nCJR$gSmUBRicnNgGmYpeFY1cYWsD0Nm7JXxMeuR+DQApmts=	2019-07-27 09:29:20.862+01	f	Ejaz@7457			e.shahbad7457@gmail.com	f	t	2019-07-27 09:29:20.736+01
671	pbkdf2_sha256$100000$42LlrKYvPEEi$6CY9ow6O8llmowrxNrRBdakiw2nGHVtwvcbHFev6WVE=	2019-07-28 10:09:29.551+01	f	Mainbhshayar@123			skhan0954@gmail.com	f	t	2019-07-28 10:09:29.407+01
672	pbkdf2_sha256$100000$WKyjCc2jnzT8$rUrxQFkI4L2dRdnbLnwpfEFe6DKBGkOEca2MZy5tidU=	2019-07-28 13:01:12.657+01	f	pribadis			irman.siddik@yahoo.com	f	t	2019-07-28 13:01:12.52+01
673	pbkdf2_sha256$100000$G4WthlHpQHmx$bX20b3uJjtWW7nKm6Q7dEy8owRVhn1wK5taffwD1jGo=	2019-07-28 17:26:52.863+01	f	kvngarcia83			k.garcia.rz@gmail.com	f	t	2019-07-28 17:26:52.727+01
674	pbkdf2_sha256$100000$fzKC5Htwg4DM$xc8URYu4KnJmW9bG5qHhH/D95uo44HjI3WWZmW0SGvs=	2019-07-28 18:10:20.167+01	f	BigGarfield			costi.dragoi@gmail.com	f	t	2019-07-28 18:10:20.039+01
675	pbkdf2_sha256$100000$vQMRuUlV4j69$ORXxX1l1yi39GKzCLT657y39M7Mn9H3BlqZQg6u/zLg=	2019-07-28 23:16:21.657+01	f	a.nyoka			a.nyoka@diompika.org	f	t	2019-07-28 23:16:21.488+01
676	pbkdf2_sha256$100000$Rr9ijG9fvN7a$07olULyXu5dXvlzEHJI120gmcPZrKdNuSe6ZVxYykzc=	2019-07-29 16:45:34.267+01	f	Aamisha.j			aamishaj4@gmail.com	f	t	2019-07-29 16:45:34.147+01
677	pbkdf2_sha256$100000$0QimWx9fwlnp$elPS1IiS1TOCjWOGGhCWWSM98tMQB/8STYIybQtSLd4=	2019-07-29 19:48:17.804+01	f	skumarsr			smumarsr1100skumarsr@gmail.com	f	t	2019-07-29 19:47:19.195+01
678	pbkdf2_sha256$100000$s52TQB016oOm$3zXsFzOPxutqNxL22vt5+Bqy3y2B3NMaEsp95C4PADs=	2019-07-29 21:28:33.723+01	f	Er_shab			frndshab@gmail.com	f	t	2019-07-29 21:28:33.571+01
679	pbkdf2_sha256$100000$LRnQ7TnUKI2R$Wx6nC4SUjcndPpcwZh5IYrHw8oOLCkJIXp6ChnseS1M=	2019-07-30 05:22:20.403+01	f	A11111@			arunkr.sharma2170@yahoo.com	f	t	2019-07-30 05:22:20.279+01
680	pbkdf2_sha256$100000$ihWeq62XBksT$arCnZcb6m08HOXSsGwJyeaWGRDD1GtSn3IkFWqhbG8E=	2019-07-30 07:25:33.416+01	f	Surya93santha			suriyaflcm@gmail.com	f	t	2019-07-30 07:25:33.274+01
681	pbkdf2_sha256$100000$w5jPpbPW6pLl$ZcmtKozzv8MB1X+CIqWYUdFxke8U5Gj4WiT86rAf3z4=	2019-07-30 10:02:15.21+01	f	simaonobrega			snobrega@tegema.nl	f	t	2019-07-30 10:02:15.089+01
682	pbkdf2_sha256$100000$WDKFKo86ch7H$MFOH2oQ30usQXle4+XsTSOSFvtIfE/ay2MBC0q6bJz0=	2019-07-31 05:13:01.736+01	f	uika			urajesh@gmaile.com	f	t	2019-07-31 05:13:01.583+01
683	pbkdf2_sha256$100000$Bv1JntAyGOe8$3ZQA0+ygcjfaeeazTzbio4INHzt8Ul2DcZF2cgTLtTg=	2019-08-01 01:35:20.743+01	f	McCallum			michael.galloway@mccallumengineering.co.nz	f	t	2019-08-01 01:35:20.624+01
684	pbkdf2_sha256$100000$7WK317zViSXX$EI/8UJ/de8PUppAPwXoQIBdeZiVhB+R3fjjW/NgAKZs=	2019-08-01 22:37:17.862+01	f	leogomez			gomezleoreinal2798@gmail.com	f	t	2019-08-01 22:37:17.687+01
685	pbkdf2_sha256$100000$w8ollSn0wGwR$aqd9ER7D3nsNreDnrhRcH5QE5Dd+WcfkH1m47+oabKI=	2019-08-02 05:14:15.797+01	f	chidambaram			chidambaram.9261@gmail.com	f	t	2019-08-02 05:14:15.64+01
686	pbkdf2_sha256$100000$WjERgHW0t8Jo$JnUoxgvaDHze1NwW1frC7vsNvi2CVIFzLvwcnmHpm3g=	2019-08-02 15:14:07.469+01	f	Parmar_Harsh			harshpar996@gmail.com	f	t	2019-08-02 15:14:07.266+01
687	pbkdf2_sha256$100000$3XQBkdkFIxsL$TeaU78vTe2olCF9dx0pPvtiNIDpD4AWNxg4YsG5BSno=	2019-08-02 17:53:34.112+01	f	Payal			dhaknepayal@gmail.com	f	t	2019-08-02 17:53:33.947+01
688	pbkdf2_sha256$100000$uOGQgtDUQ0JB$Ap+n7mXtLxZiavV8l33hQPv+aFyGgK9LkC8ABjmVRvw=	2019-08-03 05:08:11.91+01	f	study@justinmatthews.co.nz			study@justinmatthews.co.nz	f	t	2019-08-03 05:08:11.784+01
689	pbkdf2_sha256$100000$ZPMj6TMipM76$PFHvZMk2dgpuU1jqnYAl9vq163xWXWGQSDlxCQekUZE=	2019-08-03 19:06:44.316+01	f	Jyotirmoy99			jyotirmoypal4101999@gmail.com	f	t	2019-08-03 19:06:44.169+01
690	pbkdf2_sha256$100000$sgbhRDBSJhcJ$BApIunTKszmRxQvdkyS7gYukjzOZcXGwZWxFllG2abM=	2019-08-04 06:07:18.078+01	f	jezhelie			jezheliemaecosme@gmail.com	f	t	2019-08-04 06:07:17.954+01
691	pbkdf2_sha256$100000$9TDPImplKaI4$a2IIRG9OVGiqgresHMdCq5J1fN7/S3lXLHdpq/ZdQlE=	2019-08-04 18:03:58.417+01	f	Abhishek			apaunikar1996@gmail.com	f	t	2019-08-04 18:03:58.303+01
692	pbkdf2_sha256$100000$8MGRm3cnBhh8$+kTP8e9ZlcMiyct2zyZ6GQqW1tTXSY8DgVq15eU5YvE=	2019-08-04 18:32:21.626+01	f	elkhaleejy@gmail.com			elkhaleejy@gmal.com	f	t	2019-08-04 18:32:21.452+01
693	pbkdf2_sha256$100000$A3EQeJztIiwp$cc/s3rCU2hHkd6sbHmyVc/1L9CFTipSGTj400E6B+B0=	2019-08-05 11:11:46.96+01	f	ddamekar@gmail.com			ddamekar@gmail.com	f	t	2019-08-05 11:11:46.828+01
694	pbkdf2_sha256$100000$82zvFLiB9Tev$i1oRFaGN/655fPS3RnRSJXJgMXiN4/EFS64PDTR8c00=	2019-08-05 20:48:01.168+01	f	Efan12			lionelvincent68@gmail.com	f	t	2019-08-05 20:48:01.037+01
695	pbkdf2_sha256$100000$xZhAy72hyKzS$SFVYi9TKsrBGHO3yxaOBEqQ1GKwRXwY1Afu0PQ6EbZo=	2019-08-06 03:26:17.737+01	f	14chenct			14chenct@gmail.com	f	t	2019-08-06 03:26:17.472+01
696	pbkdf2_sha256$100000$eWdYovz9dCPf$1ZIfHnSvt3oQBYxbTqtdJIxvOPp3LxgXqU6PB1F6ka4=	2019-08-06 07:46:16.409+01	f	Jagdish			jagdhishgaonkar230@gmail.com	f	t	2019-08-06 07:46:16.06+01
697	pbkdf2_sha256$100000$4f1OwUl3B4Ea$GssB+qEWwkpcfTsItYA8xYTe0ZLSQLj/AhTy7LQBu1E=	2019-08-06 11:03:46.139+01	f	Dfrd			filip.deldycke@telenet.be	f	t	2019-08-06 11:03:45.823+01
698	pbkdf2_sha256$100000$2TZSqTfAQVEu$oxt6+1cW5cOGpBTyNdE9sQmdtUyw3jTXOnjQHbR3ZBM=	2019-08-06 19:24:26.5+01	f	minminhein			minminheinnew@gmail.com	f	t	2019-08-06 19:24:26.371+01
699	pbkdf2_sha256$100000$exQmVbpe2xzc$kwnuVG0fLUxFX9PewHl79UDZBvI307qxo2sipSXtlyE=	2019-08-07 05:30:52.462+01	f	420475117@qq.com			420475117@qq.com	f	t	2019-08-07 05:30:52.347+01
700	pbkdf2_sha256$100000$0PP1XaMEB1wX$5t4jAiBgq1aOKkSjkM82fJNN5z9PRjvBvh2HJiv17UQ=	2019-08-07 06:37:04.753+01	f	AakashSood			aakashsood6073@gmail.com	f	t	2019-08-07 06:37:04.632+01
701	pbkdf2_sha256$100000$nAiYa2G7fn2Z$5jwpu5KY9DJdmn9qx0lC3/8KShLs3E/9AmiacNZpnmQ=	2019-08-07 12:19:54.564+01	f	trilo77			ghadaitanushree@gmail.com	f	t	2019-08-07 12:19:54.432+01
702	pbkdf2_sha256$100000$iOIejkbxe8zj$7N4aKzVr9VrZmRdGHx2enke9NxwlT3Wzirekrl0FPXU=	2019-08-07 12:56:03.365+01	f	Habertyokana			habertyokana12@gmail.com	f	t	2019-08-07 12:56:03.186+01
703	pbkdf2_sha256$100000$JKuaiCMyBRVS$qQ5xrrKbGZ/gYrbVM8+7TZcL5ZlljBDOyl3R5s3V1YM=	2019-08-07 13:15:48.469+01	f	Aadil			aadilvee@gmail.com	f	t	2019-08-07 13:15:48.321+01
704	pbkdf2_sha256$100000$4eTkRmuJbuSm$tS/XvkTvsgi+OE068P821Hn82g+jZHZvnLT2oF6fniE=	2019-08-07 14:24:34.34+01	f	aem14			aem@agileautomotive.com	f	t	2019-08-07 14:24:34.173+01
705	pbkdf2_sha256$100000$3BhWKh7CUhYM$hOzIObuA10kvttwNDNHvgB39iTDnSz5biLXuJEAMxto=	2019-08-07 14:56:32.154+01	f	danielbrav2			daniel.dbml.db@gmail.com	f	t	2019-08-07 14:56:31.857+01
706	pbkdf2_sha256$100000$Ulq654504LtO$KmvpJIf1FVWuVv2OcGW5QSkFOQyQjzjQqh5OjwDSBl8=	2019-08-30 12:11:59.104+01	f	Jiri			netusiljiri@gmail.com	f	t	2019-08-07 15:01:32.025+01
707	pbkdf2_sha256$100000$kuEcfeWUhebg$doE0aja/LRkMvjU1+FYEAjV3dgoRunLmrcnbfPIKllU=	2019-08-08 10:27:47.291+01	f	Yogitiwari94@gmail.com			yogitiwari94@gmail.com	f	t	2019-08-08 10:27:47.16+01
708	pbkdf2_sha256$100000$0kCBtzXkz4DQ$UKghRvpy1pWLG/m4ghO7WVtotpbIp4qbinZgYvJT+n4=	2019-08-08 12:53:48.925+01	f	Francisco			francissesay95@gmail.com	f	t	2019-08-08 12:53:48.592+01
709	pbkdf2_sha256$100000$vxE6UeX7A8cg$L2/OldWaqoxOIWb56Lrs6lgLztcfi70eHqrarAnd1U4=	2019-08-08 23:55:01.127+01	f	Cabvo504			cabvo504@gmail.com	f	t	2019-08-08 23:55:01.002+01
710	pbkdf2_sha256$100000$P7dzMs0By3Ph$NEIL8S5Ha+VcqSopUC79yzcOZ1d+IuEh0XOL5+4DHLw=	2019-08-09 08:29:57.513+01	f	jc_687			jc_687@yahoo.com	f	t	2019-08-09 08:29:57.352+01
711	pbkdf2_sha256$100000$dIdWybHU1DSG$nPMPhK4FBCKdtsjb/ecN4x5OL2ewIr3vb+TKYjQ2kg4=	2019-08-10 19:23:41.984+01	f	Pks89			prateeksharma62680@gmail.com	f	t	2019-08-10 19:23:41.829+01
712	pbkdf2_sha256$100000$cllVebYc1xKS$AjzPwDnqe/hDHeew+S5tBTAqyiw3GhCf1A5QaBaYH14=	2019-08-11 03:38:51.961+01	f	melesekenate18@gmail.com			melesekenate18@gmail.com	f	t	2019-08-11 03:38:51.839+01
713	pbkdf2_sha256$100000$8pNxngCQBszd$ObZZnQj5PrxKE5WQ4R4CYq1bqfmz02QbE2XTEvmiDMA=	2019-08-11 09:32:49.936+01	f	Amir			amirmax1374@gmail.com	f	t	2019-08-11 09:32:49.798+01
714	pbkdf2_sha256$100000$GU3kvhJfohFl$s3IENn8mPcn5fi0WiZMkhOOdWr1wTRZDuNbE9sEfzrY=	2019-08-11 10:20:03.419+01	f	yasin248			yasinmohammed637@gmail.com	f	t	2019-08-11 10:20:03.257+01
715	pbkdf2_sha256$100000$xBTS9cuxKjuD$r7ylvBfq3ygu/HwvaQ617t128aHKknGtGtoZ2Sl55As=	2019-08-11 13:49:56.494+01	f	Zubairprince			z41zubair@yahoo.com	f	t	2019-08-11 13:49:56.16+01
716	pbkdf2_sha256$100000$wuVtbFyFTFG7$nlWguh0tbkoy7T7J3SP8Oxh1EwrYNPzk91KtoEF8vHY=	2019-08-12 12:27:59.282+01	f	Vijay			vijaycivilking10@gmail.com	f	t	2019-08-12 12:27:59.154+01
717	pbkdf2_sha256$100000$L2MQ4eVzSxja$rzaUxfXxyTcumn+regHjkezRgJhk9XZcsnrs1dRgazo=	2019-08-12 15:46:09.9+01	f	Leoking10			amarmolay@gmail.com	f	t	2019-08-12 15:46:09.739+01
718	pbkdf2_sha256$100000$6FyFjoWJK3av$YnygvW9vZXS7+NgJ4Y4f9DHGF/3JkpbuiRDS5JrZVZ8=	2019-08-13 00:38:27.986+01	f	zsras			zmsras@gmail.com	f	t	2019-08-13 00:38:27.791+01
719	pbkdf2_sha256$100000$boKm8xTHImOR$ThZEux3k81EP+mSM/E89AxvfvZ1P+T13Wl3eoZIbp8Q=	2019-08-13 05:36:00.104+01	f	beasthunter97			beasthunter97@gmail.com	f	t	2019-08-13 05:35:59.899+01
720	pbkdf2_sha256$100000$aAs2h1oEi8ip$IODEyu6iYQD2zuU3u6w3wQZ53p4vd1OmbaVE4qtM7M0=	2019-08-13 07:43:55.382+01	f	hanyin93			lukeyhy0204@hotmail.com	f	t	2019-08-13 07:43:55.173+01
721	pbkdf2_sha256$100000$iYz0xe3EjTH4$LGur3RXNzG1ueXfNOJp/CDkzkUyByMCVCAAR+D2D+1k=	2019-08-13 13:35:40.646+01	f	Ddddd			eleanordave23@gmail.com	f	t	2019-08-13 13:35:40.473+01
722	pbkdf2_sha256$100000$JGjq1nszPgCK$nhr/VJx7yULVpvSzzG/JAUTGdf/gu4NmlmC3tukjpek=	2019-08-13 17:17:56.519+01	f	VijayRanswal@12			vijay.ranswal240@gmail.com	f	t	2019-08-13 17:17:56.365+01
723	pbkdf2_sha256$100000$qyo2JmHSLUhq$j556F+d1fEA8NAZ1YlGVx/vG1X4TNmjwdY+5fJYOdBs=	2019-08-13 19:22:53.634+01	f	Keypadajnt			erdanloogi@yahoo.com	f	t	2019-08-13 19:22:53.508+01
724	pbkdf2_sha256$100000$V0gj50czPgQl$wbsCRexLwJxf+cai+LfhtSLzXoDhvWKDwjbjazUrf9M=	2019-08-14 06:50:21.394+01	f	Jiend2208			jiend2208@gmail.com	f	t	2019-08-14 06:50:21.268+01
725	pbkdf2_sha256$100000$5Tqueix2kjRn$QTHhsJEBbz7i/BDLF392vuctGURfcuFb56+UQnux0HM=	2019-08-14 06:50:59.808+01	f	JiendAugust			jiend2208@gmail.com	f	t	2019-08-14 06:50:59.688+01
726	pbkdf2_sha256$100000$uPZocPtvDTJ8$jojLeAueXBryDF3B9tGBzvDRwQWwhzuR9m96rlNA4F0=	2019-08-14 10:35:45.612+01	f	Huuujj			karthicfgggkirse@gmail.com	f	t	2019-08-14 10:35:45.476+01
727	pbkdf2_sha256$100000$ROZxeDhq0vfr$7H7do7r+vD+D8BiIFIpuYqM1vXfUrREdfCB2CHK4Lws=	2019-08-14 11:45:02.009+01	f	Abdulaziz_mr			abdulaziz.ir@gmail.com	f	t	2019-08-14 11:45:01.813+01
728	pbkdf2_sha256$100000$71x4rQ6w4Sh7$J6lo1odUZp+XVeod8NPoaqmNQGDXqLJoucb3no/4FY8=	2019-08-14 19:01:10.561+01	f	gdec			gdecugis@yahoo.fr	f	t	2019-08-14 19:01:10.402+01
729	pbkdf2_sha256$100000$VUXv3520hU5R$ReFCwt6ju/f1dAgfZHBKFKqkGLTXFBe9WedO6tNayOA=	2019-08-14 19:49:14.231+01	f	krugerlmi			krugerlmi@yahoo.com	f	t	2019-08-14 19:49:14.113+01
730	pbkdf2_sha256$100000$czXteoc9Qs0U$b+nGgizXBU44iQIrlp5YSfiYignBTA0bJ0m8iIkNCXs=	2019-08-15 05:50:02.943+01	f	Glenn12			gcplumer@gmail.com	f	t	2019-08-15 05:50:02.573+01
731	pbkdf2_sha256$100000$Bte9u1O1aH7s$a5Dx8itKnHxM2r/x7Bbp9yi79YzkW4ej9iKUYEc4QO8=	2019-08-15 06:26:58.421+01	f	Thombare			khandoba8248@gmail.com	f	t	2019-08-15 06:26:58.304+01
732	pbkdf2_sha256$100000$fjAulEiCu93p$qIbJCtYTPlBC5DaZgPHx1/3QJKyph+Yi9cR1hgG5Q7E=	2019-08-15 11:14:24.095+01	f	shachar_boltanski			shacher.boltanski@afeka.s.ac.il	f	t	2019-08-15 11:14:23.981+01
733	pbkdf2_sha256$100000$Us40BfDvlKPi$y8zYH3qH8p7FxaWvmN+uMLEaKF+pDz43Of6VooQc8Gs=	2019-08-15 14:20:37.508+01	f	User			syamsm26@gmail.com	f	t	2019-08-15 14:20:37.22+01
734	pbkdf2_sha256$100000$SDAsdYRVQgRq$MoLhcWuXU8LLGQ/Z3sQUC4ptqDBBsAemE6AxNGk1wEM=	2019-08-15 15:59:50.757+01	f	Qhsgd			carlosmaradiaga581@gmail.com	f	t	2019-08-15 15:59:50.647+01
735	pbkdf2_sha256$100000$ELVGGLonF2Hn$Snp2gyV5kbhX8a0Xw3htnKCfDVnrGQV58WPS4aetFlU=	2019-08-15 18:24:25.378+01	f	abdihamid			abdihamidh852@gmail.com	f	t	2019-08-15 18:24:25.045+01
736	pbkdf2_sha256$100000$Fn6haqEGVQVz$AajnA2b6QkTbAM8gK18FADxd6m8jI0v2E3rOzkLw1q0=	2019-08-15 19:18:28.658+01	f	Younus			yunusd.dreams@gmail.com	f	t	2019-08-15 19:18:28.542+01
737	pbkdf2_sha256$100000$unkeCWGlz9y9$R9AHXWRKHfWHrvoqe0ukz8q4KQ7DOxE2Pf3ZcUBeOMA=	2019-08-15 21:29:52.274+01	f	Interfacetsn			anelsurpa@mail.com	f	t	2019-08-15 21:29:52.135+01
738	pbkdf2_sha256$100000$SBRQy3LTQAYG$qZZI/280L6d6Qka/SJMW7VRD467958COZpwpyMu3e4o=	2019-08-16 14:00:52.924+01	f	Manimuthu			manimuthumk1105@gmail.com	f	t	2019-08-16 14:00:52.794+01
739	pbkdf2_sha256$100000$OUNM4BtST87B$wMgpxRLbofcLCYREBzKrM9UjSXFN2B7kmNGlls3fQLE=	2019-08-16 14:51:09.52+01	f	oranu34			o.a.orlando@outlook.com	f	t	2019-08-16 14:51:09.391+01
740	pbkdf2_sha256$100000$1fqBeEOPFnmS$cPgk/Nu4k5Ehvmo7yh+fFN2JP1kSTkjlml3062as8xk=	2019-08-16 16:12:43.759+01	f	Amol123@			enggamol23@gmail.com	f	t	2019-08-16 16:12:43.26+01
741	pbkdf2_sha256$100000$jlERcGAFanVk$X1dnlwcbvmjqfGkXAAlE+OmgZ7xF0/prujl4o66GAvo=	2019-08-17 09:13:45.494+01	f	Monujpachani			monuj.engineer@gmail.com	f	t	2019-08-17 09:13:45.382+01
742	pbkdf2_sha256$100000$v7Jih1HAg6Bg$8bjblaeMrBYciZH8RK9yc76CZ/9Qh+Bjj0HO7UHVPbE=	2019-08-17 10:43:31.696+01	f	Fuad			fuad.nor@gmail.com	f	t	2019-08-17 10:43:31.386+01
743	pbkdf2_sha256$100000$e05xK5mE2yZt$glFqPpx2QKztUq42JX9okGxsU4UYWmDc8Du57AFsQBo=	2019-08-17 17:37:24.383+01	f	rajesh			rajesh123@gmaile.com	f	t	2019-08-17 17:37:24.237+01
744	pbkdf2_sha256$100000$Ac6QpRZ8vANS$rjjoTeNH/1U58ZOrHcenmcwGzhxIj79aR7Rdo8mZ+SQ=	2019-08-18 00:39:02.537+01	f	Santiago99			santiagogarcia1009@hotmail.com	f	t	2019-08-18 00:39:02.418+01
745	pbkdf2_sha256$100000$UY83byqtqJ8o$Piws1TmPJroIZ5hEXVPlEksuLmjh4zumF8UXmweHwHk=	2019-08-18 09:35:22.949+01	f	Qasim			q.mohd22@yahoo.com	f	t	2019-08-18 09:35:22.623+01
746	pbkdf2_sha256$100000$g23kgzp0EbPq$DOagQYczdfkpNjZu0IHasy0TT7iugf6jaaIfmoq+1lM=	2019-08-19 00:37:07.628+01	f	Cabvo			cabvo504@gmail.com	f	t	2019-08-19 00:37:07.495+01
747	pbkdf2_sha256$100000$ni1bD4sbZcme$ztxvQJN7OY+Pw3sGBwKgXS4J0s1FkToODUf6DMOEeD4=	2019-08-19 00:45:15.806+01	f	Suryaatmaja27			suryaajus2@gmail.com	f	t	2019-08-19 00:45:15.685+01
748	pbkdf2_sha256$100000$F4OBSLjEWpVV$2XSkw5knCOBHqN2HcRN8RnwgRATHi+rTSwiP+4u9HqA=	2019-08-19 01:17:23.368+01	f	a71wbm			a71wbm@gmail.com	f	t	2019-08-19 01:17:23.25+01
749	pbkdf2_sha256$100000$3y0ozEbruumE$1u/kZazKhqhnHwOY+wXKzUHYmPOeo4O/izWyFipHVQc=	2019-08-19 10:17:20.868+01	f	engrdaves			engrdaves2408@gmail.com	f	t	2019-08-19 10:17:20.745+01
750	pbkdf2_sha256$100000$BHxbVrt2MUFj$jOVAGuktvINcV36tRyU20wTi7EnuEYctjpveM1CXw40=	2019-08-20 04:29:42.512+01	f	Emsimo3			Emsimo3@icloud.com	f	t	2019-08-20 04:29:42.164+01
751	pbkdf2_sha256$100000$pSeUulxuA060$4F5keAbeCmfeXEl0kRt0wuEbNIgorojEpNKFEr2l8n4=	2019-08-20 05:06:53.791+01	f	Blenderase			mike@baymedicalcompany.com	f	t	2019-08-20 05:06:53.655+01
752	pbkdf2_sha256$100000$9dm676cm1oTu$jfJon3FTYRnuqS/cVEwshxTHRoMclHF/TmOgbndCNCI=	2019-08-20 13:36:10.386+01	f	Fingerboardwop			mupeedin@ibxengineering.com	f	t	2019-08-20 13:36:10.232+01
753	pbkdf2_sha256$100000$HTQUaJC7N2ej$9L3/i1XLakUGMSMvi+/2ov9yRk4BUJ3eFVD8RahYvGA=	2019-08-20 14:22:03.659+01	f	mindaugasz			mindaugas+effectivewebapp@zelvys.info	f	t	2019-08-20 14:22:03.523+01
754	pbkdf2_sha256$100000$X75q0l14XF7S$lV8lP3+doO4ZBbExG4HAAJ6NrJmYaCRgn0FuAvLmYb0=	2019-08-21 03:38:59.282+01	f	Aarr.171			aarr.171@gmail.com	f	t	2019-08-21 03:38:59.165+01
755	pbkdf2_sha256$100000$n4GyefcwQ9CD$1XlTSC/haJAn3qYOi8a9LhN8yVFd1AOv5u2ORQXyVMg=	2019-08-21 11:35:42.862+01	f	ambuj			shuklaambu@gmail.com	f	t	2019-08-21 11:35:42.747+01
756	pbkdf2_sha256$100000$Ic5bDKDuVLNg$YMWTF+sJRO5OXmZKe+3cI0r/aGykNTCFmeR1IAbrCGM=	2019-08-21 15:29:43.299+01	f	Vyjayanthi			cvyjayanthi7@gmail.com	f	t	2019-08-21 15:29:43.09+01
757	pbkdf2_sha256$100000$3Quz14DAj3lL$oQwyzPbfF9fsRb4u3IMMNHLcDnAdemoAFmDbB7+a6RI=	2019-08-21 16:10:03.005+01	f	Portablexwt			megalecpa@aol.com	f	t	2019-08-21 16:10:02.861+01
758	pbkdf2_sha256$100000$UxZO6B3nSLJ3$BbiB43DLUgIxr4q5KiK1PnVk+aV4WXAue8i99MWHrgo=	2019-08-21 18:33:48.302+01	f	Irrigationfxj			kathy@brandyourmark.com	f	t	2019-08-21 18:33:48.155+01
759	pbkdf2_sha256$100000$4veGERsH2tSP$kzz5cfpapLSNmnLKVMmALPbTF8fCfX6fApBzjHzX+MI=	2019-08-21 18:40:35.744+01	f	MohammadHuzefakajalwala			huzefa.kajalwala68@gmail.com	f	t	2019-08-21 18:40:35.621+01
760	pbkdf2_sha256$100000$lOoLhPMS1w1Y$3E5U0+0mGfJCJd77Tl6rIxBDDx00sdqkGfZbEMzxgEc=	2019-08-21 20:29:49.045+01	f	Umarguda			umarguda@gmail.com	f	t	2019-08-21 20:29:48.744+01
762	pbkdf2_sha256$100000$NbWP2ub3iYfs$dzU8EkZullPmAidKx9O29KH6jKIAmkcuD5PaA1QZhQY=	2019-08-22 11:37:03.128+01	f	Daniel			valadares.gi@gmail.com	f	t	2019-08-22 11:37:02.818+01
763	pbkdf2_sha256$100000$iLCti23Fpxan$jNUcrUQBHH0cf16E+YNZqPgcCHqSMoEdyPlh4cDI0NQ=	2019-08-22 17:09:35.562+01	f	R182089X			ichaparika@gmail.com	f	t	2019-08-22 17:09:35.424+01
764	pbkdf2_sha256$100000$IIbklnCffEk6$OsMssgrHqvtWbCaFYbyaaCPv+V1eWuqVQj60Yk7Hv7c=	2019-08-22 17:56:41.271+01	f	khawar5596			khawar5596@gmail.com	f	t	2019-08-22 17:56:40.951+01
765	pbkdf2_sha256$100000$5cu1bJr4Yyiv$vN01QCZ9TCN2v9u6pm7pSEHqJs1tYL832O2EyR8Q4HY=	2019-08-22 19:28:11.493+01	f	Augusthlm			receipts@structures.build	f	t	2019-08-22 19:28:11.348+01
766	pbkdf2_sha256$100000$q1p4nzoV8ogb$pqOvAeIN8iD3+4gR1s7kp1URpVyZwz/uNCwPzWsGgo4=	2019-08-22 21:51:15.619+01	f	Marshallknv			loritucker2010@yahoo.com	f	t	2019-08-22 21:51:15.509+01
767	pbkdf2_sha256$100000$6RTliV632BNQ$ojF4Ej95yac4sWVPOHHTyVH7mQtTItzIrdvlZRa57To=	2019-08-23 05:16:08.088+01	f	Prashant			prashantravindrakumar@gmail.com	f	t	2019-08-23 05:16:07.942+01
768	pbkdf2_sha256$100000$83hvBSs18nTZ$QXWqzA47culToaBmDW0K/34BQKyVibCgJVP7zHOlV9E=	2019-08-23 07:14:47.725+01	f	Flexiblezan			florlorenzo@hotmail.com	f	t	2019-08-23 07:14:47.6+01
769	pbkdf2_sha256$100000$lpCzKD9p7tvY$SqOT9pVC16mPN5i7cxvoORSXgcRDCS+rt3Pdg7Xq/NQ=	2019-08-23 13:51:26.917+01	f	jjjijikkhcfcfcfcvbvbbbnn			jack.smith@hotmail.com	f	t	2019-08-23 13:51:26.789+01
770	pbkdf2_sha256$100000$qmUTkbw966Ce$FkCnIpm2JitIH/VGN3Ks2P9Q/ycoIUONPXqSD4vEjd4=	2019-08-23 15:39:05.544+01	f	Rsatyam			rsatyam086@gmail.com	f	t	2019-08-23 15:39:05.387+01
771	pbkdf2_sha256$100000$9RNi1mb4RJfZ$EEdYs8DgARYjy7MfLhQxnYixWfyhWYZaVCx2dsQGJZw=	2019-08-23 16:43:03.638+01	f	Ganeshpalaskar			gpalaskar10@gmail.com	f	t	2019-08-23 16:43:03.391+01
772	pbkdf2_sha256$100000$JfTOeBEsu0Tx$t3Rwbykognc8WKpwz4H6UOIke4mQtm23OnQKCS1Z8ys=	2019-08-23 17:49:42.162+01	f	Flexiblevdl			vboldetchi@bpmplus.md	f	t	2019-08-23 17:49:41.846+01
773	pbkdf2_sha256$100000$ArPWOEF9fjuf$pETRPnLSUdWJ4qu2cOMd4o5WeQ2vf/laPSwZ9JPxfAE=	2019-08-24 10:28:34.964+01	f	Neeraja			unni2008meenu@gmail.com	f	t	2019-08-24 10:28:34.652+01
774	pbkdf2_sha256$100000$sMqbmktbcE1H$nM2OWzONKOYVP8XsFcqsMrD039XBP+MZQDLBeViEc8k=	2019-08-24 11:25:09.105+01	f	Saineethi			saineethi007@gmail.com	f	t	2019-08-24 11:25:08.964+01
775	pbkdf2_sha256$100000$Jhs2OpjPSEDG$ViBeFrjgT8KaX+OXkX+xSP5qWXzD9xavNQzpzC/mYr0=	2019-08-24 13:32:25.03+01	f	Bluetoothwrf			keperschka@baycitymillwork.com	f	t	2019-08-24 13:32:24.91+01
776	pbkdf2_sha256$100000$sxV9SHA8UsA6$wod7AuPL3+Fzm1kwO/9DwgiU9QwA1AnLuRCaL5149VY=	2019-08-24 22:02:57.702+01	f	Fortressqvd			kasperbach50@hotmail.com	f	t	2019-08-24 22:02:57.589+01
777	pbkdf2_sha256$100000$fUcfDVjDsIpd$VeyPjCVr0c8UN4GaDkXjAlsDvvxXPhs29GXqtje0mgg=	2019-08-25 05:58:33.869+01	f	GanesChettri			ganeshchettri123@gmail.com	f	t	2019-08-25 05:58:33.741+01
778	pbkdf2_sha256$100000$RSZZcHjYqqfc$EUZGoBqJhuwcMCrgqxiqScoWH/PIzE4Syu6U/NPW9LA=	2019-08-25 09:29:51.654+01	f	Flashpaqnow			kasperbach50@hotmail.com	f	t	2019-08-25 09:29:51.532+01
779	pbkdf2_sha256$100000$ZrJlSin5x12G$40WLCrsrpGoag/Db55iD6trO5DdOaemBsupji9UgnCc=	2019-08-25 13:17:47.787+01	f	Xjdjdjj3			skdkxjdj@gmakl.com	f	t	2019-08-25 13:17:47.672+01
780	pbkdf2_sha256$100000$z1nUsGkUjtxy$K3QaoBNze2Km1Us7P1B9U9eFVWVTGi/QNYjIQYwW0qI=	2019-08-26 19:18:44.998+01	f	Salim			salimalsanusi@gmail.com	f	t	2019-08-26 19:18:44.679+01
781	pbkdf2_sha256$100000$CaLUu6p8UYSb$ptBD1r0GfR8bl/OJen5hVe/tyon83Fh8g6lk5qtDklU=	2019-08-26 20:05:28.255+01	f	Sandeep			tsandeep2000@yahoo.co.in	f	t	2019-08-26 20:05:28.144+01
782	pbkdf2_sha256$100000$C5ET2XlSsdxn$SmGo5ts/27v5/M1rVpxZawiGlyg+Mcw7XJMRlJivbA0=	2019-08-27 11:19:49.064+01	f	BlackVueopy			papyonekenobi@gmail.com	f	t	2019-08-27 11:19:48.731+01
783	pbkdf2_sha256$100000$vW4se3iNGr5J$pnhj6uGqgrARWs1RgMH+9X12/ElHFPjNRcmUetcc3xk=	2019-08-27 14:35:27.064+01	f	sulaimansulaimansulaiman2019			Sulaimanleman633@gmail.com	f	t	2019-08-27 14:35:26.954+01
784	pbkdf2_sha256$100000$PegnmckEotAh$j4YGDJxEa+L/OuFWpvULgmlcpmRD2MWqlUENERjV58A=	2019-08-27 17:26:38.208+01	f	Sameer14321			sameersubedar1@gmail.com	f	t	2019-08-27 17:26:37.901+01
785	pbkdf2_sha256$100000$pxyAQrnuARkP$552hKf1PDA7MRrhgaXWC+9LDQhJwk64VhmV2MZUaMRs=	2019-08-27 22:23:06.929+01	f	rwood12			rwood@unl.edu	f	t	2019-08-27 22:23:06.793+01
786	pbkdf2_sha256$100000$Db9JxZM7Rnby$xfpBblmoDT0zfi6Zec1ZhgxVQ6NaIio9ngpONsyRvuU=	2019-08-28 01:15:13.229+01	f	raof74			raof74@gmail.com	f	t	2019-08-28 01:15:13.095+01
787	pbkdf2_sha256$100000$3c5pvqhWfGek$jXGtuF6UHgwlycljzYVdi9IlwV5cstPmoriAg+/Na60=	2019-08-28 05:24:29.217+01	f	Premiumdlr			lupita1992@aol.com	f	t	2019-08-28 05:24:29.103+01
788	pbkdf2_sha256$100000$ANdrTdFiMdqI$CF+RMC9MnREG5tbBnu7ezPABqPYn/tlWoL5+oorJSIA=	2019-08-29 01:53:48.985+01	f	Thully			216007346@student.uj.ac.za	f	t	2019-08-29 01:53:48.868+01
789	pbkdf2_sha256$100000$w81vGs9LeiFC$omX/GTykPxzMh3YmPfoTvhcEAOc+PcuvlI7QE3fhxk4=	2019-08-29 05:17:13.348+01	f	Joy0301702			chojoy01826038001@gmail.com	f	t	2019-08-29 05:17:13.222+01
790	pbkdf2_sha256$100000$azgjVKhKx6DJ$aet88PDs5usU5bHMvldSs+5BKKmpRmjX0b78vffzq6c=	2019-08-29 14:35:35.772+01	f	im			imanabdul14@gmail.com	f	t	2019-08-29 14:35:35.475+01
791	pbkdf2_sha256$100000$OlPy0pLoxEYT$Fziz8+4+eTYJvKDpTonxmxMFVGX7PWHmW/NEyJDGSo0=	2019-08-29 15:17:58.566+01	f	gorlggorlg			vosabo@click-mail.top	f	t	2019-08-29 15:17:58.448+01
792	pbkdf2_sha256$100000$t5BaWj2Y9hJ0$nlHGpT6hj96vbAN2NeC0PzpR9bO3Kyr6HxU5sLI/tfk=	2019-08-29 18:05:48.894+01	f	Shushmitha			shushmitha1598@gmail.com	f	t	2019-08-29 18:05:48.541+01
793	pbkdf2_sha256$100000$T69RlWt2B2AP$gOIhn9On5Th5kLsVuxGzw1b/xlXAxkjZSUcRCnZhG/U=	2019-08-29 21:06:19.767+01	f	TRAYAMBAKESHWR			trayambakeshwarsahu@gmail.com	f	t	2019-08-29 21:06:19.651+01
794	pbkdf2_sha256$100000$n9h9lGFN7PlD$eMBYNgZPpxQxrx//Lr4z65iABxUnRLYDGq3vKVOcm30=	2019-08-30 03:56:12+01	f	ddev432			devendrawakhala432@gmail.com	f	t	2019-08-30 03:56:11.87+01
795	pbkdf2_sha256$100000$nTG4794yqCTM$n4uyX3Sew+aaQFsW2HpV45KB1N5IDQh0iNqipupcc/s=	2019-08-30 08:04:10.812+01	f	peposcope			kasem@dot-mail.top	f	t	2019-08-30 08:04:10.699+01
796	pbkdf2_sha256$100000$9MVFlxNn3UNT$5JFftZyAyeWyXb7k5nikSmaYo+mL88NQO3gW4wGC5bE=	2019-10-07 18:52:19.088+01	f	jzwillows			jzimmerman@usbr.gov	f	t	2019-08-30 16:04:41.935+01
797	pbkdf2_sha256$100000$3WC9lhIk89y2$rIaD5sawHIFp52HGBNIQkEH3BYqm948WKsaZR4QrIQc=	2019-08-31 22:11:34.023+01	f	Massinissa			massinissa.mouffok@gmail.com	f	t	2019-08-31 22:11:33.637+01
798	pbkdf2_sha256$100000$WD08kqTl9f98$DelDCEfwx1uhSaiaQxqJjmeVq3iYmgUNtQo0fdtCYXA=	2019-09-01 02:48:27.056+01	f	Ak6776112@gmail.com			ak6776112@gmail.com	f	t	2019-09-01 02:48:26.941+01
799	pbkdf2_sha256$100000$1A0LZ5sYBdNw$D+oKIbRu6hUynZ1+rx6k9XtHEXv1p2U1EX4OW1dFoaM=	2019-09-01 04:06:51.19+01	f	renzo72			djoea16@gmail.com	f	t	2019-09-01 04:06:51.079+01
800	pbkdf2_sha256$100000$Jbe6wYRHkMe0$wPoKlWqW2qaOzYuoPN12nCePb7E5EnCSYFawg8cIzs4=	2019-09-01 13:11:54.693+01	f	Nasr			nasredeen@yahoo.com	f	t	2019-09-01 13:11:54.568+01
801	pbkdf2_sha256$100000$xLfHeR7bXHPk$iWWMfFFb8nXxrynOtU/MU8oXYKq5dRZOQmuycC38Lxg=	2019-09-02 05:30:33.387+01	f	alkindiyahya			alkindiyahya2@gmail.com	f	t	2019-09-02 05:30:33.055+01
802	pbkdf2_sha256$100000$mQr60thF2Hfy$XZa4qy3L/FWvrgSsN2cmzoIOyo+5RaZiHFLttv0NTEs=	2019-09-02 09:23:28.899+01	f	myaginamani@gmail.com			myaginamani@gmail.com	f	t	2019-09-02 09:23:28.786+01
803	pbkdf2_sha256$100000$J7N7yROVJe1N$sBbwb1nlFTEMie6Db59s7nBvy9BrdAENwmrCOrJGwj4=	2019-09-02 20:03:15.309+01	f	notal			notal2019@gmail.com	f	t	2019-09-02 20:03:14.992+01
804	pbkdf2_sha256$100000$OzofRUKuLJyy$tDF6bhMZe+UqYcdvOlRWYYziBcDYlWROvpoyo5vN4D0=	2019-09-03 04:57:35.525+01	f	Anil			bethapudianil1999@gmail.com	f	t	2019-09-03 04:57:35.413+01
805	pbkdf2_sha256$100000$C60JqUkRiG6M$YYgCPlE6iVQbZrnHBXxPC9geqw/ABu8XrtB5g2EXsx0=	2019-09-03 07:21:29.294+01	f	manu2496			manusrivastava77@gmail.com	f	t	2019-09-03 06:12:38.427+01
806	pbkdf2_sha256$100000$SgSG73J4DcSI$U+Opa3XXrUa0tFJF6J7RfrcDfMrs0Ce9winlKDpfsGk=	2019-09-03 19:15:01.4+01	f	Milwaukeeywu			hweaver@jordanauto.com	f	t	2019-09-03 19:15:01.288+01
807	pbkdf2_sha256$100000$ZrjDf1MT5xVb$nchFLmZeiMYO1McGFNTI/7o1GGuwyWdcBkKSBcGuSMo=	2019-09-04 02:36:52.879+01	f	Satyam			ssatyamm1234@gmail.com	f	t	2019-09-04 02:36:52.766+01
808	pbkdf2_sha256$100000$8GJQRERifefd$EWV8hHjdOPdpsPcGXf3rbq11aT1A/BQyWqsHT5qyMco=	2019-09-04 05:03:11.645+01	f	Focuspfm			jbrown8245@aol.com	f	t	2019-09-04 05:03:11.528+01
809	pbkdf2_sha256$100000$BXHBBdsIdEVS$P+/lREvkkjKk3APJ+4xWQN+rNx2TZvsbBAvSsLLTg9c=	2019-09-04 05:32:19.617+01	f	Amazonnnpst			msullivan@kensingtoncaterers.com	f	t	2019-09-04 05:32:19.477+01
810	pbkdf2_sha256$100000$RdD5ISk8nLE0$pMnNwwY4CdShLTLZ+T8Q1Oc4qa8wDBzX1lMwGqIctR4=	2019-09-04 07:17:10.192+01	f	Chandan89.			ckchandanv7@gmail.com	f	t	2019-09-04 07:17:10.054+01
811	pbkdf2_sha256$100000$UYunJPnNGS9P$icOb9nVVwWUhXF+s2FexO3e2QZaSq1K7bO6vOoBjrUs=	2019-09-04 10:09:56.409+01	f	Murugan			murugan11293@gmail.com	f	t	2019-09-04 10:09:56.274+01
812	pbkdf2_sha256$100000$w6gYLihsakcL$xY47dbGakzphoJqdibCeAry/1qjFTv63LjEZSOLtELA=	2019-09-04 14:01:02.489+01	f	WILDKATmel			eplocaka@yahoo.com	f	t	2019-09-04 14:01:02.369+01
813	pbkdf2_sha256$100000$R3oevjOQekD9$UWy41kPi1CkQzGJ79UQcWxC1rlXR/8LaiMPpf/ULpPk=	2019-09-04 14:28:20.243+01	f	Milliumfolie			jorden-langeveld@live.nl	f	t	2019-09-04 14:26:35.712+01
814	pbkdf2_sha256$100000$aBtbWAGzUOVs$MszBsy3P7G5gWHU1bnlois2OsTGVBkNoaFNvIMp1DAM=	2019-09-04 15:26:23.581+01	f	Saul.huayta			saulmax04@gmail.com	f	t	2019-09-04 15:26:23.465+01
815	pbkdf2_sha256$100000$TBL3GdUagI0j$AjQZNSuvem3+V3hWIec3AxkxjeLYyirekXraW/mHXNA=	2019-09-05 00:31:34.554+01	f	blackstar_svntn			larcena.jaieajulia@gmail.com	f	t	2019-09-05 00:31:34.417+01
816	pbkdf2_sha256$100000$UmCtDdWYvd41$SdQ9BJsBlwJajoBD88peFOOaI7KGh+kLMxhAIs1iGRc=	2019-09-05 03:25:03.302+01	f	Arunghatage			arunghatage2013@gmail.com	f	t	2019-09-05 03:25:03.173+01
817	pbkdf2_sha256$100000$QBSXMa8D5xxj$J8zCtZXyk+fM81YGH1CfucGkrEPv/tVLUW5YxdRxlLs=	2019-09-05 17:22:31.542+01	f	Sprinklerqqp			ryanl9600@gmail.com	f	t	2019-09-05 17:22:31.218+01
818	pbkdf2_sha256$100000$OBEiwFlCB1P9$jwlBKarSQ+0IzFsS/3ISw2lMbt99QqB1vsGhSjp28Cs=	2019-09-06 05:02:16.499+01	f	aquestforbeauty			Aquestforbeauty@gmail.com	f	t	2019-09-06 05:02:16.338+01
819	pbkdf2_sha256$100000$Gki9hnba1it8$PZYdrujcZuPCGZuYyP9x4QJwC7U7Y84/a4palphdYzw=	2019-09-06 07:45:03.69+01	f	Agnosticoxxx			jfgm77@gmail.com	f	t	2019-09-06 07:45:03.577+01
820	pbkdf2_sha256$100000$F8Qp3vtePqhQ$UzYBSC9No4cJyOooORfuxghzu8jqZQ52VJ4jzR8Su7o=	2019-09-06 08:05:11.294+01	f	Dinesh2607			dinesh.dinu2607@gmail.com	f	t	2019-09-06 08:05:11.154+01
821	pbkdf2_sha256$100000$6KSRxzzrYWjN$XLSYbUTZjTrMSzV318nPYgNQcQJ2P7hdQcI8RcFT/Yc=	2019-09-06 10:08:06.969+01	f	Omer			omer007@gmail.com	f	t	2019-09-06 10:08:06.858+01
822	pbkdf2_sha256$100000$LyTbYHh7wbhA$ED5yQ7q6PSsZgTx/qE8rKCZxRSioPeRitQ2DnhGHGlI=	2019-09-06 10:54:09.681+01	f	Peter			aguduson4u@gmail.com	f	t	2019-09-06 10:54:09.56+01
823	pbkdf2_sha256$100000$ONrPV1LSTjt0$ykuI8FYF2leA38vb4azJpC1C/76BsAWyLnuI42dKPAM=	2019-09-06 20:37:50.667+01	f	Chester			chester.jordan1122@gmail.com	f	t	2019-09-06 20:37:50.543+01
824	pbkdf2_sha256$100000$WOJevrNk6epL$9HUGwk34yFpL3jVnDeddgEXIBm3XGriODYEfqJ9EpOA=	2019-09-07 14:12:34.061+01	f	Suresh_siddi			sureshbio.kumar@gmail.com	f	t	2019-09-07 14:12:33.944+01
825	pbkdf2_sha256$100000$G6lIvGkDPL5X$CbQ4ACmfbnolh0Rbud0z1rZP51tjfiUIHGe/+X5vxl0=	2019-09-07 14:17:23.301+01	f	crussev			crussev@hotmail.com	f	t	2019-09-07 14:17:23.183+01
826	pbkdf2_sha256$100000$EhG9vSEaW2DL$U9FJxwN8Ou7I1aZP8ZIZOstxVtaaomrSHtW/TRbdGaQ=	2019-09-07 14:20:36.193+01	f	lucchca1			lucchca1@yahoo.it	f	t	2019-09-07 14:20:36.082+01
827	pbkdf2_sha256$100000$9idfydPVx3IJ$ZLgMo0WIBWhwKL/hWxmErJ2Xt92UcMnFMFHHfw537Gs=	2019-09-07 17:13:51.904+01	f	ashjatoi			ashjatoi@gmail.com	f	t	2019-09-07 17:13:51.765+01
828	pbkdf2_sha256$100000$p4DUVlQBOqxD$XAwyHytOmOuiSs5HIDunCGeLHFNeRvzTgX3wBXWE2TY=	2019-09-08 06:33:07.986+01	f	Khanadnankhanbk2332@gmail.com			khanadnankhanbk2332@gmail.com	f	t	2019-09-08 06:33:07.866+01
829	pbkdf2_sha256$100000$OA6b4mh9UEoc$37wY2wIeNovHolBBttHjcLIzPXUMflMBkvtEnuxcr0A=	2019-09-08 19:08:01.428+01	f	Batterieszir			gyllianzwirs@hotmail.com	f	t	2019-09-08 19:08:01.236+01
830	pbkdf2_sha256$100000$2PeJvmHmTbOI$rDz0uCy/RrgdV3+DOJAAvi7bkjbpwinAA100FbsY0Tw=	2019-09-09 03:07:27.094+01	f	Vs4807327			vs4807327@gmail.com	f	t	2019-09-09 03:07:26.977+01
831	pbkdf2_sha256$100000$fmc1AttrWm44$CNOk/BxhjYSz96I6IiKwpxj3h0fqO/3fDnlU57wVrjM=	2019-09-09 17:30:29.513+01	f	Speakerqyz			m3gar3d@gmail.com	f	t	2019-09-09 17:30:29.378+01
832	pbkdf2_sha256$100000$sTyW84IM85XW$L5baDq3lgBdBNVizmtIbW80EXCmgQq/Z063ikPV0W3o=	2019-09-09 18:37:06.798+01	f	Keypadaqnu			m3gar3d@gmail.com	f	t	2019-09-09 18:37:06.686+01
833	pbkdf2_sha256$100000$2w8lMz0IgPp4$u+SOuwbXJT6x4Pyv/wOPgeG6GpMCWXfW2CKlaM0i7XI=	2019-09-10 01:13:17.307+01	f	Sighttyi			degbersteenu@yahoo.com	f	t	2019-09-10 01:13:17.17+01
834	pbkdf2_sha256$100000$SZIrOBfEGphk$y4H7PZpnPjOzZ9RgSCsD/wl7L1FZgcX700YYFx/rcz8=	2019-09-10 02:01:19.645+01	f	nucelearn			vkml1999@gmail.com	f	t	2019-09-10 02:00:25.287+01
835	pbkdf2_sha256$100000$1WfSOjkMfny9$+lHFR2NCVh58H1GyXaOo12VOnogorYlyl8/wGVn4KK8=	2019-09-10 06:48:37.8+01	f	Dwika			cv.khm.ngawi@gmail.com	f	t	2019-09-10 06:48:37.674+01
836	pbkdf2_sha256$100000$J239I2k9Bxud$37U64Fw/+I3JQDTY7YGcfeDNZZ3uUnpWqOSZ01qAKTM=	2019-09-10 07:56:12.359+01	f	kumhoong86			chankumhoong@gmail.com	f	t	2019-09-10 07:56:12.028+01
837	pbkdf2_sha256$100000$Bp7VuPwITPUh$DVifAw9D9/jDQkvR8K4SqgTTZuWfdBPB/hRWjQGrpOU=	2019-09-10 10:52:35.02+01	f	Humminbirdjdj			rrodri01@gmail.com	f	t	2019-09-10 10:52:34.908+01
838	pbkdf2_sha256$100000$TcOy0gsJT2gT$5YcjfH/UUnpduCJHD0OC95sF/+pOtSAw2JaOqotNGdA=	2019-09-10 12:12:24.786+01	f	Arnotteor			annette@retailconstructionadvisors.com	f	t	2019-09-10 12:12:24.632+01
839	pbkdf2_sha256$100000$gtl2pqHFy3hf$JQP6xXpkMuh1cCjLHAWTXyoEWgdM4CODM9KMmRTylnU=	2019-09-10 21:30:24.029+01	f	Vintageacj			nikki@inimachining.com	f	t	2019-09-10 21:30:23.838+01
840	pbkdf2_sha256$100000$t5LqAsfXWraM$eRUMcnS4DJBYgHQFocEktUVpmPpo1DQzK4KfhuqdpOA=	2019-09-11 18:21:17.862+01	f	Hdabhane@22			hdabhane@rediffmail.com	f	t	2019-09-11 18:21:17.499+01
841	pbkdf2_sha256$100000$xoqeaIhTcTby$94fRlvetpqa/SRFoB3fLAH8FwQTK8+VEas01EsMqR5Q=	2019-09-11 19:05:02.117+01	f	Gruffbrown			ghjbrown@gmail.com	f	t	2019-09-11 19:05:01.951+01
842	pbkdf2_sha256$100000$SdLMwB6zogfO$vmtrzURZCZkBF6KdUUPGiB5H0so4dpH+0HPuAwZoE7Y=	2019-09-12 00:36:49.109+01	f	realmex			brani35@hotmail.com	f	t	2019-09-12 00:36:48.771+01
843	pbkdf2_sha256$100000$3BiDLdf2xRRd$enBmmDTUxVypGkZQ8xdOpc2FUbnLdGZ4YJz61NUwSxc=	2019-09-12 03:55:57.804+01	f	Astha123@			asthasharma0806@gmail.com	f	t	2019-09-12 03:55:57.411+01
844	pbkdf2_sha256$100000$XxzFQL89F3B2$msbfVZQep1PeYJd+e+0h/4AOKbIOhG7K4cveXj9bRZg=	2019-09-12 08:44:47.945+01	f	Rajalakshmi			rajalakshmianbarasu2000@gmail.com	f	t	2019-09-12 08:44:47.82+01
845	pbkdf2_sha256$100000$HCPDVX8a4yoo$dxHPuDNwLqZsTvCTwNuS4y7Nqj8IOQTfJfaogAGPP/8=	2019-09-12 12:40:11.284+01	f	pprudvi108			pprudvi108@gmail.com	f	t	2019-09-12 12:35:56.434+01
846	pbkdf2_sha256$100000$Tx9vNIFG6soD$+zVsdoibQeiYXx4jL0jJ/Z6TVEY0DVO+utSSbVtS/BQ=	2019-09-12 16:27:05.948+01	f	vg			cauliflowerwannabe@gmail.com	f	t	2019-09-12 16:27:05.828+01
847	pbkdf2_sha256$100000$fimGwzX5W1AA$1yoHETeF/MGjH0dM2nZYxcJozEhZlJKTs7G9oo+UIAU=	2019-09-12 20:00:57.63+01	f	Andesamayoa			samayoandres724@gmail.com	f	t	2019-09-12 20:00:57.514+01
848	pbkdf2_sha256$100000$PtpedMY7dCEP$i34i3ZjclJ1Wtsx4DVviD4h2RHt2+PGJkpNfCcxPGnk=	2019-09-13 14:50:47.618+01	f	ainafatini			aenafatini@gmail.com	f	t	2019-09-13 14:50:47.496+01
849	pbkdf2_sha256$100000$8YkiXyVUmK6i$HIz+Efk59dK79NJSBeprsuy8G9EwNhoQagflB9zngpE=	2019-09-13 18:21:38.363+01	f	awangku626			awangku626@gmail.com	f	t	2019-09-13 18:21:38.011+01
850	pbkdf2_sha256$100000$exWmaFIcQWkc$4iXM3iLHuqeANk5oUGsSP2aQtT6RRkWeYXUl1mCVq9k=	2019-09-13 20:30:23.27+01	f	Samnit			samnitengineering@gmail.com	f	t	2019-09-13 20:30:23.064+01
851	pbkdf2_sha256$100000$ubhjIXRsAr9Q$x+QQO6XY1m1YwQt6r1fLFnAWmameuyzLGlX3hOpSfN4=	2019-09-14 20:38:52.973+01	f	AamirRaza			aamirraza_pps@yahoo.com	f	t	2019-09-14 20:38:52.842+01
852	pbkdf2_sha256$100000$bMuMs5oGoQPc$W9UBiJTjTmm6CyA9Rqg3zKLQ1QXh1+wvjPrQJXuNsG4=	2019-09-15 00:28:50.091+01	f	murphesi			chris@mtex.ca	f	t	2019-09-15 00:28:49.981+01
853	pbkdf2_sha256$100000$mtxTG3zNlhOL$HLwoV7Ex3cPnM4ZUiIh8Y5Iv99yfXKg+1TyYZf31d58=	2019-09-15 05:50:48.041+01	f	don			nifajip@5sun.net	f	t	2019-09-15 05:50:47.921+01
854	pbkdf2_sha256$100000$MvcaGFzQHJOE$7921mHrfmgHUqsDCJ9EKXva9uwcjFtH2Wigwi8IvU1I=	2019-09-15 05:59:13.427+01	f	ALEKEBAR1998@			sktsmartshivam1998@gmail.com	f	t	2019-09-15 05:59:13.301+01
855	pbkdf2_sha256$100000$YJc7wUKJ6cN4$qdYkWdGC2gbS6hYyEvLQq6bHS7zhVZazfcRJStYhvW4=	2019-09-15 13:03:07.73+01	f	Tarek			archtareknuman1996@gmail.com	f	t	2019-09-15 13:03:07.417+01
856	pbkdf2_sha256$100000$FcBfkhTx4QKF$oH4WWLqE3UXAgVXe3vcuEilG0PZC+D0Igr3/+xfkNa4=	2019-09-18 08:29:29.868+01	f	Sami93@			Eng.sami1993@hotmail.com	f	t	2019-09-18 08:29:29.7+01
857	pbkdf2_sha256$100000$4eL3LAfR8rFk$SbMay8BW/XbECCfy5j8/ucsx4+jHBxR7lalNkX6hmTE=	2019-09-18 11:20:31.011+01	f	Mohdahmarkhan			mohdahmarkhan100@gmail.com	f	t	2019-09-18 11:20:30.892+01
858	pbkdf2_sha256$100000$xZbGPpVJNJUZ$1+eHb16JkTAYMUna2wQxUm7mTLodTgvPWcJVe5w/fVE=	2019-09-18 11:26:05.279+01	f	D1gger+351			stephen.hartley351@gmail.com	f	t	2019-09-18 11:26:05.168+01
859	pbkdf2_sha256$100000$ahYUgSPnQUiz$dXIiCWF1lM6EZWzNJ+HMaWIefd/Mmu3osfbWEMHbkfU=	2019-09-19 00:12:03.635+01	f	Turatsinzeim@gmail.com			Turatsinzeim@gmail.com	f	t	2019-09-19 00:10:56.486+01
860	pbkdf2_sha256$100000$2aQ8HnuvWNFG$VqVdlt+2S62M+cVmEzjNPDoSXkz0fWTuT5H0DgtCKOE=	2019-09-19 12:55:44.274+01	f	@Laraibfatima123			laraibf79@gmail.com	f	t	2019-09-19 12:55:43.952+01
861	pbkdf2_sha256$100000$dDrJ8MfP7USd$PiRnya3vKcbEcORInjLqMikPOcNNtkZuLWaZ43Aj7Mk=	2019-09-19 19:50:13.029+01	f	9759557007			fajilchoudhary007@gmail.com	f	t	2019-09-19 19:50:12.91+01
862	pbkdf2_sha256$100000$Aio4rdMZdQgO$+sRLc5W5TQTO3NKsZr+njDaZ3UZsr3YtU2VY78Sm5O8=	2019-09-20 09:30:52.07+01	f	blackmoon			c2093770@urhen.com	f	t	2019-09-20 09:30:51.932+01
863	pbkdf2_sha256$100000$IXSNw5r2tQTe$wTexCbTpTnov8oaXYsVMAxgLHhO/esolkWNOK6Ux5cA=	2019-09-20 11:44:02.602+01	f	sugianto			lukesugianto@gmail.com	f	t	2019-09-20 11:44:02.477+01
864	pbkdf2_sha256$100000$CqQjXf2Uxu3B$EvqXWkH5CqrzmFbecevK5mL51BgxSceI0BDaPKLCzXA=	2019-09-20 18:25:33.883+01	f	Alone@04			ranjith.muniraju17@gmail.com	f	t	2019-09-20 18:25:33.77+01
865	pbkdf2_sha256$100000$46bPqeTr8Whd$Ug+jVIRsQVVhVRlmNTJ0WWiEMRXRnDH7oTQNHwVF3vU=	2019-09-20 18:42:24.201+01	f	sarangnath@			vanipulickal60@gmail.com	f	t	2019-09-20 18:42:24.087+01
866	pbkdf2_sha256$100000$Ms8IJUmUkjSK$ZEPnbiaHeIKCU/vASdg6Gi6KyyshpeUkSoqyjrFJXCk=	2019-09-24 12:46:51.562+01	f	marioooo			mario.oraha1@gmail.com	f	t	2019-09-24 12:46:51.414+01
867	pbkdf2_sha256$100000$vGK6gpajYcSt$6o8bGcaIhl/KqBtO0QjJw5N2yZNlKa8BnqHqPUcAMnI=	2019-09-24 16:18:30.399+01	f	Irgb			glodybasele@gmail.com	f	t	2019-09-24 16:18:30.242+01
868	pbkdf2_sha256$100000$ufJOwwwWEvaf$TbG2Zag0w81JCVkF1mBUjRZLOA5+H9keRuWfnxez2E4=	2019-09-25 01:45:03.745+01	f	hunnermailman			hunnermailman@gmail.com	f	t	2019-09-25 01:45:03.566+01
869	pbkdf2_sha256$100000$6TUuRJNl2yIJ$aa34Pq9ST/8vXhZcCo1jjq0dmVsieOddt7tMU9MfMLY=	2019-09-25 07:58:46.934+01	f	Mithun			chochuweetmithun@gmail.com	f	t	2019-09-25 07:58:46.815+01
870	pbkdf2_sha256$100000$vaX2mnArswSf$zYIZi25+cQ/rBVg9+XzM3TjDfuhKx8nN4VnjHhPJCpE=	2019-09-25 20:49:40.376+01	f	Nilaymallick			nilaymallickcivil@gmail.com	f	t	2019-09-25 20:49:05.299+01
871	pbkdf2_sha256$100000$1vlHiixi1SQ0$ztT8BCdoqSGfJ7lweDvGrC62jsMj415zSHgOREE8Jig=	2019-09-26 06:39:46.538+01	f	Sudha_1605			subablore@gmail.com	f	t	2019-09-26 06:39:46.423+01
872	pbkdf2_sha256$100000$DoBhoZSDneJM$Dm8Gud0nPPWBVUlbInk0Zk1DaAiOg9OWskOWmGKC3Ag=	2019-09-26 10:46:53.011+01	f	jsharatchabd			jsharatchand@gmail.com	f	t	2019-09-26 10:46:52.895+01
873	pbkdf2_sha256$100000$TUqOcNDu8sLy$I8e2XM+kwYDrPahOGG864w+/6+ZDxnFnynLQRuumxp4=	2019-09-26 13:22:05.132+01	f	avelinavaisima			linoavelina@gmail.com	f	t	2019-09-26 13:22:05.012+01
874	pbkdf2_sha256$100000$xFahliKmEcfB$ARCgSU8cvgA09BTZnS64V8GQB+xrAbtYDZ6qD+0Jw0M=	2019-09-26 17:47:13.687+01	f	Sras			syedrownakali@gmail.com	f	t	2019-09-26 17:47:13.573+01
875	pbkdf2_sha256$100000$5fzQ7yi1gY9z$THpQ1+cTAPHLaVnyDo4bQnHASM+HKBtOnFUwNv4wfVM=	2019-09-27 15:04:25.384+01	f	Zainjaber			zainsadauy@gmail.com	f	t	2019-09-27 15:04:25.25+01
876	pbkdf2_sha256$100000$MHzEHTmbm15E$uSfukFOxe1dxo5FTatHymROPZrXwvJAmb9OSzX6IQ3Q=	2019-09-28 02:18:26.17+01	f	patans			mitjy.cekku@gmail.com	f	t	2019-09-28 02:18:26.056+01
877	pbkdf2_sha256$100000$SlRxOKfyg6Mp$41lsG7SgKMon+11LZRxzBaAsM4RrMeNvTmfSTRQ3a/4=	2019-09-28 07:16:44.857+01	f	sindhuri			nagasindhu91@yahoo.com	f	t	2019-09-28 07:16:44.742+01
878	pbkdf2_sha256$100000$CnNmFnNFkSgo$vHiCxPfzsZVNLFateRBsvO4V6ypnl+6Zd0keFVHPCh0=	2019-09-29 02:35:31.391+01	f	zachs25			zachs25@live.com	f	t	2019-09-29 02:35:31.275+01
879	pbkdf2_sha256$100000$PE5ScIjIXLZ7$L3ME3tHuiTFZ2I9Pua9fs10y8CUSn2lLBvLy3DN4FTk=	2019-09-29 04:39:51.682+01	f	dsconstruction			dattashreeconstruction@gmail.com	f	t	2019-09-29 04:39:51.563+01
880	pbkdf2_sha256$100000$hgeecFE2unmB$ieaWGPm2jFkgVdno8Pc95B2pvW/2OBMMG/FO5fp+RCw=	2019-09-29 08:41:37.96+01	f	Pier			pierre.endrizzi@gmail.com	f	t	2019-09-29 08:41:37.846+01
881	pbkdf2_sha256$100000$nSAUgcMiiDGH$ZO6m4YJA0GYijrCpUjWUIOrandcFAksXievyzC8FEYc=	2019-09-30 04:13:20.459+01	f	lmpalleschi			lmpalleschi@gmail.com	f	t	2019-09-30 04:13:20.328+01
882	pbkdf2_sha256$100000$MYhyfQhAe5ro$187LKq1bR61/S2wpBlrmV/eWW1GhNoE91UlVzcDsrkE=	2019-09-30 13:28:29.067+01	f	Mayurigangode			mayurigangode2000@gmail.com	f	t	2019-09-30 13:28:28.953+01
883	pbkdf2_sha256$100000$9SqfwC7dqHKy$/NwnsTcVaHqqpKYTnaz1o5c34lP8hHHnS8lgnU04tJk=	2019-09-30 22:15:15.058+01	f	Hamza_abid			hamza.ae18@gmail.com	f	t	2019-09-30 22:15:14.941+01
884	pbkdf2_sha256$100000$6GuuyBLmpa1y$Sl4yv1Rq8xPj8B3n4m34zk2BwqQL60LC4iUwEJ1At5E=	2019-09-30 22:18:14.495+01	f	Jesus213			jesus_perez_868@hotmail.com	f	t	2019-09-30 22:18:14.38+01
885	pbkdf2_sha256$100000$zijfRUJ3Stb5$SYI9YYCgpORpat8CQ+a5sOLRvUCw+/3bmuEe5cH+KGc=	2019-10-02 09:58:14.125+01	f	asbagde			9bs.akshay@gmail.com	f	t	2019-10-02 09:58:14.008+01
886	pbkdf2_sha256$100000$0VWj1PLgnJZK$4mwS9R09EsbqfMVuKxydW+Cy96kYrT4xGb5rQPEHHUY=	2019-10-02 10:48:38.314+01	f	sam.fisher1			lilfish1994@gmail.com	f	t	2019-10-02 10:48:38.194+01
887	pbkdf2_sha256$100000$4Ffiwt6LL8Hv$T7xsdiJ6zTLNnujuzRi8CMZBxpVRTJ8NwJBKmLSCEVc=	2019-10-03 23:43:13.494+01	f	RNH			rochmad024@gmail.com	f	t	2019-10-03 23:43:13.374+01
888	pbkdf2_sha256$100000$jpCWggKGEqvQ$WlxJvg4qdUUTzxi9vy71mwCyeMBPOnoJ+Ln96CR5Qi0=	2019-10-04 04:10:26.862+01	f	Jolanz			jofel.laniba03@gmail.com	f	t	2019-10-04 04:10:26.742+01
889	pbkdf2_sha256$100000$pcOLbXhoxltz$9M1JmZYNWlZKgJU0I8xLzGaIQsBDX1W2bVjQBciHtIg=	2019-10-04 09:23:13.442+01	f	sok_ann2007@hotmail.com			sok_ann2007@hotmail.com	f	t	2019-10-04 09:23:13.3+01
890	pbkdf2_sha256$100000$9t0KqybxjBKN$KrzuOWE+dg7KFU8+IfuqyvBSgzTV0QcwC/q0wxpUt0k=	2019-10-04 20:00:58.043+01	f	valleycat			nadiamileva98@gmail.com	f	t	2019-10-04 20:00:57.913+01
891	pbkdf2_sha256$100000$UohmYSp1rUm9$hC/MJrt2ws/F6Ccuvnq1fG3l8F7F8Ed7KZJMuNoyHd8=	2019-10-05 09:28:35.052+01	f	yl6661			yl6661@gmail.com	f	t	2019-10-05 09:28:34.913+01
892	pbkdf2_sha256$100000$94KKi3yPpz74$w4jIDT+FtU5qW/Xp65dTEhtfFqz9ZHTgppv4z0kkuzQ=	2019-10-06 05:51:32.833+01	f	Suhas			suhasingale20@gmail.com	f	t	2019-10-06 05:51:32.717+01
893	pbkdf2_sha256$100000$pFo5u8SvQgc7$MsOVI0sizu66ox5G81zCqVKkl5sSOs81zaWUIuI5YB0=	2019-10-06 05:59:05.699+01	f	itomar			itomar@optimum.net	f	t	2019-10-06 05:59:05.56+01
894	pbkdf2_sha256$100000$oayVyM1wz06C$ZT+r6yT+mq6aSe/e6Py9a4BTjlR72OTCsdX0EodeTUA=	2019-10-06 19:24:55.543+01	f	astria			astria.mariana05@gmail.com	f	t	2019-10-06 19:24:55.403+01
895	pbkdf2_sha256$100000$0Ggcv3ERt5yn$ZqTa0oo2v3BOyg5xIkoUMABPXyuI+O8N82wIvWFrUzk=	2019-10-07 00:00:34.913+01	f	Arcinsaw			trcarcinsaw@gmail.com	f	t	2019-10-07 00:00:34.793+01
896	pbkdf2_sha256$100000$42AM2yMUHtRy$bqNryj9ZHMSt9/QvSkUNOfaSbu8h0onaUozFXvTNNww=	2019-10-07 10:59:38.263+01	f	Aaaaa			aaaaa@gmail.com	f	t	2019-10-07 10:59:38.124+01
897	pbkdf2_sha256$100000$4Jdjei4vi8hV$EBIpy2BfaFWlMHnG3GrXF/9DN89hbfwGmNA1w778wLo=	2019-10-08 06:20:08.494+01	f	Hussam			hussamqureshi499@gmail.com	f	t	2019-10-08 06:20:08.373+01
898	pbkdf2_sha256$100000$eqoppF8OtGTo$bTbD++1v4Vt8+Va9Ddj2h0KchsHZWLqLlWx2UF0k2HQ=	2019-10-08 10:59:18.337+01	f	Dyosh			joshlurzano11@gmail.com	f	t	2019-10-08 10:59:18.161+01
899	pbkdf2_sha256$100000$EvEaDu9KFfBd$CTik+ky71rozKGOCCEenfzsxwZdIT98vxGSwme3tRI0=	2019-10-08 12:48:10.65+01	f	Bridge101			Bulls0eye97@gmail.com	f	t	2019-10-08 12:48:10.453+01
900	pbkdf2_sha256$100000$uTcEpZXe59sc$vO/GMf/a47GiRmB/1Tt9uvngMmLWDy4OJAhR/dks8fk=	2019-10-09 20:51:17.065+01	f	mlevente			mlevente.miv@gmail.com	f	t	2019-10-09 20:51:16.932+01
901	pbkdf2_sha256$100000$wBJaBnmtbd77$bzggYAoz0W7XWF4zSrltCIMuygqv3pEMtJj9nC22vmM=	2019-10-10 13:29:45.603+01	f	Bk			zafaryaaaab741@gmail.com	f	t	2019-10-10 13:29:45.408+01
902	pbkdf2_sha256$100000$mv082zxgxZBE$4oZsddGnQ2NhY1HK3IBYRLhNJchCnhxlTKfIikbM77Q=	2019-10-11 07:01:23.723+01	f	Zakee89@gmail.com			zakee89@gmail.com	f	t	2019-10-11 07:01:23.545+01
903	pbkdf2_sha256$100000$Z3nMmHXyb5Ez$EozEPU842sjgvcCIyelxLiu92SjNtLg4DbCvc7hN/2c=	2019-10-11 12:31:53.699+01	f	Engr123@+_ay			engayuub123@gmail.com	f	t	2019-10-11 12:31:53.558+01
904	pbkdf2_sha256$100000$olXFUcOL9dO8$NciGdMTy16juJ5W+MdL8AezaRVJq+lmVumk7UdwU9RI=	2019-10-11 14:20:44.218+01	f	Dk394305			dineshkhandelwal394305@gmail.com	f	t	2019-10-11 14:20:44.011+01
905	pbkdf2_sha256$100000$BV14scJhz0WF$daZUyoqCKN4EPkIcBKTmWjJGSupd+2n4yv2GQ9u6j6k=	2019-10-11 17:02:41.541+01	f	Amreen			amreenhairu94@gmail.com	f	t	2019-10-11 17:02:41.391+01
906	pbkdf2_sha256$100000$64PHD4ymqrJZ$UWgQQmhUmgJ3yUl8IcahPuLi/bjEP/9w5xIPKtHh5CY=	2019-10-12 18:50:18.96+01	f	Naveesh			a7architects@gmail.com	f	t	2019-10-12 18:50:18.817+01
907	pbkdf2_sha256$100000$b33KWOEJ5nwt$EpllSHsJ5c6EOLuvYgaql9nP5P4ifWUfiSNT99p1sNY=	2019-10-12 23:13:11.154+01	f	wsc00412			sumchi00@gmail.com	f	t	2019-10-12 23:13:11.003+01
908	pbkdf2_sha256$100000$EjVIbBnyIeGN$UE6IiMqIq5eVYq+flxT3bpRn0DtXpRGxp1GsPrtK0do=	2019-10-13 11:07:14.798+01	f	Jayrajsinh			raj130king@gmail.com	f	t	2019-10-13 11:07:14.678+01
909	pbkdf2_sha256$100000$MmsJQorr6O2Q$zGMqTjLnUyYV0nKt/u+Vbea5QIoRWIy5uEmH32NkYns=	2019-10-13 14:40:44.594+01	f	Mohit			mohitkantibhai@gmail.com	f	t	2019-10-13 14:40:44.282+01
910	pbkdf2_sha256$100000$mhQwOsXXmPZM$itfimvyhyvxG0e0Mdg8ErXr+0+95xIrFmHTx28wky18=	2019-10-14 01:04:04.08+01	f	alemaocl			daniel.venturi@gmail.com	f	t	2019-10-14 01:04:03.92+01
911	pbkdf2_sha256$100000$9E67e5Cwzg1b$jJeYFAwS4DYfgMc2VLgO5vkvpDzex95N/yjpqY68MCE=	2019-10-14 11:44:17.554+01	f	ergologic			ergologic@gmail.com	f	t	2019-10-14 11:44:17.234+01
912	pbkdf2_sha256$100000$A4rQ6l4E62Gl$aYPYytD8ZrtlE7etBUs1XfscgR9rxLgsVHgV9JMo5s0=	2019-10-14 16:30:22.068+01	f	ar7un			arjun_moorjani@hotmail.com	f	t	2019-10-14 16:30:21.929+01
913	pbkdf2_sha256$100000$ED3xNPofHMmm$QlCgLqW3wFgnjCQkB/HSryFDfKzWDRb1tdewvcZ3Uno=	2019-10-14 19:47:28.633+01	f	mohamedmm1117			mohamedmm1117@gmail.com	f	t	2019-10-14 19:47:28.275+01
914	pbkdf2_sha256$100000$OYtFrK7G2zYd$KwIEz6k2tDbCnzBAGeo89Qt5DUzKW/EQK0n2DE1Tyos=	2019-10-15 01:54:46.57+01	f	rachelle12			rachelleatienzasnow@gmail.com	f	t	2019-10-15 01:54:46.244+01
915	pbkdf2_sha256$100000$rYGT8SlprHJ5$uQUjPJ1w58n9q2QJI3BKmxjmxgZyceSwaF1Da3ivSTM=	2019-10-16 00:44:59.899+01	f	Fate			xpertsharp7@gmail.com	f	t	2019-10-16 00:44:59.578+01
916	pbkdf2_sha256$100000$e8cPtrADIyBA$/wKcDRLHkCshFtTnEF1ONrcIiWrqVhl5+QFFhEQzMas=	2019-10-19 05:46:24.101+01	f	SAURAV_KUMAR_SAIKIA			sksaikia95@gmail.com	f	t	2019-10-16 16:30:12.022+01
917	pbkdf2_sha256$100000$aDHANd1IRxj2$vdU8KE8dWnGh0V23as6vIl9V3LEaKpAbagyJOGIOWfI=	2019-10-17 15:52:02.925+01	f	V.Gokul			ramkigokul3gtt@gmail.com	f	t	2019-10-17 15:52:02.811+01
918	pbkdf2_sha256$100000$eKasdfQr7dpK$1eO9jrDDpUMa2rWs15AYbKU/DJhGRTqDZXNmNHgK3mQ=	2019-10-17 22:56:44.446+01	f	naskhd			nasiii.kh@gmail.com	f	t	2019-10-17 22:56:44.284+01
919	pbkdf2_sha256$100000$DlaUiPHvK3lt$gHo3FdS4OfFeevd1yTk7UGSbI7RTnB2L6OQenZFkAjk=	2019-10-19 06:57:04.711+01	f	Aurangzaib			aurangzaib0202@gmail.com	f	t	2019-10-19 06:57:04.577+01
920	pbkdf2_sha256$100000$LbG9TFdh45YT$HE4PksQvdDOIKa4n/PSckmSkdUiPLxMixmJvPgkcI30=	2019-10-19 08:00:35.379+01	f	Akinyemi_50			gritzconnectltd@gmail.com	f	t	2019-10-19 08:00:35.255+01
921	pbkdf2_sha256$100000$gQFhcX9gzzQj$KdE+eDAZ5j3jid3e+hdonuuC9jn4jRundaKCJl8icZo=	2019-10-19 11:28:42.875+01	f	brappie			henridebruijn100@hotmail.com	f	t	2019-10-19 11:28:42.75+01
922	pbkdf2_sha256$100000$Sc8CvytoHK9g$1B+H+HHa2wKMs3N1V3MbupATRSc+4Ytaj8hjGC1iaGI=	2019-10-19 11:34:08.518+01	f	ALPHA			alphamutomb812@gmail.com	f	t	2019-10-19 11:34:08.4+01
923	pbkdf2_sha256$100000$0sQxzpVDSasI$h+9ynuLeJIfVKBVZvAXuuSHLaWYzpVDuL1wgcTgK6Mk=	2019-10-20 04:03:21.223+01	f	Mayuri@			mayurigangode2000@gmail.com	f	t	2019-10-20 04:03:21.056+01
924	pbkdf2_sha256$100000$C2YWNibEoY9u$ayad7yLTjpAYXu13COKrVOjoXfqg8J2acGIz9le1b2w=	2019-10-20 08:50:44.595+01	f	zulfadhlid			ohzulfadhli@gmail.com	f	t	2019-10-20 08:50:44.444+01
925	pbkdf2_sha256$100000$AulC0pMN5RY6$Wry8ORS68ra9whFz7UXqdSYcXOkmUXm1/ufO02zLyZY=	2019-10-20 10:04:52.471+01	f	Hotnikon			hotnikon.a@hotmail.com	f	t	2019-10-20 10:04:52.17+01
926	pbkdf2_sha256$100000$AIoVfAD37oGz$WZfe3aGXU8l+YORO8aErgkmcwbS6dlnWrfwNeLj4nVs=	2019-10-20 15:17:13.638+01	f	u1098492			u1098492@utah.edu	f	t	2019-10-20 15:17:13.328+01
927	pbkdf2_sha256$100000$otNg6aLNFZfM$owtLadZImx4HKLCawGjpf9U/xVuGKaL4dLzwlR8vzeI=	2019-10-20 15:17:35.109+01	f	labjenss			larsbjen@stud.ntnu.no	f	t	2019-10-20 15:17:34.779+01
928	pbkdf2_sha256$100000$KBo23R08NmnI$siD8xdEXGtvLV3oQECoSv9aFj7sKi2OSwTl6B3X2Vz8=	2019-10-20 18:32:16.878+01	f	bugrapeker			bugrapeker@outlook.com	f	t	2019-10-20 18:32:16.766+01
929	pbkdf2_sha256$100000$d1wetMH9GS7H$l1yAPmib9XACIvm6j2+vbw67YNhaesgfzu8nu8fmk4A=	2019-10-21 04:14:25.103+01	f	orionsamuel			orion19samuel19@gmail.com	f	t	2019-10-21 04:14:24.789+01
930	pbkdf2_sha256$100000$vA6jSHlWnKAD$GLmqteN7tJBQlvJu+gLyxVH+d+9aNYllz9mM58ugOQk=	2019-10-21 05:34:07.393+01	f	Shefi@123			shafeenashefi53@gmail.com	f	t	2019-10-21 05:34:07.268+01
931	pbkdf2_sha256$100000$SHF9FQgD9QVX$1Yn5c2mExtit7v6SQrXapDrdURIVtysJQbd/JkgTuYQ=	2019-10-21 06:38:03.313+01	f	desendance			darren_lionheart@yahoo.com	f	t	2019-10-21 06:38:03.2+01
932	pbkdf2_sha256$100000$2NkdXRz19Lb8$tKJDoy2AWYyKfgoTgtc+Gfv0Sa4++B4vHx+C2GGmHvQ=	2019-10-21 14:24:20.523+01	f	jisson			jisson1992@gmail.com	f	t	2019-10-21 14:24:20.179+01
933	pbkdf2_sha256$100000$MxXAsJCV8WVQ$ki7XDuM25qgBwl8ogCihwoF3PeKGKjxnxLxKUl7qJ1Y=	2019-10-21 15:31:40.333+01	f	BassamElkassar			elkassarbassam@gmail.com	f	t	2019-10-21 15:31:39.925+01
934	pbkdf2_sha256$100000$ZY93zGmR42gi$yJlnaGSLFMMXR8MOyto6iWAFBH7hmXS2bwZOGLJ3ios=	2019-10-23 06:37:22.817+01	f	hehe2811			hehe2811@yahoo.com.hk	f	t	2019-10-21 16:53:41.42+01
935	pbkdf2_sha256$100000$qKP1VL16YGxX$rEFX4QHvU2Clbgd7TtFtekZ1lRDabfA0ytsAOcN1NdU=	2019-10-22 09:20:26.535+01	f	peteralcock89			peteralcock89@gmail.com	f	t	2019-10-22 09:20:26.196+01
936	pbkdf2_sha256$100000$X35z8yDIAfpt$i+X5BuLO0/1tQiIfaC00Tjcu849quE9Kyta+Saaj2Uc=	2019-10-23 04:29:19.199+01	f	arestes			linking.link@hotmail.com	f	t	2019-10-23 04:29:18.964+01
937	pbkdf2_sha256$100000$9PmU2ngOeF7x$zRjvTQmFlkWI4YVsixDZ2V/bMwhs6ZUTDvU0SMIySc4=	2019-10-23 12:39:23.83+01	f	Lukaseib			lukas.eibutis@gmail.com	f	t	2019-10-23 12:37:07.151+01
938	pbkdf2_sha256$100000$6gm3Nsgd3ukj$MRmACcDcgxfezjoCaLnY32fnabNp3ivm3g3nEKWl1oM=	2019-11-26 05:18:36.083+01	f	martino			racenare@umail365.com	f	t	2019-10-23 12:41:15.152+01
939	pbkdf2_sha256$100000$luVGhIQiM48F$QuxClL/6MHjzj67hoXkknaUw1LiP7nnxCC6j5qhrA6U=	2019-10-24 06:34:15.947+01	f	Zzym1			myzzzzmy1@gmail.com	f	t	2019-10-24 06:34:15.6+01
940	pbkdf2_sha256$100000$LcCHyNhy1qDw$+uGRXa8Bv1QWBylNFb9Yg9v4pO/sxyVrckNpV/a6oEg=	2019-10-24 09:16:58.407+01	f	makrajput			makrajput@hotmail.com	f	t	2019-10-24 09:16:58.253+01
941	pbkdf2_sha256$100000$dW3gghmmHV6H$wvAZ8tzjTxUGODlZHqeyameh+ozlapKVGtiiYIRmU/A=	2019-10-24 19:27:28.879+01	f	tursusuyu06			mahircankocaokutgen22@gmail.com	f	t	2019-10-24 19:27:28.766+01
942	pbkdf2_sha256$100000$gMZ9D8xWBThq$waLZFJ8WemQM3lM91wYSzhT84l5VRjxqEAnHzZK+LJw=	2019-10-25 17:58:48.752+01	f	fosterb			forrestkbrant@gmail.com	f	t	2019-10-25 17:58:48.443+01
943	pbkdf2_sha256$100000$vFXQksNxYhIT$ctTonw+Ih/oXQiu2Ousc7oZoAISw0jHW3EN5iKd0fDE=	2019-10-25 18:26:06.641+01	f	gundamktgps			gundamktgps@gmail.com	f	t	2019-10-25 18:26:06.499+01
944	pbkdf2_sha256$100000$uKYEGxOIlNOO$eNTpVrvTe73la+GMHb2SIb7nuNkymc9G+y2JcuWu3SA=	2019-10-26 11:01:45.341+01	f	Tianicek			stanka.mozolova@centrum.sk	f	t	2019-10-26 11:01:44.996+01
945	pbkdf2_sha256$100000$d7jkArmkfSHy$nWzDFOWr3hEv+3cS+dU5mCgzurgQMiLx7W/hbzC/uUI=	2019-10-26 15:15:54.822+01	f	naveenkumar@187.nobhi			routhunaveenkumar60@gmail.com	f	t	2019-10-26 15:15:54.514+01
946	pbkdf2_sha256$100000$IXYlANM2JQW4$DnWDx60GVR1aEC1zHgBP4jNmjse4lN1vI/roVotQgyw=	2019-10-27 06:09:10.484+01	f	Tsilva8			thiago_d2_fl@hotmail.com	f	t	2019-10-27 06:09:10.371+01
947	pbkdf2_sha256$100000$UVPurjHc663O$2nEu2ZnwHmd/K13tUO1jjVAlxtg+XwQKY7vgdYc+Uac=	2019-10-27 08:26:41.053+01	f	Tejar2403@			thejasram143@gmail.com	f	t	2019-10-27 08:26:40.905+01
948	pbkdf2_sha256$100000$fBvHzYStGptb$Heqj/kTkrtHEoSLbHpCNgbwnBSn8GVl6XPzON3Uoab4=	2019-10-27 13:50:40.565+01	f	Kevin_17			kevinthobhani5@gmail.com	f	t	2019-10-27 13:50:40.231+01
949	pbkdf2_sha256$100000$5fpoSUjabCHN$65gnCiAP5kvRKVyUN8CoT/+a2R0J8d6e1UaTVHsFpeg=	2019-10-27 16:18:56.768+01	f	King123@			ksalahuddin.1064@gmail.com	f	t	2019-10-27 16:18:56.601+01
950	pbkdf2_sha256$100000$Mgakg5fueEvi$7TSAVldeWvVwMRWcATRoLwZctIMV+aaHPQ6tq1KNZmI=	2019-10-27 16:46:56.714+01	f	lmk			melkoontz15@gmail.com	f	t	2019-10-27 16:46:56.6+01
951	pbkdf2_sha256$100000$aMXDbmkMyyQh$P2b3E3bAc0GqyObD2JGkLaHPOmpytiNvqOostp9RPkE=	2019-10-28 19:39:36.322+01	f	monicaarul92			monicaarul92@gmail.com	f	t	2019-10-28 19:39:36.206+01
952	pbkdf2_sha256$100000$03o3NDn0MH15$3dhlYy25kieoxCWQxFmsb6gV0FdttDzToHQ2U2jqvHo=	2019-10-29 14:34:28.844+01	f	vonkami			nazmymarkos@usa.net	f	t	2019-10-29 14:34:28.529+01
953	pbkdf2_sha256$100000$pWHs8WBXcqUi$0mISzUSvVOsVuoUbTfVeC+qQX6KGIYRycYqYYI/ZRMw=	2019-10-30 02:34:27.968+01	f	kburt1215			kelsiburt15@gmail.com	f	t	2019-10-30 02:34:27.682+01
954	pbkdf2_sha256$100000$HKPRB9t5PQ5W$UJ+tDsilmP4UZnu4nR8UmWqkRQuFqrgBjcA6cxflzg4=	2019-10-30 15:24:36.14+01	f	Vimalraj17ce160			raj165215@gmail.com	f	t	2019-10-30 15:24:36.01+01
955	pbkdf2_sha256$100000$ZN4VWt7voRIs$r7xl6195YYegBxZM/EUCVG6J9LW2T2kEHa90PxDKyxQ=	2019-11-02 05:22:15.373+01	f	Gopaldh212			gopaldh212@gmail.com	f	t	2019-11-02 05:22:15.254+01
956	pbkdf2_sha256$100000$yf6PFQ8xG8S1$7HbOyqloPlcDEO84A7m1yjtNi1NxtAC4qjpag/Pfrvk=	2019-11-02 06:18:17.936+01	f	ccc			daydreamcat0504@gmail.com	f	t	2019-11-02 06:18:17.825+01
957	pbkdf2_sha256$100000$4YjONtVerZim$rACwml+NXT3beBKtNrSflu5aDYIHGBw2jJ1KJk8ckf4=	2019-11-02 11:56:11.05+01	f	krunkerboy			arvind.pattu@gmail.com	f	t	2019-11-02 11:56:10.937+01
958	pbkdf2_sha256$100000$H8rpQZgRrOtZ$b39DMkW8dlGe3O8Z4Ot9RGMI9bkYzpM0G+k6Duy++9Y=	2019-11-02 16:38:11.336+01	f	Umamaheshwarachary			maheshwar2546@gmail.com	f	t	2019-11-02 16:38:11.212+01
959	pbkdf2_sha256$100000$jle6230oHFuB$wMMkffGsILQdgkh2m2sYzSGUnaAIyqYhfeidovV02og=	2019-11-03 22:22:44.098+01	f	soccer1k			g.saad@mail.utoronto.ca	f	t	2019-11-03 22:22:43.979+01
960	pbkdf2_sha256$100000$GPCsCpflX12l$qD8WPipcHmkJ7LsBiLYOvs4b0OwfyVrvQ9r4daYAtoM=	2019-11-04 01:18:25.564+01	f	marwankotob			marwanelkotob@gmail.com	f	t	2019-11-04 01:18:25.431+01
961	pbkdf2_sha256$100000$0Fz0XOnuNqb1$ERcq+lwVL7JEPs7FzmWJfh/8uMqQP6ZLCxiuFWxwf20=	2019-11-04 05:21:00.643+01	f	YanYan			yanacruz.0722@gmail.com	f	t	2019-11-04 05:21:00.514+01
962	pbkdf2_sha256$100000$39TLGYSUXKYu$oS14kIFJRN+VwU0w6Uf7SOpKNLv86TWT7Gfl3AmyGqA=	2019-11-04 09:24:25.847+01	f	Thangaprakash			prakash.baskar0007@gmail.com	f	t	2019-11-04 09:24:25.72+01
963	pbkdf2_sha256$100000$DVfxgFjvR9CY$e5myJX6pqzJVb1LRsPkVwF6HFMgxOVPiX1f/OiUmquE=	2019-11-04 10:19:55.22+01	f	Ericlam171			ericlam171@gmail.com	f	t	2019-11-04 10:19:55.104+01
964	pbkdf2_sha256$100000$l3uWXGwOZRXc$CNlOsm2cX36MHEO8nPhnHcssjnBQHs9aDg630NqOCa4=	2019-11-05 08:31:43.276+01	f	VPG			vpgurkar@gmail.com	f	t	2019-11-05 08:28:12.904+01
965	pbkdf2_sha256$100000$7dD6ilQbRUfV$G85p25oh2gGD6059c/dUM5a4EL81M+bYS77mx9dLqvE=	2019-11-05 14:27:07.576+01	f	maxwilke96			sk8-maxwilke@hotmail.com	f	t	2019-11-05 14:27:07.465+01
966	pbkdf2_sha256$100000$S9eRoJst2cYG$PYsnxi/fqnT6/NDu0p554EcJBxkI9EU5kJoIU6tPS1g=	2019-11-05 21:32:52.747+01	f	carlosmartinelli			vycmart@hotmail.com	f	t	2019-11-05 21:32:52.615+01
967	pbkdf2_sha256$100000$DqNdx2Pc71ZE$Xj5jCXGXsfPnX3paEv42CQf1JgTjmTGvDG7aQ7VCo8E=	2019-11-06 04:17:18.735+01	f	LucioGabriel			luciogabriel@live.com.ar	f	t	2019-11-06 04:01:50.433+01
968	pbkdf2_sha256$100000$Vco0AVHFWcnB$Wyo/DeUFHXmoiKkumOUBLJwUZvJ5/gWGzKuL7HCLgMY=	2019-11-06 18:26:13.75+01	f	alfs12			meistersalvis12@gmail.com	f	t	2019-11-06 15:01:22.078+01
969	pbkdf2_sha256$100000$BiXiX7WsmvtO$EEPridorNSZGbwhZ3aW8NSJUyJYDgubZKvYUh1/ApVE=	2019-11-06 21:19:54.708+01	f	johanna1997			jis97@hotmail.co.uk	f	t	2019-11-06 21:19:54.595+01
970	pbkdf2_sha256$100000$0LuIiVHQxxpQ$j2DSTSnz8Xvw44bK7YT6EstLjnof7lw4bKZvLKRJeqI=	2019-11-06 21:52:09.011+01	f	azezai			darkblade539@gmail.com	f	t	2019-11-06 21:52:08.727+01
971	pbkdf2_sha256$100000$aKdRhoJHHZVt$r90F22zN102+cXIbfoXuadQWGoAhFNixoL+Gm6shMsg=	2019-11-07 09:05:16.893+01	f	Chibuezevc			victorchi_chi1@yahoo.com	f	t	2019-11-07 09:05:16.769+01
972	pbkdf2_sha256$100000$PJsTxHWMrB6u$Ul+vGIwdOsv5SwWEfQn1FN3c6OVz3FJ5yfoH3l4LNL8=	2019-11-07 11:37:08.019+01	f	nobimj			nobimj@gmail.com	f	t	2019-11-07 11:37:07.897+01
973	pbkdf2_sha256$100000$o7pD3GL5OrrF$Pgxulg+yuvI+GA1DjN7GFpXN9TDkS2ORjvNmFYCJbmk=	2019-11-08 13:27:22.46+01	f	Younas			engr.younas1971@gmail.com	f	t	2019-11-08 13:27:22.116+01
974	pbkdf2_sha256$100000$OzIYyP4H2YUT$Z5svLU1S2cjFrweKuPqXnCMe15vxD29bjFH9/S6jwdU=	2019-11-09 13:37:58.673+01	f	salsabilaj170			salsabilajaelan170@gmail.com	f	t	2019-11-09 13:37:58.559+01
975	pbkdf2_sha256$100000$BDpl31Kdjc4v$P8eDX/nwff2S/atMeQtuzIRaSvXji4AHWGmDXNojhSc=	2019-11-09 19:03:45.549+01	f	bradders9712			samueljb@hotmail.co.uk	f	t	2019-11-09 19:03:45.434+01
976	pbkdf2_sha256$100000$rYGJvELPcFF5$OH0+5S8uPgeqO2LLCzkb3hfpSi6KevYdZ9xB0TBH754=	2019-12-02 10:16:00.312+01	f	patteeaf			patterson.kellyleigh@gmail.com	f	t	2019-11-09 20:42:08.435+01
977	pbkdf2_sha256$100000$2qJNtCjmPKJB$fUsIOc1ljEK7k5Y7+dnuSFaMygUFtN8yRomU0PgQ/CY=	2019-11-10 20:03:49.761+01	f	MrGarvey			james.garvey@witcc.edu	f	t	2019-11-10 20:03:49.611+01
978	pbkdf2_sha256$100000$0vOQf4N24bOk$HCBrxOIBCXfr4oOazDXvSFeFzRCQnAivzEi2sT+ZQlQ=	2019-11-10 21:25:35.557+01	f	wirelessenthusiast			felixlb@live.co.uk	f	t	2019-11-10 21:25:35.444+01
979	pbkdf2_sha256$100000$pGPzUYUhbTDJ$ommX6wt3YHWofLL73oETuOYijPhU8E9auUmxQDSpTWs=	2019-11-10 22:04:30.053+01	f	Bgi			bogi.devecser@gmail.com	f	t	2019-11-10 22:04:29.71+01
980	pbkdf2_sha256$100000$7U6wGjkZi5oy$oNoEUN09T70g1TmPkzJlbwq90MLHyRGo7xkzEHqjTIE=	2019-11-11 13:21:37.788+01	f	amos1236977			amos1998yau@gmail.com	f	t	2019-11-11 13:21:37.675+01
981	pbkdf2_sha256$100000$4XMmYutdHIdU$kNHL00cYfB6QrtNwHXKkyR6MO9Ury8vGo/RJ+6G+REo=	2019-11-11 13:56:59.412+01	f	ShwethaYadav			shwethachandhu1994@gmail.com	f	t	2019-11-11 13:56:59.292+01
982	pbkdf2_sha256$100000$dgxhuAReMRyV$2BNjFSgmvLStET6u8g754qwaEGWdv4GAdetuGNDBAV0=	2019-11-11 15:49:08.019+01	f	JRonaldC			ronaldbrian196@gmail.com	f	t	2019-11-11 15:34:44.046+01
983	pbkdf2_sha256$100000$2mJ1CEKKDTV0$DeAHk67ELhLnfrt4sXHeJ9NQ61hzukI66jKRZG4JnjY=	2019-11-11 22:48:39.182+01	f	Oliver99			oliveramarillasanchez@gmail.com	f	t	2019-11-11 22:48:39.05+01
984	pbkdf2_sha256$100000$PO8zAdYjxhhV$gJ3I/cQCdpFC51miCOFFimnuzKYnBanLZ/4Qq/N3hBA=	2019-11-12 09:20:35.87+01	f	Hunkules.			Thesmallporters01@hotmail.com	f	t	2019-11-12 09:20:35.757+01
985	pbkdf2_sha256$100000$aSjKftcDaVA8$rwjqqxNl3WMuCtdhMkn0pfsMUZIrslDeBO87DUfWWwo=	2019-12-08 00:53:59.953+01	f	TerryBreaw			blaidsi@yandex.ru	f	t	2019-11-12 10:21:58.164+01
986	pbkdf2_sha256$100000$fTXBx5i16kF5$WNUNzG4tG1+bHBn9WK0qMuNVyid1bCq261ZMDxF26XA=	2019-11-12 11:37:33.696+01	f	irfan327			irfanjauhari327@gmail.com	f	t	2019-11-12 11:37:33.438+01
987	pbkdf2_sha256$100000$C45LcwiIpiau$iabf3mMw235fjuWroYFJVpQaw6+MeyhhVaijAVRwxLo=	2019-11-12 15:50:38.051+01	f	marcodiasf			marcomigueldiasfernandes@hotmail.com	f	t	2019-11-12 15:50:37.939+01
988	pbkdf2_sha256$100000$DtluhEQ5JQK2$hXOXDBjd80ObYXdiNWsHqE/aEUOFIGBm8F4c8JdmMoE=	2019-11-12 16:32:45.474+01	f	Omar.antog@gmail.com			Omar.antog@gmail.com	f	t	2019-11-12 16:32:45.357+01
989	pbkdf2_sha256$100000$na3x9ZtfdQZq$YjoN7XALg3YehQU/uvLGja7vh28E35ViM4YUo/OCKZE=	2019-11-12 17:33:59.811+01	f	lhawkins			lhawkins1@newcastle.ac.uk	f	t	2019-11-12 17:33:59.698+01
990	pbkdf2_sha256$100000$8wKts06jCfGk$jYLiYyO02xKuTvFCnkIcgKgNrBMp0K01/yXHyRb8JuY=	2019-11-13 08:48:58.862+01	f	avimartin1030@gmail.com			avimartin1030@gmail.com	f	t	2019-11-13 08:48:58.744+01
991	pbkdf2_sha256$100000$oZ2Djpxy02WM$QlcQSwmmjuXiCWpgr9kBngnTk9tNAfy9sXC395SBoUY=	2019-11-13 11:35:03.252+01	f	Neeraj123kumar1993			krishnace7@gmail.com	f	t	2019-11-13 11:35:03.141+01
992	pbkdf2_sha256$100000$hy5c1EpBfHka$peclwnF7Tth2GcHJz2njQbz6GvqtYfsgtTE++vmRaO0=	2019-11-14 04:01:25.703+01	f	Lohith			lohith.5292@gmail.com	f	t	2019-11-14 04:01:25.569+01
993	pbkdf2_sha256$100000$gRatQDmZcVIZ$TXFp3TaON58hxTKTt5WA/3jSbcuWl1+sPEHzWzhyDQ8=	2019-11-14 04:05:37.31+01	f	Muttanna@+-			sammedjain325@gmail.com	f	t	2019-11-14 04:05:37.193+01
994	pbkdf2_sha256$100000$Kt3ixd1lwPEL$vMqNcmTTipXieHLk87Fwu9xBaYL3ndkHFJLCx8f2tH8=	2019-11-14 07:18:02.522+01	f	fahico			fahico98@gmail.com	f	t	2019-11-14 07:18:02.215+01
995	pbkdf2_sha256$100000$NYt8Wekfx7hu$oTN0SMm4zpzE1xx/UW+t34b9SklisT3LF0SMRnNviTM=	2019-11-14 20:08:24.043+01	f	Adam1234			adam055@citromail.hu	f	t	2019-11-14 20:08:23.725+01
996	pbkdf2_sha256$100000$tnN8Jo8mCBs6$CUSmmClLqeG9lEAfl61zNIrQjQUo0zQml0LmFIniBCs=	2019-11-15 01:32:24.111+01	f	jansonj			jansonjj97@gmail.com	f	t	2019-11-15 01:32:23.987+01
997	pbkdf2_sha256$100000$jWQvzBrd4hv8$gOijtLPv1jAXhT6OuRkoo585MQ/29L5RxFiIgH3fy18=	2019-11-15 04:41:03.11+01	f	fld_skyblue			founder.853@gmail.com	f	t	2019-11-15 04:41:02.985+01
998	pbkdf2_sha256$100000$vaAHnADIlz9e$vo7MEBA1xI+BA+S5IEDbiqYI3SgYkANKxu3VU2N9pWE=	2019-11-15 08:54:55.574+01	f	mellie			94crab@gmail.com	f	t	2019-11-15 08:54:55.457+01
999	pbkdf2_sha256$100000$2a0p9pnpg41O$YjctLKpxo8A5YccMGUhO7RH7/KTamhjsYgK7GEMCToM=	2019-11-15 11:42:54.063+01	f	DesmondBuah29			desmondbuah29@gmail.com	f	t	2019-11-15 11:42:53.948+01
1000	pbkdf2_sha256$100000$w1AbasCNGyHB$u7f+hCIQqGY4kbjXU3ur4KWi7pQw+XG2xSbmjHyZRjA=	2019-11-15 12:32:30.469+01	f	tfm088888			tfm08@mail.aub.edu	f	t	2019-11-15 12:32:30.31+01
1001	pbkdf2_sha256$100000$2A2pA3wFOf98$imMsOfM6L6KE5R+M9KUduX+SU5FD+qMZ+Me2Lu3pOG4=	2019-11-15 15:06:52.421+01	f	perarne			perarne321@hotmail.com	f	t	2019-11-15 15:06:52.303+01
1002	pbkdf2_sha256$100000$eJUmGd8HoYsP$lo+A3fuKJl9zbyVnSsNqEHTs38kk91HGFreN+U8jO7g=	2019-11-15 21:56:34.218+01	f	William			willdion4@gmail.com	f	t	2019-11-15 21:55:04.601+01
1003	pbkdf2_sha256$100000$RaiMRhk4a8gE$lwHyyu88raTn3crB9yWpedDP6F0U4WHyLmUogJiBoiU=	2019-11-16 00:13:52.422+01	f	CharloDanis			danis.charles.antoine@gmail.com	f	t	2019-11-16 00:13:52.281+01
1004	pbkdf2_sha256$100000$X7xX6iMywNxU$mLDD5YAqXAkATQ2Fj/d2Mf0pHGzYa+ES0PD4EXuCmLQ=	2019-11-16 02:56:05.606+01	f	Darkharry			hamasto8891@gmail.com	f	t	2019-11-16 02:56:05.479+01
1005	pbkdf2_sha256$100000$H3wZLGg2xRt5$IJHEiG5d+6YChkDAe1z3fNjIC8TXmGCznsuGPmiabPA=	2019-11-16 16:49:07.641+01	f	Jowelleribbs503			jowelle.ribbs@gmail.com	f	t	2019-11-16 16:49:07.527+01
1006	pbkdf2_sha256$100000$77wqHX9E7AC0$vFAZTh6vFROjT0pdMjzptUY7K0U0CxVM9DibRE60SxI=	2019-11-17 00:19:03.911+01	f	onereox			onereox@gmail.com	f	t	2019-11-17 00:19:03.797+01
1007	pbkdf2_sha256$100000$NAOvjajBzetz$VuYQewkjL8JtOCHl5+Vd4qdMHWsAv/Nccj7kkSUJ0MM=	2019-11-17 00:25:44.626+01	f	craftkhalid			khaledyahia-2013@hotmail.com	f	t	2019-11-17 00:25:44.511+01
1008	pbkdf2_sha256$100000$QiqwpaJxzvoK$cwg0MCateNhSzb4tp1MO2yJllIwDrLm7FBt6ES19lK4=	2019-11-17 22:04:57.841+01	f	Simon			simonmonelle23@gmail.com	f	t	2019-11-17 22:04:57.701+01
1009	pbkdf2_sha256$100000$KctJ14TuDpGe$56OP5iaeY0U1uLNxIkFNzi8Qw7eiYZA6Cj0h2SCeTfc=	2019-11-18 01:51:33.014+01	f	Jorgelopezlinares68			calculo.estructural.planos@gmail.com	f	t	2019-11-18 01:51:32.893+01
1010	pbkdf2_sha256$100000$v9HVLgjsRTSv$R2gwHePVnOUUyj5DFYZLdNVA79FuO9rc6hSiPrRfkLc=	2019-11-18 05:36:26.619+01	f	wq123			leoneyeo1@gmail.com	f	t	2019-11-18 05:36:26.505+01
1011	pbkdf2_sha256$100000$nSh1EDzZh60j$yEiX3YMVtciiV6gPUBUXDelmWVTmvJiNAmnuMqtdPAs=	2019-11-19 00:29:51.653+01	f	Abeer_Essam12			abeer.essam63@gmail.com	f	t	2019-11-19 00:29:51.536+01
1012	pbkdf2_sha256$100000$22sVtsdHncP3$EJgf88fU3Rymi4AWBjzS1h1/js6Jyqfme99hK+1N6y0=	2019-11-19 10:23:26.85+01	f	fostere3			fostere3@uni.coventry.ac.uk	f	t	2019-11-19 10:23:26.736+01
1013	pbkdf2_sha256$100000$pA1q7M7G2LmF$GUlWqXCvgq6HC3bCUWwHaWqbSM+G1JOrciLe24Wlf5g=	2019-11-19 13:53:18.228+01	f	yaptl			tzelit625@gmail.com	f	t	2019-11-19 13:53:18.117+01
1014	pbkdf2_sha256$100000$517hHGgnNsKS$PvGA/1pdtIjqXnZ60wIHz8d+v3OZJRgi0pBCu3teIAU=	2019-11-19 15:30:40.695+01	f	sterara			sterara@lcwhitford.com	f	t	2019-11-19 15:30:40.565+01
1015	pbkdf2_sha256$100000$WCukymWKxh4b$/80waddutze7brGPGtAT5QqleXz1aZuFWKGa/9ikFrA=	2019-11-20 01:52:45.592+01	f	kelasempat			kelas4sipil@gmail.com	f	t	2019-11-20 01:52:45.468+01
1016	pbkdf2_sha256$100000$HKHB1yk8ILwi$U0sVDwdigv6xb3DpYTxCPpxZKgK/VnlzXRzCQWqgQ/U=	2019-11-20 18:49:17.737+01	f	jobermeyer1960			jameso45419@gmail.com	f	t	2019-11-20 18:49:17.59+01
1017	pbkdf2_sha256$100000$gXVgFP0jPpNW$lkv9v3RL3pjYtxEoO8oCgvh41KiupgX/WgXzuXZo5KY=	2019-11-21 00:17:34.401+01	f	rivercitylax			rivercitylax@yahoo.com	f	t	2019-11-21 00:17:34.281+01
1018	pbkdf2_sha256$100000$4B4UArr00Q3d$zMWChAIAqf4cV8Pf8fNYyqB9uobReRlMoE366RYmDMo=	2019-11-21 04:47:17.973+01	f	infarm			infarm7@centurylink.net	f	t	2019-11-21 04:47:17.859+01
1019	pbkdf2_sha256$100000$19JuwCvOMzFe$S5cI9QUnTfegguCMrXdZuqD3LIA8FMqHHfggcJQ6qro=	2019-11-21 10:38:05.202+01	f	hzwnnzm			hazwan.rohalim@gmail.com	f	t	2019-11-21 10:38:05.081+01
1020	pbkdf2_sha256$100000$AhZdNcXG6bt3$5jdT6iZxwEPo1RZHDYZHnyAtlIfKwaIiNgKJLPWnqO8=	2019-11-21 18:52:27.279+01	f	shawn			scdolley@yahoo.com	f	t	2019-11-21 18:52:27.139+01
1021	pbkdf2_sha256$100000$x2YWg0IuYPl9$+5rufJBYS2zAihqhf/J5RKJsHAAEV36XZERksbV9gFQ=	2019-11-22 08:20:02.123+01	f	0768263821			abrahamkalin13@gmail.com	f	t	2019-11-22 08:20:01.976+01
1022	pbkdf2_sha256$100000$1N9TfjV6WDrt$Usglr463vHu7XnK4XBcJ2zZvZXR5qWUMfKjLGuYyHKo=	2019-11-22 18:12:38.355+01	f	Zera			zerokhalat98@gmail.com	f	t	2019-11-22 18:12:38.047+01
1023	pbkdf2_sha256$100000$8laRXdaFmsBR$EUThAaOEZcWIG42YDiDoGH/5G+o3g7/Ltr4nlQxnBrs=	2019-11-22 20:39:20.144+01	f	ggdm			ggdmacdonald@gmail.com	f	t	2019-11-22 20:39:20.026+01
1024	pbkdf2_sha256$100000$VOG59Rdt1H8C$bSg9KKmzdj4BElyp7EYnV8C1+2syF2J5gQ/DH+KNHp4=	2019-11-23 12:02:31.559+01	f	mikebel1			2151985mike@gmail.com	f	t	2019-11-23 12:02:31.444+01
1025	pbkdf2_sha256$100000$EXtvhwoD3lcd$Et4sx0RdanvPh71bxjn6aKSU79ha1myfiU3B0vyYLvI=	2019-11-23 13:20:21.958+01	f	MoThe1			medo.emad20.me@gmail.com	f	t	2019-11-23 13:20:21.286+01
1026	pbkdf2_sha256$100000$mZgUmQ7RXCpH$gXThoBO2nQAZXyy48LNeziTSpRqWlPy8hmtfrzrmwl0=	2019-11-23 13:42:37.59+01	f	sai@469			saikishore.kollalsi@gmail.com	f	t	2019-11-23 13:42:37.421+01
1027	pbkdf2_sha256$100000$oXA8EzgPp2iw$aX+xX2+AxRfTYU/5CzSbdNpaKXULLzwNBpohqLvALxE=	2019-11-23 16:58:26.735+01	f	samar			singhsamarapreet@gmail.com	f	t	2019-11-23 16:58:26.588+01
1028	pbkdf2_sha256$100000$FU0wNe0y6x3Z$AZ9ihoMzf/5kkXjwcJc9+Mte4H6zMMv+Ekhkz9M0Lc8=	2019-11-24 00:04:26.171+01	f	morganleggett			m.leggett2@nuigalway.ie	f	t	2019-11-24 00:04:25.86+01
1029	pbkdf2_sha256$100000$3TscSKcUQqLi$GH3kqKY8N5/QM8FFP3RB1szkpfEb85Y1OOeF2OUAekg=	2019-11-24 03:49:56.587+01	f	amayo			a.mayo.goodson@gmail.com	f	t	2019-11-24 03:49:56.472+01
1030	pbkdf2_sha256$100000$lnSKK8OOoQdK$CCvxu8y741FPNj9mmZ1i44H4OpC0D8ihQWK0tRdOj14=	2019-11-24 21:14:48.772+01	f	Ahmed15000			ahamd2010202@gmail.com	f	t	2019-11-24 21:14:48.649+01
1031	pbkdf2_sha256$100000$JBKQUIm1FdvI$8vl4DK06L7oRtTfSyMCa7yN3OXA7fwJCqOVjxAV+egY=	2019-11-24 22:40:18.663+01	f	isotonicq			savoco9953@xmail2.net	f	t	2019-11-24 22:40:18.552+01
1032	pbkdf2_sha256$100000$V05kLbglAn9f$u2F5Qs0QEYyJTpIFfJQ/FgY/hxMxo1cRxfukNgHElGg=	2019-11-25 19:10:55.564+01	f	Adarsh98			rahideshpunk@gmail.com	f	t	2019-11-25 19:10:55.45+01
1033	pbkdf2_sha256$100000$8EN4po9o4THk$euZprJLOr0+aRvfcA+skW92M5W3uVKZZZOCK34valps=	2019-11-26 08:50:26.104+01	f	nazirahatiqa98			nazirahatiqa98@gmail.com	f	t	2019-11-26 08:50:25.988+01
1034	pbkdf2_sha256$100000$r2ilmGHE5Scy$yrGhiC31KW5lXDc3qsiO+xj668XClyievklvmp67Ovo=	2019-11-26 11:08:09.677+01	f	Armored			exterminator996@gmail.com	f	t	2019-11-26 11:08:09.557+01
1035	pbkdf2_sha256$100000$9wiMR2fDpUYm$t/qIGpAZVB5aM0VK2sq178NrIrwjlEDTbl9FGGZHLSA=	2019-11-26 13:10:03.943+01	f	Zks1409			zimit169@gmail.com	f	t	2019-11-26 13:10:03.651+01
1036	pbkdf2_sha256$100000$eFi6fKPzIPcp$uD4ShphDyt1iWTN4BVu8iKscEvW5cLU+LNREa/Ua0P4=	2019-11-26 14:33:48.119+01	f	Anil123qwerty			anilkumarnavi6@gmail.com	f	t	2019-11-26 14:33:48.008+01
1037	pbkdf2_sha256$100000$zCSwHgMOuZm9$xbes4NBnrC6V1psOhuwkSpeJASbNDT0Fa8MWFxeFMgo=	2019-11-26 15:01:36.354+01	f	maxlarsen			themaxhl@gmail.com	f	t	2019-11-26 15:01:36.243+01
1038	pbkdf2_sha256$100000$2WoDZl5OMvPH$XHs+jHgqCKcYTak3lO7gs/yymaJHeaMcszcrdFCh1ic=	2019-11-26 15:13:20.545+01	f	barbim90			rodrigo.barbim@gmail.com	f	t	2019-11-26 15:13:20.229+01
1039	pbkdf2_sha256$100000$tSntWm5HMu0J$Kz00Mx/hD3MarZg812MD5YCJyM04OL7ykEN1xqvF+Rc=	2019-11-26 15:30:56.921+01	f	Ibrahimbellodbt			abbanormal80@gmail.com	f	t	2019-11-26 15:30:56.809+01
1040	pbkdf2_sha256$100000$qKe8MtIbR7ju$vfXMzC1m8BnUF7S/mcpKuPFsHlUISaRLlRlnIUvq0fk=	2019-11-27 02:07:43.584+01	f	Trussforce			serious.alfabet@gmail.com	f	t	2019-11-27 02:07:43.466+01
1041	pbkdf2_sha256$100000$GHkwHXXjxvkH$pQ/whupe5lPQm5wspQ/QdPWYIrpMVtx7yDRZN1e4KtU=	2019-11-27 04:23:24.255+01	f	avneetg			avneet1_g@hotmail.com	f	t	2019-11-27 04:23:24.112+01
1042	pbkdf2_sha256$100000$waJKCRvjpyTj$uRQhUUmyJAINMBlFKhy8PLc06IakyRknEZMuPgQphKk=	2019-11-27 15:02:09.011+01	f	atomicic			alan.tomicic@gmail.com	f	t	2019-11-27 15:02:08.866+01
1043	pbkdf2_sha256$100000$lPFGcovjKMx1$W6td4PQE0mpBdiEowFqdSFVJ9XUBVyIKu1ZxlECtE1k=	2019-11-28 05:57:55.583+01	f	diego.magela1@gmail.com			diego.magela1@gmail.com	f	t	2019-11-28 05:57:55.47+01
1044	pbkdf2_sha256$100000$oQ0HdrlCkF1w$QDfmJ4Nf3sURsy7LMdbxdX9TtQO1OdnYx3XyC4Ub2pI=	2019-11-28 07:47:54.454+01	f	Sm0			sumanthpanchani@gmail.com	f	t	2019-11-28 07:47:54.314+01
1045	pbkdf2_sha256$100000$eG7k3SGbXLgD$GSj9PUym25N1oP6niihLYfo//aeK6JIJVQkblVQnvk8=	2019-11-29 19:13:02.132+01	f	Timtomek			timtomek@gmail.com	f	t	2019-11-28 11:14:01.463+01
1046	pbkdf2_sha256$100000$p0GVfCJINPCD$qHu8WyXJYCaR64Nqn3Mblh+diraopubZiD4Muzje4fk=	2019-11-28 11:59:49.712+01	f	try100			dmitriyca@gmail.com	f	t	2019-11-28 11:59:49.383+01
1047	pbkdf2_sha256$100000$H6ytw2sZDw7q$fi8p3jrEJzeCQirUIsvaMmiTk9VWP5CUbZ6uPUISD6U=	2019-11-28 12:49:43.076+01	f	Salieri			samuel.bitoune.gradel@gmail.com	f	t	2019-11-28 12:49:42.758+01
1048	pbkdf2_sha256$100000$f3O7t84On9Wd$2OMfFLScQ1TiZaX9P9l6t9i/8eCNBuHbW2kPRJL0BsY=	2019-11-28 13:19:04.33+01	f	wotas			wottas@gmail.com	f	t	2019-11-28 13:19:04.209+01
1049	pbkdf2_sha256$100000$1LRCMJ6q6x27$Ij0Iyn9XYRE+yv7tQ92vqQQrAcFsM9wQE3+ZZv1ZCQw=	2019-11-28 21:16:55.266+01	f	Patrykb57			patrykb555777@gmail.com	f	t	2019-11-28 21:16:55.138+01
1050	pbkdf2_sha256$100000$scTlLmKfQvL8$2paiD3r0NeyrKXCoUb+nfTpBkuhQHbCminYr4Gtff0s=	2019-11-29 01:34:04.55+01	f	kittykat			prettikittykat@hotmail.com	f	t	2019-11-29 01:26:59.418+01
1051	pbkdf2_sha256$100000$m6ZLtSAdSyUM$KqergtWAFQxL7oqZh3gsB61I3GkEqAR3HQ9+DLHplaE=	2019-11-29 03:22:28.044+01	f	xDanchi			daniel.figueroa13661@gmail.com	f	t	2019-11-29 03:22:27.925+01
1052	pbkdf2_sha256$100000$nepkO0I3pfv9$xHTh4wVqRyXcWl2s+ejhvSu6UTukugETEEcZ9XYjTAA=	2019-11-30 09:21:38.632+01	f	aravindthebest			arterialaxe@gmail.com	f	t	2019-11-30 09:21:38.517+01
1053	pbkdf2_sha256$100000$ddtQiLK2GKa2$dCplc69GvpFdHBjdg+jCf6UmjUxIqlhef7HIF63v+HI=	2019-11-30 14:27:40.483+01	f	Sang@mi1			sangramibhattacherjee@gmail.com	f	t	2019-11-30 14:27:40.336+01
1054	pbkdf2_sha256$100000$lYJlORcKPx0H$TWy14FMxfgYt8L7ss19wezbfy0fJifHJF1U9M5nG9do=	2019-11-30 15:41:57.284+01	f	mrdoda22			doda_ant@yahoo.com	f	t	2019-11-30 15:41:57.175+01
1055	pbkdf2_sha256$100000$D2wSmEu93f4d$45MtZwsQA0j36Gw3uyxETuTb9P1JaW9FrWe56J8NkQI=	2019-11-30 17:37:16.112+01	f	pablea13			pablea16@gmail.com	f	t	2019-11-30 17:37:15.801+01
1056	pbkdf2_sha256$100000$6qqXVgV11s1k$ZYisYA8ZoPFyO4mTXZ3Hj5QeWq017ToXFkR9fM2SSzI=	2019-11-30 20:03:10.039+01	f	djdeko			vuckosk@uwindsor.ca	f	t	2019-11-30 20:00:49.705+01
1057	pbkdf2_sha256$100000$7arNBxw1LEdF$obl7vU1uvHwItp0KL7pyWJgcxuiNLSwAY3XzSSM4Uy4=	2019-11-30 20:11:44.537+01	f	sushantbro			sushantbro12@gmail.com	f	t	2019-11-30 20:11:44.426+01
1058	pbkdf2_sha256$100000$hi70cwg9XLoG$mPY4kboreSX4VAynpsDCdSe2oFZgPv4ObHzC8U7MPvM=	2019-12-01 15:21:14.247+01	f	gfgrh			grhr5@gmail.com	f	t	2019-12-01 15:21:14.123+01
1059	pbkdf2_sha256$100000$B2wAHQlCejXM$A7dMhMvQwx7qyiIbXHM5hefq9UZPEmAI05FH+NVQtnM=	2019-12-01 15:21:14.808+01	f	danis.nazish			danis.nazish@gmail.com	f	t	2019-12-01 15:21:14.653+01
1060	pbkdf2_sha256$100000$7ET14azKbTHP$AeFbZ97VKN5jCyV/tDOlwKbkAmlfjN1zrqcFusRC5VU=	2019-12-02 01:41:39.627+01	f	Behailu80			behailubelta@gmail.com	f	t	2019-12-02 01:41:39.508+01
1061	pbkdf2_sha256$100000$GRFwRqJXLbIq$L3z0h6BF4S8SrFR2SQBidHkSFQTvjAXbBP356yHzvyY=	2019-12-02 07:50:50.457+01	f	IPFreely1984			IPFreely@hotmail.com	f	t	2019-12-02 07:50:50.339+01
1062	pbkdf2_sha256$100000$NF6OXWP8brN0$ONY+Q4eDgCpGTJcQzLFsqgAPv4n/X20ULtzNvCZi7dg=	2019-12-02 15:20:31.017+01	f	Achila			femolalainfinix36@gmail.com	f	t	2019-12-02 15:20:30.712+01
1063	pbkdf2_sha256$100000$XrVWAumKMF38$2tuHpxa+moZPdzrKWBEKWFksUCoYm/ZQTpe3qwasaYI=	2019-12-03 10:18:22.233+01	f	ivanlcw84			ivanlcw@hotmail.com	f	t	2019-12-03 10:18:22.097+01
1064	pbkdf2_sha256$100000$XEwbYhoqthA5$tD7RIJaYoDGIbmXZxNm/o/hghOPoJfmLqlvG/Qqdn1I=	2019-12-03 22:15:38.96+01	f	ben			hihi0317317@gmail.com	f	t	2019-12-03 22:15:38.836+01
1065	pbkdf2_sha256$100000$lIhQ6FSTtjru$3UXWC1JgvpppyD3zoiWFvkojOc99y0eCFzO8tcst7xk=	2019-12-03 23:55:08.677+01	f	Rina			rinameylane@gmail.com	f	t	2019-12-03 23:55:08.544+01
1066	pbkdf2_sha256$100000$ISwDc2xuA6x5$rL9AYhrdIyxT+NQQXFvMuOVGn7kE8V8Mhu87wEu1mPg=	2019-12-04 11:07:11.475+01	f	CHEMAZ			aadegoke19@student.lautech.edu.ng	f	t	2019-12-04 11:04:20.281+01
1067	pbkdf2_sha256$100000$bElK7UkDlF3U$MR0rQ1odSJ8QbuypoRP7P7MY35EMNDD4F6HC3ZcCv6A=	2019-12-04 23:15:21.09+01	f	Will123988			rekifas382@one-mail.top	f	t	2019-12-04 23:15:20.784+01
1068	pbkdf2_sha256$100000$c5IV7P83fvF9$A1mPgdl6IkK1jnEaH6H3X12xWPaFaarT7uSpzBxt6HM=	2019-12-05 05:21:09.873+01	f	tuan			tuan@uceng.com.au	f	t	2019-12-05 03:11:07.676+01
1069	pbkdf2_sha256$100000$cHCSUOvVoY35$U/S/zweTI+k4E6vTWE4MzOj+47n0ztvALra72TfShxE=	2019-12-05 04:26:03.844+01	f	anik			syed.tafheem001@gmail.com	f	t	2019-12-05 04:26:03.733+01
1070	pbkdf2_sha256$100000$oC3ZW9JvdJVu$9TfPJbNbDhIB2SIStz05JY3NNz2NEpIL4ioPAorBOi8=	2019-12-05 08:07:23.802+01	f	Aayan			aayankhan11142@gmail.com	f	t	2019-12-05 08:07:23.685+01
1071	pbkdf2_sha256$100000$RKeJkjYWYBgp$YSAvYxSZsqhblq7aLlMp+aPAMJep8ic98JjSShRJqRQ=	2019-12-05 10:06:11.766+01	f	Barvic			vicool4real@yahoo.com	f	t	2019-12-05 10:06:11.651+01
1072	pbkdf2_sha256$100000$4QIIeGgdscQM$6nnZpQxwQ1X61rpy6u7stOLZz0zvb+oiW0+7llhzVKo=	2019-12-05 11:17:16.344+01	f	milham			ilhamuhamad@gmail.com	f	t	2019-12-05 11:17:16.232+01
1073	pbkdf2_sha256$100000$DDeuMJCdL4G1$V97vNHK7TgEa/rPXamqJ6LPKNPJs1ENbs6XEeSyruYA=	2019-12-05 11:25:22.786+01	f	Kenneth			kenneths-msn@hotmail.com	f	t	2019-12-05 11:25:22.676+01
1074	pbkdf2_sha256$100000$FJu1UyAgC8lL$IQtp7T96cB7j8iCecCiZk2zRGgRsxJxBWYPY2u1O/ek=	2019-12-05 11:48:36.748+01	f	AugustinBa			baciuaugustin99@yahoo.com	f	t	2019-12-05 11:48:36.555+01
1075	pbkdf2_sha256$100000$mESwljIjkxmN$l1ZjCMGzE7l+uONwj7mOAnYGA0poiUfgRAwWtNOiPPs=	2019-12-05 12:54:01.462+01	f	nafifah.ramli			nafifah.ramli@gmail.com	f	t	2019-12-05 12:54:01.343+01
1076	pbkdf2_sha256$100000$LhstMwBmlHRp$t8snRLyRIrXubuX7tbfNPfbfa4JFIui2cKJFC+ksKts=	2019-12-05 13:17:34.78+01	f	s111020			yeungyuelam@gmail.com	f	t	2019-12-05 13:17:34.666+01
1077	pbkdf2_sha256$100000$itiRRExWcd9G$1qP38XMdXxvJ0+Jei7eEH+i0Ldnp5sDctJ2Y0BYYf+g=	2019-12-05 20:36:44.238+01	f	Pablo9829			pablo.arcila@utp.edu.co	f	t	2019-12-05 20:36:43.911+01
1078	pbkdf2_sha256$100000$AAU2pyVEs09V$iGMO7/8SpUFxxnmfPhV1TuZBuZhecKg2v0QQhWYXOEg=	2019-12-06 04:25:14.832+01	f	Atromix			fukengrav@gmail.com	f	t	2019-12-06 04:25:14.522+01
1079	pbkdf2_sha256$100000$OzvgpmTxAsCb$sRLbrITYnHaNvTy2v7a05wotS0B3mpkYgA3aAT0d1DQ=	2019-12-06 10:31:12.934+01	f	Candiedmold3			dara.golden47@gmail.com	f	t	2019-12-06 10:31:12.757+01
1080	pbkdf2_sha256$100000$6LDpirLTVeib$FIcnZ0u4XPP1VMQHUHsj4nm5565nPq+z6N1c9O89q0c=	2019-12-06 16:13:06.239+01	f	Khan3313			azharali3313@gmail.com	f	t	2019-12-06 16:08:47.859+01
1081	pbkdf2_sha256$100000$NoAoQVxFBi41$NEsnZriLzIAVlTd2atmtPCxsHVgGRNnqK+pBjG9p5yg=	2019-12-06 17:09:27.997+01	f	Real_Cy			jazzstuff2019@gmail.com	f	t	2019-12-06 17:09:27.676+01
1082	pbkdf2_sha256$100000$g7xQ3sk5lc0n$DVVNVp+g6GK4bKU1aA8FN4ZQn1qQ39kZtGrQgVRxacY=	2019-12-06 21:56:39.871+01	f	Pablini			paborellan@gmail.com	f	t	2019-12-06 21:56:39.758+01
1083	pbkdf2_sha256$100000$G3s8EWT71pPd$yTj89RpYMvwl+TQLiiRcOFGID/HTei6i8w8uBkCMY8c=	2019-12-06 22:50:07.96+01	f	Namratha			namihombale@gmail.com	f	t	2019-12-06 22:50:07.823+01
1084	pbkdf2_sha256$100000$RZ0vFsy7zRfb$ea1dVDgEHq8WhY8CuXcL1kM3zjb0TUIUEtFTSxVZWJA=	2019-12-07 07:03:13.461+01	f	Monower1232			monower1232@gmail.com	f	t	2019-12-07 07:03:13.152+01
1085	pbkdf2_sha256$100000$bo6JOSK5iijo$9b3uy/IxHjl01wywdG8YsXwBp86z2hibcGgu2B4INS8=	2019-12-07 10:59:29.135+01	f	mojahed			mojahedsabbah99@gmail.com	f	t	2019-12-07 10:59:29.024+01
1086	pbkdf2_sha256$100000$1n4zfx1agt7E$4A3292a54/T5u748UKUBbKY/DY57RLZ0gwNE8u9ntJ4=	2019-12-07 15:35:21.568+01	f	Olawaleolajide94			olawaleolajide94@gmail.com	f	t	2019-12-07 15:35:21.454+01
1087	pbkdf2_sha256$100000$6lR5XJTLmoCY$KabHMaExRBD87VZWYcljdimZZ+qW11B05Ry3y+aK+Mk=	2019-12-07 21:41:23.257+01	f	Freah			iamfreahmay@gmail.com	f	t	2019-12-07 21:41:23.108+01
1088	pbkdf2_sha256$100000$MYWlmMBJY4om$JhQesiUCtO7kWJPF3okX+jqMXaeX1i+iwFXF66Er5x0=	2019-12-08 01:28:03.583+01	f	kaurku			kaur.kuuskmae@gmail.com	f	t	2019-12-08 01:28:03.464+01
1089	pbkdf2_sha256$100000$yhNml9MWFV6Z$eLmrh791lAHFx8sJ12rRXowSYcrmE0vsUORnuzm7Nus=	2019-12-08 20:37:39.132+01	f	Budhu1997			rajafamily1997@gmail.com	f	t	2019-12-08 20:22:20.814+01
1090	pbkdf2_sha256$100000$dXavmrEzWg29$H3YHrNtZkxedaFwyO0Mt0O0Jo6x1MX1oD9BpDKYP58c=	2019-12-09 13:04:06.688+01	f	Blurngesot88			mrgrapex@gmail.com	f	t	2019-12-09 13:04:06.356+01
1091	pbkdf2_sha256$100000$Rf4iVHcrNMd4$OigC4sfLVyyNX353JK2EjHWqyK+n1dsGnaaWfr26YFY=	2019-12-09 15:29:18.78+01	f	Santaliz24			csant201@fiu.edu	f	t	2019-12-09 15:29:18.589+01
1092	pbkdf2_sha256$100000$2iXCAwylgA14$WGBAyLFK1nvXy65CcwoGQV0r5H8CHvJ48LHKgDyP0O0=	2019-12-10 06:39:43.485+01	f	AniiMC			anamacias072498@hotmail.es	f	t	2019-12-10 06:39:43.372+01
1093	pbkdf2_sha256$100000$JraK5Sq2kIvv$v0oXo1lOhJKpp/w8akTcSBFd9Y/K35SVk8Gjl5cxToM=	2019-12-10 11:25:12.614+01	f	pablohjap			pablohjap@gmail.com	f	t	2019-12-10 11:25:12.495+01
1094	pbkdf2_sha256$100000$qhwcYQWbgAEd$+8w0HwE1naijm58jDVBEPzBcPa3F+iVWhAWYM8wuekY=	2019-12-10 14:24:11.764+01	f	Salsabil_bler			Salsabil.mellala17@gmail.com	f	t	2019-12-10 14:24:11.445+01
1095	pbkdf2_sha256$100000$0UHuZE6X7yOB$wunD3/az9JVDyKy+e0+hR3b9ZXqCLZXUqiX0I2WeNEk=	2019-12-10 15:41:53.724+01	f	jack.mcloughlin@wessexwater.co.uk			jack.mcloughlin@wessexwater.co.uk	f	t	2019-12-10 15:41:53.404+01
1096	pbkdf2_sha256$100000$G5lFO2TIPE5f$GFZURQZn18gbmX+LqXW7FRaWqoMFX30W3igPxGTACLs=	2019-12-10 22:53:11.923+01	f	baonhattran			baonhattran@icloud.com	f	t	2019-12-10 22:53:10.94+01
1097	pbkdf2_sha256$100000$YFeiOyj1Mhw5$uXAYI25xAEu2+lhHH1ZV7iCbSiZ3wxvr9SGBsSJWA50=	2019-12-12 03:52:29.093+01	f	razeve			rajivshrestha042@gmail.com	f	t	2019-12-12 03:52:28.972+01
1098	pbkdf2_sha256$100000$rdHqXq1Cll1X$jEcoUoW0CLpd9wwCeo6K8wAdyjZxrDX9Me+UpI665iE=	2019-12-12 10:17:00.349+01	f	Gezgin			gezgincad@gmail.com	f	t	2019-12-12 10:17:00.2+01
1099	pbkdf2_sha256$100000$iXRMZ9xlSGjL$YQV1KPMhATNYA2Lyt/boORoW96Ni/962ex8QmgvQ39o=	2019-12-12 10:53:22.123+01	f	Adlianis			adlianisfuadijr@gmail.com	f	t	2019-12-12 10:53:21.803+01
1100	pbkdf2_sha256$100000$c4IyG6dkBVA3$+E1tNsJo0YUiI1ND3ncXkOS6uSCGMGzWd/AcMku41iA=	2019-12-12 16:04:54.276+01	f	mehagc			memacon10@gmail.com	f	t	2019-12-12 16:04:53.969+01
1101	pbkdf2_sha256$100000$rgvovxWbNin1$MtJjbvcsv58Aqoofi6YeseTjvC0ZW8wyMRw3JixeuG4=	2019-12-13 11:19:59.442+01	f	Abody			abdullahwe6@gmail.com	f	t	2019-12-13 11:19:59.327+01
1102	pbkdf2_sha256$100000$8ZQMr1TO8tqF$DzJWaRB8FubBoZ8amPo3mFyT52Q11Y+71GQCx2ibsJI=	2019-12-13 14:19:21.079+01	f	adisumoh			adisumoh@gmail.com	f	t	2019-12-13 14:19:20.771+01
1103	pbkdf2_sha256$100000$eh544FEr0qis$Ij47YHjckWBKxSMnKmN0+FXGWD55cxxU4902oJUvVxM=	2019-12-13 18:37:07.3+01	f	Anang			anang.restu71@gmail.com	f	t	2019-12-13 18:37:06.97+01
1104	pbkdf2_sha256$100000$DvOZY4yIk2mC$9EOIjHQBgDXZce9r2yPEgcfBP3zAv+8tz7UdyOIklOM=	2019-12-14 05:15:29.827+01	f	muiavia			ben10muiavia@gmail.com	f	t	2019-12-14 05:15:29.657+01
1105	pbkdf2_sha256$100000$lFjtK2Szowz6$WWhq4FG5CB4LdoZY+Jp2E5Atv3ef6YLcr1g0QysNjDA=	2019-12-14 06:41:48.049+01	f	jwhihi123			jwhihi123@gmail.com	f	t	2019-12-14 06:41:47.938+01
1106	pbkdf2_sha256$100000$CXFZBIrdRgiD$XUC32aMHS2LxhdwxpzWKkMBcba9+v0OaLX0kCvj+M8g=	2019-12-15 02:02:12.512+01	f	ajlapeco			ajla19peco@gmail.com	f	t	2019-12-15 02:02:12.4+01
1107	pbkdf2_sha256$100000$5iL4CzZn5tJu$3Xlu0mEnxrePV+9zvD3FBnGhdFUF4u9IQryhsvULf8A=	2019-12-15 05:55:01.969+01	f	energygumps			richard@energygumps.online	f	t	2019-12-15 05:55:01.837+01
1108	pbkdf2_sha256$100000$uWf5m5eGmmx3$wTkYQ4SJwI+3YpSbj4F4gxAQ7CtA2X/9qvDelOZo8p0=	2019-12-15 13:28:01.185+01	f	sumukhjirs			sumukhjirs@gmail.com	f	t	2019-12-15 13:28:01.063+01
1109	pbkdf2_sha256$100000$Q41QutqdLDYY$VHjoKrIhGVUCcgaZqvbAA3iRVMbHl5ej7PFcVkolHM8=	2019-12-15 16:49:50.333+01	f	asdf			nic121052@gmail.com	f	t	2019-12-15 16:49:50.025+01
1110	pbkdf2_sha256$100000$CNUPgamLht8D$jwAiJg3mh3KiI03P6ZGiDLieyPKsz4V+1Etm4bbkelU=	2019-12-17 09:20:38.883+01	f	Muhil			muhil18varshini@gmail.com	f	t	2019-12-17 09:20:38.761+01
1111	pbkdf2_sha256$100000$eGMhHlrVg3Yc$lujL+jvpAT/DV6XNsMgWYIEtj777gRczQvT8jwzI/AA=	2019-12-18 17:21:22.919+01	f	UDOCHUKWUGODWIN			godcal73@gmail.com	f	t	2019-12-18 17:21:22.799+01
1112	pbkdf2_sha256$100000$oawsyq2di24U$QB0q6DX22dpArvpsyk9YqQoz+wg60FV5M5l5LTr9YNo=	2019-12-18 18:08:04.447+01	f	hjsiel			hjsiel@gmail.com	f	t	2019-12-18 18:08:04.329+01
1113	pbkdf2_sha256$100000$0IBoENvASjI4$1vy0ye+3KklCh4aqW9c8P07hKWe7/oriJ1z/3kuR9iw=	2019-12-18 18:19:33.905+01	f	Osama			osamaeidah88@gmail.com	f	t	2019-12-18 18:19:33.733+01
1114	pbkdf2_sha256$100000$a0LUdsQ0jJau$q4yKZuVu1VcbNTmFWGndove2Qw91Mai2sxae7Gv7lw8=	2019-12-18 18:24:00.301+01	f	osama			osamaeidah88@gmail.com	f	t	2019-12-18 18:24:00.186+01
1115	pbkdf2_sha256$100000$qAk4sj8fAUAy$Ttnh1uzvPnevU7s6vIf51S1lwW90/3eT5lSV9HZ3ZqQ=	2019-12-18 19:29:54.863+01	f	3parbc35			3parbc35@solent.ac.uk	f	t	2019-12-18 19:29:54.627+01
1116	pbkdf2_sha256$100000$EZdAqL6hw8eM$BkEFlfxE+xRnC2DT2MT+J+jM400gDZK7rvLXHdRnDKI=	2019-12-18 19:50:07.308+01	f	ivan			ivopotoc@gmail.com	f	t	2019-12-18 19:50:07.196+01
1117	pbkdf2_sha256$100000$2fXPPUiXkyKu$iY4kHmdvE3bHFdXhR3UOCue5BMDWZ7XLxLW5XSW1zg8=	2019-12-19 07:56:38.508+01	f	Nihal			nihalb300@gmail.com	f	t	2019-12-19 07:56:38.394+01
1118	pbkdf2_sha256$100000$OyOKdlMcImzH$fykZS8il8QDoEQtd0SPXtExBBIGsNJjgBfzhnvs6UM4=	2019-12-19 12:05:05.55+01	f	barakam_707			barakam707@gmail.com	f	t	2019-12-19 12:05:05.226+01
1119	pbkdf2_sha256$100000$UD6ZC7rQSeGc$5s9NcuRfr9+Z2SxXANr/g0bp62KGskKQclwwVEcjkDg=	2019-12-20 12:46:19.649+01	f	Ajini			ajinishaji05@gmail.com	f	t	2019-12-20 12:46:19.533+01
1120	pbkdf2_sha256$100000$hmB2gWixiIHg$0Y4qHUZ+0k9HNcJE3BCSz8xVMFt9aVqQUZu8MUCO22A=	2019-12-20 17:17:19.532+01	f	ravi00@			ravitiwari2112@gmail.com	f	t	2019-12-20 17:17:19.218+01
1121	pbkdf2_sha256$100000$7dq7XwQ7peZx$ZuMLWy1A+kcWZia6vNisWvZDJtsw4ijpFCxkp75owI4=	2019-12-21 07:47:19.524+01	f	Irankundadenys			irankundadenys@gmail.com	f	t	2019-12-21 07:47:19.41+01
1122	pbkdf2_sha256$100000$rQMkdAAHkEIX$Br3HgXaMHUTBWYv0vyBWcSlCjjbjiCHMozx3hMacUgM=	2019-12-22 06:06:37.393+01	f	Kamil97			insankamil5021@gmail.com	f	t	2019-12-22 06:06:37.282+01
1123	pbkdf2_sha256$100000$gJgNYLeqo4hV$61XqdwPcvJozi9/+At6FM5G3aNYlT9mnX58ftByhuIY=	2019-12-22 16:03:59.802+01	f	mango			kumlachewzerihun@gmail.com	f	t	2019-12-22 16:03:59.688+01
1124	pbkdf2_sha256$100000$ykUN6RZhLiYQ$iEPs5Vtdpgf2zKLfcsgmT3D/VNgVygA7S7R4iJop8eQ=	2019-12-23 17:19:53.785+01	f	Basheer2022			basheerghazi1996@gmail.com	f	t	2019-12-23 17:19:53.667+01
1125	pbkdf2_sha256$100000$1Qjzh73ghlzO$Hp823oeZ/H7c6q+5naXIK5X0k6Up2vNhCH+gC8r6jD4=	2019-12-24 18:21:09.989+01	f	matthiasdp			depoorter.matthias@gmail.com	f	t	2019-12-24 18:21:09.875+01
1126	pbkdf2_sha256$100000$iX1i0nZjsYXS$QhF2eqAdrHlyUx7/vEy5qTKW/GQ+n7KFwQKGg/UAzK8=	2019-12-25 02:29:38.391+01	f	humam2104			hmm.1010@hotmail.com	f	t	2019-12-25 02:29:38.272+01
1127	pbkdf2_sha256$100000$gR8jMSe9FRkA$/FngiiMJD7BJwVCMrMgoHoGx7FLGm9bOoBZ3/VWu6yM=	2019-12-26 08:33:37.512+01	f	Sumantra			skylove.ss93@gmail.com	f	t	2019-12-26 08:33:37.398+01
1128	pbkdf2_sha256$100000$kdJsIueV5qF0$FC6N7CH2E1rpARtlCjxYDsHybkFLAcgwLLmULgYoEXw=	2019-12-26 22:45:30.05+01	f	ahmed.bb1217			ahmed.bb12173@gmail.com	f	t	2019-12-26 22:45:29.92+01
1129	pbkdf2_sha256$100000$q6JFETSdthkS$mUNbXt9+XsGF24KSK+koRQqUxcksqwcYQ0FRpJAsrtQ=	2019-12-27 07:46:58.079+01	f	wjbguadiz			wjbguadiz@connect.ust.hk	f	t	2019-12-27 07:46:57.969+01
1130	pbkdf2_sha256$100000$ly1LQgZ7ygMs$KfA566sbyy1vQp9Zn99bwZUc1VXsMqQVhF9j2IH9jrU=	2019-12-27 19:09:54.595+01	f	bhargav233			bhargavnaidu233@gmail.com	f	t	2019-12-27 19:09:54.276+01
1131	pbkdf2_sha256$100000$pruRYfkk8Lwe$6s4chvV2+WafCr+mVygOCitmS26Yloq8mg2AMHEGxQA=	2019-12-29 13:50:20.516+01	f	gruba			poskokzd@hotmail.com	f	t	2019-12-29 13:50:20.368+01
1132	pbkdf2_sha256$100000$BQDGMhcoEZT9$pXHjXNJge+XhaQC7icN0r3QyfxdRJjJ1GUhis9bXSgM=	2019-12-30 10:25:17.821+01	f	laith_96			laith-mousa-yousef.alkhatib@stud.vgtu.lt	f	t	2019-12-30 10:25:17.697+01
1133	pbkdf2_sha256$100000$sXHbfaTNXnW4$bv3MS9fRPfTQr44zoNGIL3uqEw0nXjsbd9boFWxRUqg=	2020-01-03 06:46:00.612+01	f	Ayush			f.ayushchauhan@gmail.com	f	t	2019-12-31 06:09:28.691+01
1134	pbkdf2_sha256$100000$XCKr9bNmHPFD$YwHgvBKEQy9o7RIqGCETkM4jMhuUmJKlo/cUoWNGOg8=	2019-12-31 12:51:48.142+01	f	abraham			girbes89@gmail.com	f	t	2019-12-31 12:51:47.824+01
1135	pbkdf2_sha256$100000$7vqfCEH94cvh$RYOAy2Kuri61WsopbxIGelaV4cYuXBwOSAdjvdiObJM=	2019-12-31 19:56:20.844+01	f	Abdulelah			abduye2012@gmail.com	f	t	2019-12-31 19:56:20.536+01
1136	pbkdf2_sha256$100000$HzWrgGJgLcea$by9tCHD2V1UkI0MyHE8a7mrRVEzQzAPIzdQkiqoc/As=	2019-12-31 20:35:30.287+01	f	Feryagustian_24			every.asomething@gmail.com	f	t	2019-12-31 20:35:29.974+01
1137	pbkdf2_sha256$100000$ZvylZfwLYho4$cXn0hLBRdTTjMKb+0F1GowEZp+/upvwAF2ObJ2z9kfY=	2020-01-01 07:51:23.722+01	f	SISINDRI			sisindrinarsimi@gmail.com	f	t	2020-01-01 07:51:23.415+01
1138	pbkdf2_sha256$100000$BhIcAWKV6S0i$c2+SHRaAS5yK9TWasB/G6iSqOwgJqZ0UzXYNaZrr7+M=	2020-01-01 21:59:34.368+01	f	Abeer			abeer.essam63@gmail.com	f	t	2020-01-01 21:59:34.251+01
1139	pbkdf2_sha256$100000$1qN3zvy3qGxR$kxyftN5QgQbz9G3Mbc8hgvnugFS2JvMY7rQ4L8eHWQ8=	2020-01-02 15:36:58.48+01	f	henryyau2002			henryyau2002@gmail.com	f	t	2020-01-02 15:36:58.135+01
1140	pbkdf2_sha256$100000$J5vvw2HdwhY8$5MneJcsjQU+wTom4BHJyjW7e+QgNt2iPN3u094XK0oQ=	2020-01-03 15:30:28.991+01	f	Sundar			napco4047@yahoo.com.au	f	t	2020-01-03 15:30:28.652+01
1141	pbkdf2_sha256$100000$2jVkNqmW5CZf$ZDh3YYE0/lk7crHdPOSi6U37a+lT/XT4GupntgnXVv4=	2020-01-04 07:11:59.14+01	f	Pintu1045@			senapatiumeshchandra2@gmail.com	f	t	2020-01-04 07:11:58.831+01
1142	pbkdf2_sha256$100000$vW6wuFd8SDZ2$8SFHDqwO+lz6ev0xMXvEi+A8u38jbx07bvLHTiC0BBM=	2020-01-05 06:21:44.829+01	f	Afauzan			ahmadluddin26@gmail.com	f	t	2020-01-05 06:21:44.717+01
1143	pbkdf2_sha256$100000$Cvlt6j3f25WI$yYinR/8Kn/6TcYoS9sEFOZMFLU7MYywXFdFZY+HB3pM=	2020-01-05 12:47:12.589+01	f	ingnbruno			ing.nicola.bruno@gmail.com	f	t	2020-01-05 12:47:12.409+01
1144	pbkdf2_sha256$100000$5lk8dxFlqDQR$7NBv/4OVE3huSwmeOsDuXRzrlgAaAxHnwOAp7mBFJ3s=	2020-01-05 13:16:54.467+01	f	Anjan			anjankumarbg1998@gmail.com	f	t	2020-01-05 13:16:54.32+01
1145	pbkdf2_sha256$100000$ZaaKzJI6xdqV$xq4iKDN6o80nBpehUTY/d0/nbf1ONaAV2lOFLi2d8PQ=	2020-01-06 02:38:50.9+01	f	thismysign			thismymc@gmail.com	f	t	2020-01-06 02:38:50.787+01
1146	pbkdf2_sha256$100000$bXmy6FU1YKeO$OtGgCNyCHOYHwVed9NzZLyxaVlyhw114C6vZlDa8KZI=	2020-01-07 13:02:52.428+01	f	m_tarek1			mido.tarek.sleem@gmail.com	f	t	2020-01-07 13:02:52.314+01
1147	pbkdf2_sha256$100000$UAf2tTR4YzuJ$gaxyDN+yH16xjBIHnWV36AEZDcB7wliMI9mgEDTDlYA=	2020-01-07 13:43:32+01	f	Arijit			arijitghosh747@gmail.com	f	t	2020-01-07 13:43:31.875+01
1148	pbkdf2_sha256$100000$ISPVmLkCk4aT$70hxA2gdT9JSR6wkcDfGf4kNhX6wEZZ3+X56lC/0I6Q=	2020-01-07 15:30:47.445+01	f	adri			desyvdverger@gmail.com	f	t	2020-01-07 15:30:47.327+01
1149	pbkdf2_sha256$100000$bK6tUA7Q61LE$BovLOXh1GGqMl0M1326XqnOo3oRwFQEEIpyATZNqxa8=	2020-01-07 16:25:58.866+01	f	Salith007			mailsofsalith@yahoo.co.in	f	t	2020-01-07 16:25:58.755+01
1150	pbkdf2_sha256$100000$EfMqh3wMMWL6$aDqLxpf82+XD95Km62bsntXHCKVOxUmUAen7xtyNzoY=	2020-01-07 20:24:50.821+01	f	Avanija			avanijabhumi2000@gmail.com	f	t	2020-01-07 20:21:27.778+01
1151	pbkdf2_sha256$100000$z6mkLHJIfx2L$38DBeJ/2ptr4+0sJpAv33+qtMaCSkle7vn53WxzX+B8=	2020-01-08 12:50:25.371+01	f	cc1110			cissy159@yahoo.com.hk	f	t	2020-01-08 12:50:25.082+01
1152	pbkdf2_sha256$100000$DQscXaC2DRW9$eqXMwa/j2Pu24Kze0QyyBX50MUnjIPikGPXXUyMS+zY=	2020-01-09 02:42:59.506+01	f	Edughom			www.nengimedughom@gmail.com	f	t	2020-01-09 02:40:34.641+01
1153	pbkdf2_sha256$100000$9vEPSBJpHszi$Q61WdvOOUz10uZJexVELSLBluOOjTIz02jUd0wIcCI4=	2020-01-09 13:55:55.664+01	f	Sdturn			sdturn@yahoo.com	f	t	2020-01-09 13:55:55.547+01
1154	pbkdf2_sha256$100000$v0FI3Oo1Uxqj$Rh20CYubrz0B5rMdmMPGaYYkan+s8NSfpi7J+4El0rs=	2020-01-29 14:59:34.046+01	f	byp34			davidcarbajo@yahoo.com	f	t	2020-01-10 13:11:32.389+01
1155	pbkdf2_sha256$100000$behYMkzW9vQT$Vn78f89S4n4n1topXxli2S379hF5l0P44iORGbZCxeI=	2020-01-11 00:58:19.513+01	f	aks081			aks081@yahoo.com	f	t	2020-01-11 00:58:19.335+01
1156	pbkdf2_sha256$100000$S0cnHSRyTIvR$qtWJ2xBSj99U1qcQrwFwW7IHikmYRPbldoQ0YvxAZyM=	2020-01-11 08:06:17.405+01	f	petras.surna@gmail.com			petras.surna@gmail.com	f	t	2020-01-11 08:06:17.292+01
1157	pbkdf2_sha256$100000$8sDvwb6fWQ7E$U5zk48w5J0ec6PHw3/H1SFcfqhUOj88sEfAr01sEYwE=	2020-01-12 12:53:27.195+01	f	stivstivsen			wenehim368@sammail.ws	f	t	2020-01-12 12:53:27.043+01
1158	pbkdf2_sha256$100000$q1zD9EhiwM1P$E6bV79hVYxbl+teeLCxSlw0/k3Qb9RccPzyDJ6QUbs8=	2020-01-12 16:45:41.773+01	f	ankitvanjara2255			ankitvanjara2288@gmail.com	f	t	2020-01-12 16:45:41.455+01
1159	pbkdf2_sha256$100000$YLscg5PTkkwO$9yuD85GtDuHgSaHq/isjVvZb0MnsUnb/dXWxua3VFqo=	2020-01-14 03:30:37.684+01	f	Arjun.civil			arjun.mahato2013@gmail.com	f	t	2020-01-14 03:30:37.372+01
1160	pbkdf2_sha256$100000$KpQASIiXJIHt$JxrpBRZOKA09Vdx7ZeoGSbbYu2aUHAgkqIbOXjafiT4=	2020-01-14 10:42:46.498+01	f	etdori			etdori@naver.com	f	t	2020-01-14 10:42:46.385+01
1161	pbkdf2_sha256$100000$xd1Dicm9SQg7$lbGklFAeT70URkJanUEHbEGgKKXmwWEB5Ak7fo9XvJ4=	2020-01-15 06:48:43.653+01	f	nilaxann_08@hotmail.com			nilaxann.vijay@gmail.com	f	t	2020-01-15 06:48:43.54+01
1162	pbkdf2_sha256$100000$i4UbKwxUMYg3$ZMRmouD6wbSVk5kSSSsvN2XkruJphEfGKorv9fE26GU=	2020-01-15 08:17:27.888+01	f	TheFactor			12davima@gmail.com	f	t	2020-01-15 08:17:27.765+01
1163	pbkdf2_sha256$100000$rGJiCykugver$QfA1Yp0hDa8WyGdEG+mFsZKIkMddh5jCSGrG+/rRJEc=	2020-01-15 08:37:59.477+01	f	Dan			gherase.daniel@yahoo.com	f	t	2020-01-15 08:37:59.367+01
1164	pbkdf2_sha256$100000$CDUwXAQHpU1f$KLSbsWY0oR+vPgzRjGJ7LN7pxSTo7hnRWVB8NAo8r/c=	2020-01-15 20:19:38.804+01	f	jbaae			bernardo.rs.amaral@gmail.com	f	t	2020-01-15 20:19:38.687+01
1165	pbkdf2_sha256$100000$ABSrboU0HhHc$+STxQimThtKz9J/eRJtRWLkaWLEYJcpIf+cpyJixx94=	2020-01-16 01:23:43.809+01	f				whenfan@hotmail.co.jp	f	t	2020-01-16 01:23:43.672+01
1166	pbkdf2_sha256$100000$FMHd6PPBi647$dQ461BhmcCvntCmrngCKXk1jFg6DvWhfd3ggdB23ez8=	2020-01-16 02:45:54.739+01	f	Bapu113			bapukamble1984@gmail.com	f	t	2020-01-16 02:45:54.625+01
1167	pbkdf2_sha256$100000$8bFjjjmwB8os$E2VEtFw5LUudo8qVK9tSjMdO0BLXvuai+KDJkAxZ/uE=	2020-01-17 00:07:56.255+01	f	hongtaiwang			wht680@gmail.com	f	t	2020-01-16 21:31:02.766+01
1168	pbkdf2_sha256$100000$oyAtl7QsPi2t$NCob7Zl/hds3p41/05fyJMkCnNTubG7CTKfWQWliPis=	2020-01-16 21:54:55.35+01	f	TomerGrozovik			tomergrozovik@gmail.com	f	t	2020-01-16 21:54:55.014+01
1169	pbkdf2_sha256$100000$vEXeAl4ZrKU5$hnCM2pr02jQBdFnfGWWlt9NxF3JHqIKlRSRbDOy3bdk=	2020-01-17 12:33:09.42+01	f	aklayd			aly.kad@hotmail.com	f	t	2020-01-17 12:33:09.107+01
1170	pbkdf2_sha256$100000$MkktnzAixBot$cAOdsO3o+PsLp5PxCEGahFalHGmxlPQ7FkZhLJD+yns=	2020-01-18 12:27:36.031+01	f	beamfree			beamfreetoipbegu@gmail.com	f	t	2020-01-18 12:27:35.913+01
1171	pbkdf2_sha256$100000$wgjkKSaj8wiE$o/XPwBU5lu/2mk5Gq/M5d6Lw2WSg+1yAOb8nuLGxXT4=	2020-01-19 11:57:38.755+01	f	alberto.oelker@gmail.com			alberto.oelker@gmail.com	f	t	2020-01-19 11:57:38.616+01
1172	pbkdf2_sha256$100000$zByyMkCI79yM$EthWpMdkeZQz7h8NWHIl6dqkiHF9pFZH+1DHAN5TH5Q=	2020-01-19 13:52:15.707+01	f	Saddalgip			saddalgip@gmail.com	f	t	2020-01-19 13:52:15.594+01
1173	pbkdf2_sha256$100000$xRysAYtPjQKf$5ngwlxHluqjo5axIhMJz/AmXOr3t/soIp3B1ualmMQs=	2020-01-20 12:32:03.686+01	f	mattysanchez99			matt.sanchez@hotmail.com	f	t	2020-01-20 12:32:03.575+01
1174	pbkdf2_sha256$100000$Dur2sle18vJC$eOXvZp+Tsg2t0FCB8/chrPTmtPKg0ZC3/7ZyJYRTeNw=	2020-01-20 13:34:40.291+01	f	Ovdiu88			ovidiusinteanu@gmail.com	f	t	2020-01-20 13:34:40.166+01
1175	pbkdf2_sha256$100000$5MqNSCDioF9C$9zLtgCBi/Bsz/KiENaZXaaxvL/Wdiy23xoZ6IzsfC4k=	2020-01-20 13:44:39.931+01	f	ovidiu88			ovidiusinteanu@gmail.com	f	t	2020-01-20 13:44:39.779+01
1176	pbkdf2_sha256$100000$i2S50NNb0Rkw$RFHefsiK8YyY3bA7r6W+2df7VRIdpsNNENWkUu3gbl4=	2020-01-20 13:51:26.18+01	f	sint01			ovidiusinteanu@gmail.com	f	t	2020-01-20 13:51:26.039+01
1177	pbkdf2_sha256$100000$fyLYPvMbl6Hz$ZCrX+n64EhlP32YRGz+4Avu/gi1/iP7S4QzXcoCsgDM=	2020-01-20 23:08:48.029+01	f	boyuumi			maczkowskabogumila@gmail.com	f	t	2020-01-20 23:08:47.916+01
1178	pbkdf2_sha256$100000$wXXHoYbn5lqO$laeeIM+1Fzrg4xRjVhGBc2+/l7erGHR4JjCDEX+V7bI=	2020-01-21 13:37:30.244+01	f	MasonC			masoncook116@gmail.com	f	t	2020-01-21 13:37:30.132+01
1179	pbkdf2_sha256$100000$fjOUQxQK2O9Q$EAVnKIBttzYV35yKnGk0624wk82to061jdCPY2KR7qE=	2020-01-21 15:51:20.082+01	f	tanapawn.j@gmail.com			tanapawn.j@gmail.com	f	t	2020-01-21 15:51:19.969+01
1180	pbkdf2_sha256$100000$iwHqGBM62xUR$EGJbQ1T5euWRhJ8dWyqrC7n/2ZgMmcU5Ac2ZlFbvrMA=	2020-01-21 17:21:43.048+01	f	evil404			mas.404505@gmail.com	f	t	2020-01-21 17:21:42.723+01
1181	pbkdf2_sha256$100000$E1mvyphONj2u$/MQEKJW00q+RMjPT+3DYIxSMGtteM6EIV5C6lnPZl3M=	2020-01-27 07:11:39.334+01	f	grickowskimehanika			grickowski@gmail.com	f	t	2020-01-21 19:34:22.942+01
1182	pbkdf2_sha256$100000$FfdjpLmZinMR$V1hheRCV2rL7m6o8znJJazcigp9jYOdxJKw7T4pxais=	2020-01-22 12:54:30.966+01	f	Mhusseingollo@gmail.com			Mhusseingollo@gmail.com	f	t	2020-01-22 12:54:30.853+01
1183	pbkdf2_sha256$100000$iS2kBYWGilXJ$C1bkNJLAdpwftO4DgeGLb92HdmyGeTIqWA+OE+bilxY=	2020-01-23 23:47:17.543+01	f	MD.ASHADUJJAMAN			mdashadujjaman265@gmail.com	f	t	2020-01-23 23:47:17.431+01
1184	pbkdf2_sha256$100000$FIyC3i1nTVoL$vVb+kVUzCO2lfpkJlGlVq9ynvjVTkh1o02CXPfNtwnc=	2020-01-24 07:15:33.421+01	f	Zuhuxako			zuhuxako@altmails.com	f	t	2020-01-24 07:15:33.129+01
1185	pbkdf2_sha256$100000$Dh4kuTLedLLf$Ojit3bR20c0ot2a7jKBRRu6g61cozevkE7nZq99T6pg=	2020-01-24 11:21:30.461+01	f	fatihyardm61			fatihyardm@gmail.com	f	t	2020-01-24 11:21:30.349+01
1186	pbkdf2_sha256$100000$stXbL8wbNc9j$KzICo6EWQOhYnzMCUNMBUuupO7Xwu9r8yz/5d5QBD+0=	2020-01-24 17:40:34.139+01	f	Deepashtyagi			samnitengineering@gmail.com	f	t	2020-01-24 17:40:34.021+01
1187	pbkdf2_sha256$100000$RABc0noqbXB8$W/cu2nYUyivIuD5ZC6NPCLzyi1Ue7twKtNZ1+9YDZnY=	2020-01-25 09:35:16.16+01	f	masanisi			iquaduchi@gmail.com	f	t	2020-01-25 09:35:16.038+01
1188	pbkdf2_sha256$100000$6n2ZhTnxMQV7$Ls+3Z9pLaairK2iqtTUDcScARtUrjbKZN1iv1oXLRFM=	2020-01-26 21:38:29.645+01	f	aelgassir			abdelhamid.m.e@gmail.com	f	t	2020-01-26 21:38:29.341+01
1189	pbkdf2_sha256$100000$EldcBoRuDJqF$fAgCoLzU1Bv0CEwwHQ4Ivjby2zF3d9HKLQZrt0+pIBE=	2020-01-27 01:23:59.596+01	f	Henry			henrytinoco41@hotmail.com	f	t	2020-01-27 01:23:59.484+01
1190	pbkdf2_sha256$100000$dM8qyLpjfPQr$Iv33nA6u3ui5UayA7mAOiOebBLYajeTCYiLpVQtzznE=	2020-01-27 15:24:22.977+01	f	satttow			kbh65105@eveav.com	f	t	2020-01-27 15:24:22.859+01
1191	pbkdf2_sha256$100000$dbHay2SL7BMb$kCzp7J4AKv5VjOdSTFxaHXM4pVk+rLLNPfHNa6q5jMk=	2020-01-27 23:56:05.399+01	f	Samirnasr			samirnasr666@gmail.com	f	t	2020-01-27 23:56:05.265+01
1192	pbkdf2_sha256$100000$HoDoWUnDxf4i$2icgDFi18yKWfoqTP030zoZTAlWaSSGmS7jwgPMgPPg=	2020-01-28 16:19:54.79+01	f	JaneFoster			jane.vishnevskaya2001@gmail.com	f	t	2020-01-28 16:19:54.668+01
1193	pbkdf2_sha256$100000$knkAJyivOr3t$7WtSwPGEKx9P2SnRnATofqIVrc5XdJaYWnsIG4uv6Kc=	2020-01-28 22:47:06.082+01	f	sirayuk			sirayuk@gmail.com	f	t	2020-01-28 22:47:05.973+01
1194	pbkdf2_sha256$100000$53GKTx7Dor15$hy7kc6plrVlpqNp3b2defSUCXWqCfaxACo3peLGRJE0=	2020-01-29 04:35:34.785+01	f	zcredz			zcredi@ymail.com	f	t	2020-01-29 04:35:34.46+01
1195	pbkdf2_sha256$100000$kMqzKP9TawCF$S5c+dySY8d28WSswxZMDeDDxz4AfP1osBsy3DmNfZIU=	2020-01-29 08:51:08.327+01	f	Mix			ljaminm@gmail.com	f	t	2020-01-29 08:51:08.086+01
1196	pbkdf2_sha256$100000$yjtZPBwv2PBL$2MlP0D8h9/Bp3zdyErM94qvtgbODQxrJXXY03sZDnOg=	2020-01-30 15:06:38.226+01	f	Matheoterm			kiksmika222@gmail.com	f	t	2020-01-30 15:06:38.079+01
1197	pbkdf2_sha256$100000$QAkJ077ANgHS$lxSPeAGolheHxSiDc6Rr/ZTYuQtGvtIYp0u8VnOkXxc=	2020-01-30 22:45:34.513+01	f	Gmakiol			grzechu246@gmail.com	f	t	2020-01-30 22:45:34.207+01
1198	pbkdf2_sha256$100000$vb0nV7CG4sWK$bujpdbDzLlh6p9vU6H1YgbN8y73GdwZpSC1s/8IGQRk=	2020-01-30 23:59:12.09+01	f	Shelygin506			Egorychev96@thefmail.com	f	t	2020-01-30 23:59:11.785+01
1199	pbkdf2_sha256$100000$yvohSRSvSKwF$OuqULkZyErGvHgA45QZbLAU/ZOVaaudQJnD4YNa3rmo=	2020-01-31 14:15:38.012+01	f	Mitro89			sumitrosimanjuntak89@gmail.com	f	t	2020-01-31 14:15:37.9+01
1200	pbkdf2_sha256$100000$dprfEX2n1QHY$Yq8YSZ1DMBsRmLX28+4ahfc7EOfxJvRbg99EmyeEUww=	2020-01-31 16:10:48.343+01	f	Bharat			bhartendu_patel@yahoo.co.in	f	t	2020-01-31 16:10:48.233+01
1201	pbkdf2_sha256$100000$2g7efxXtLqBb$uiIesa4p2N5XNggPqnPnzH6EvlicYzyyIpOJylTDt9Q=	2020-01-31 17:53:34.005+01	f	pavankkus@gmail.com			pavankkus@gmail.com	f	t	2020-01-31 17:53:33.891+01
1202	pbkdf2_sha256$100000$VYwENjvMcLvD$9yjQPDJQe5BIkFLxpe1gT7cSHch2yQsbRQlgkJCGuXM=	2020-02-01 01:13:58.71+01	f	Sheundinho			sheundinho53@gmail.com	f	t	2020-02-01 01:13:58.593+01
1203	pbkdf2_sha256$100000$w2sYVjXIqbXk$HIgASubcM4sTsGgg3LPgx9VZIlF58SuckrYt12Q6R3w=	2020-02-01 11:41:19.755+01	f	Habib			habibh212@gmail.com	f	t	2020-02-01 11:39:36.898+01
1204	pbkdf2_sha256$100000$lBo1PPrdkUzg$pcYwOypTIHKSx/pzzMJe6qyQXNbhKuZ1sVVRp2L36Ss=	2020-02-01 13:40:45.508+01	f	miszko1999			miszko1999@gmail.com	f	t	2020-02-01 13:40:45.394+01
1205	pbkdf2_sha256$100000$Ec9HF9LlPf21$0MRxpM61yF9ALdYcZ+fH4mW9rFF9+KZyg/5tPr42pOI=	2020-02-02 11:06:06.141+01	f	gary			garyjeffia@hotmail.com	f	t	2020-02-02 11:06:06.022+01
1206	pbkdf2_sha256$100000$ilcC98hqBCpX$sGIyK1sqYQUSWtZFV7GaF1Rkuq1RT/VfVq3xV3RN+lQ=	2020-02-02 17:06:59.443+01	f	pekskristaps@gmail.com			pekskristaps@gmail.com	f	t	2020-02-02 17:06:59.332+01
1207	pbkdf2_sha256$100000$wS7jLrJRf5Xb$NQWqFb/8DmqF9DkXULm7o6+lG2zLNBWaLJWqf3s1MPU=	2020-02-02 20:00:46.938+01	f	Ezekiel			ezekielraddy@gmail.com	f	t	2020-02-02 20:00:46.625+01
1208	pbkdf2_sha256$100000$j1nUAWfu5INv$7banARgoyaEQ8nYWcvqBWz2zJsfax2upK04m/Dxkfes=	2020-02-04 06:21:46.028+01	f	lhengqin96			lhengqin96@gmail.com	f	t	2020-02-03 06:36:53.843+01
1209	pbkdf2_sha256$100000$zfEKG1CH9Ugo$6heVf3OiAtZOhrYcx9TojFRF8VOBzHWoS8/Wz4xKFVU=	2020-02-06 02:50:50.405+01	f	whyamihere95			sopar995@hotmail.com	f	t	2020-02-03 06:44:11.906+01
1210	pbkdf2_sha256$100000$lUM2n1c2PQZ2$jKbqZyhiJhsJ5kEM02C/0vws1ruSMrMByXAJdmsPAqc=	2020-02-03 07:33:07.281+01	f	lohdejin			dejin5566@hotmail.com	f	t	2020-02-03 07:24:44.719+01
1211	pbkdf2_sha256$100000$mCPLU5bDlFPx$yZCNFH4oUu4RcbGqAqHBjv8b6QnPksvhdRAXc++HfSg=	2020-02-03 07:40:39.536+01	f	Lhengqin96			legend4hq@gmail.com	f	t	2020-02-03 07:40:39.425+01
1212	pbkdf2_sha256$100000$2Fg9zdDi9fDi$qEJ3dYV9dA4vRzVIenMmfTUxepE4tJOexeRRRMfaf4w=	2020-02-03 10:41:24.892+01	f	kucingzaz			kucingzaz@gmail.com	f	t	2020-02-03 10:41:24.766+01
1213	pbkdf2_sha256$100000$EAOFhtOJzRYf$lEP65ZfENlmLoXaupVHulo6mqTp7IYuV7sBVD9+SrTg=	2020-02-03 11:13:12.448+01	f	adil.anveer_i@yahoo.com			adil.anveer_i@yahoo.com	f	t	2020-02-03 11:13:12.212+01
1214	pbkdf2_sha256$100000$30nScoHxl824$LDqMB+C6xfePB72cUnl4UZAbm/Ww/bCEQEBTkuULv9Q=	2020-02-03 15:59:40.464+01	f	harm1994			h.coster@marimecs.com	f	t	2020-02-03 15:59:40.353+01
1215	pbkdf2_sha256$100000$vGicgEUptkyd$FYRnzKAM2AkF04+IZn7bWrTJ5SEmjxIcvwLshnIemEU=	2020-02-03 16:56:28.222+01	f	Hisu			hisan.seid2@yahoo.com	f	t	2020-02-03 16:56:28.094+01
1216	pbkdf2_sha256$100000$5ucMo6z4AV1B$D6f0kX9gW6TIod7zHp4hxUrRpWvAmKfYc9cxfJGGpP4=	2020-02-03 17:10:18.138+01	f	ChaitanyaVip			athmuri.kittu@gmail.com	f	t	2020-02-03 17:10:17.782+01
1217	pbkdf2_sha256$100000$KANb79tg1O9h$fAyNXZxajeyE8WuM8E0MP75p4RHUQkPgrWagefNu9B8=	2020-02-03 18:36:12.462+01	f	violetj			violetj505@gmail.com	f	t	2020-02-03 18:36:12.352+01
1218	pbkdf2_sha256$100000$LDsVbICyVz2f$HQRLZbP8HZo9zxj+0iBj0hohaPJDHWnVHUxSOEG5riU=	2020-02-04 03:25:45.176+01	f	Zzz222333			zainalhasstuff@outlook.com	f	t	2020-02-04 03:25:45.046+01
1219	pbkdf2_sha256$100000$OQB452njNDFU$E5bvOerJyzBT1bb4hL/hiMRv9g9B14mdC625P168/zs=	2020-02-04 09:47:47.139+01	f	KV@9999			karthickrajawk@gmail.com	f	t	2020-02-04 09:47:46.986+01
1220	pbkdf2_sha256$100000$ImrsIjji1s9l$tgrCHdk9jhcz9spL5/8wBPGMa3m+5sSb8I1RKj8Py6k=	2020-02-04 10:32:26.399+01	f	rockery963			rockyfengguang@gmail.com	f	t	2020-02-04 10:32:26.088+01
1221	pbkdf2_sha256$100000$Np0xVUC1vUYQ$NqdUWPTUkmk5ntj+yCEfMAUeNVB9D8K96apEeB48cSM=	2020-02-04 18:22:56.599+01	f	newhopejay			jaronccy@hotmail.com	f	t	2020-02-04 18:22:56.295+01
1222	pbkdf2_sha256$100000$LchZYZbbXozg$9C7JIFdd3RU1K+lIsn0aXsr6mh20sWqyo2dfsrn2H1w=	2020-02-04 22:25:46.048+01	f	Njgreen19			njgreen19@gmail.com	f	t	2020-02-04 22:25:45.742+01
1223	pbkdf2_sha256$100000$ThtpJrff28q6$WASg+IZRH/ajPe2aNGtYwQQKkgWP05CXQ96mMwCc7Z8=	2020-02-05 07:38:41.346+01	f	Iynuj94			iynuj94@gmail.com	f	t	2020-02-05 07:38:41.188+01
1224	pbkdf2_sha256$100000$OMRrajscSTpP$6cets4G04n5AgDetaGQ6hnlmZ01ax+Xxarz2HmGXMH4=	2020-02-05 08:40:33.935+01	f	LKeChen			ke_chen_97@hotmail.com	f	t	2020-02-05 08:40:33.781+01
1225	pbkdf2_sha256$100000$DWbA9UNXhCkm$gE52vEHtScOQhydsJ4ngl3yRNiWSYJvAR+4VrF0YPLU=	2020-02-06 00:12:25.335+01	f	Mandxy			amanda.mandxy@gmail.com	f	t	2020-02-06 00:12:25.194+01
1226	pbkdf2_sha256$100000$ZE5GsU1stLAC$TFn/zwUiLF692eNnJdjZB+UTCAQJa4I5z3uo38nDc/k=	2020-02-06 06:52:49.221+01	f	Shab			shabanajara18@gmail.com	f	t	2020-02-06 06:52:49.104+01
1227	pbkdf2_sha256$100000$PEazGPFg0VBW$XmwhOGCeUjOShaQv8EYtjY1jHKVfbciHqiu5v0BzHtE=	2020-02-06 08:59:27.507+01	f	Dinae			edina.colakovic92@gmail.com	f	t	2020-02-06 08:59:27.391+01
1244	pbkdf2_sha256$180000$jBMcVSER9CSv$9+iOrQKPU3cCbjqGLURisggkThmCGwA21Fxtbod87t8=	2020-02-15 20:23:31.51+01	f	user1			user1@gmail.com	f	t	2020-02-15 20:23:31.264+01
1245	pbkdf2_sha256$180000$MTOgdn4LhbUv$cLXzOAiMJs/Jx1VLACvVK6kKcZLufTjo80vhaQZW0xQ=	2020-02-26 23:04:20.248+01	f	user2			user2@gmail.com	f	t	2020-02-26 22:42:53.869+01
\.


--
-- Data for Name: auth_user_groups; Type: TABLE DATA; Schema: public; Owner: postgres
--

COPY public.auth_user_groups (id, user_id, group_id) FROM stdin;
\.


--
-- Data for Name: auth_user_user_permissions; Type: TABLE DATA; Schema: public; Owner: postgres
--

COPY public.auth_user_user_permissions (id, user_id, permission_id) FROM stdin;
\.


--
-- Data for Name: core_commandhistory; Type: TABLE DATA; Schema: public; Owner: postgres
--

COPY public.core_commandhistory (id, name, applied_at) FROM stdin;
1	add_products_from_dummyjson	2023-02-15 10:26:50.777793+01
2	add_products_from_api	2023-02-15 10:26:51.940357+01
3	update_categories	2023-02-15 13:56:03.345529+01
\.


--
-- Data for Name: django_admin_log; Type: TABLE DATA; Schema: public; Owner: postgres
--

COPY public.django_admin_log (id, action_time, object_id, object_repr, action_flag, change_message, content_type_id, user_id) FROM stdin;
1	2022-12-04 15:24:55.677208+01	1	mobiles	1	[{"added": {}}]	7	1
2	2022-12-04 15:26:26.072588+01	2	laptops	1	[{"added": {}}]	7	1
3	2022-12-04 15:26:44.665503+01	3	tvs	1	[{"added": {}}]	7	1
4	2022-12-04 15:27:58.272348+01	1	10%	1	[{"added": {}}]	8	1
5	2022-12-04 15:33:22.967805+01	2	SAMSUNG GALAXY A03	1	[{"added": {}}, {"added": {"name": "file", "object": "File object (1)"}}]	9	1
6	2022-12-04 15:34:02.523737+01	2	SAMSUNG GALAXY A03	2	[]	9	1
7	2022-12-04 15:39:27.098335+01	2	20%	1	[{"added": {}}]	8	1
8	2022-12-04 15:39:33.079315+01	3	Acer Predator Triton 500 SE	1	[{"added": {}}]	9	1
9	2022-12-04 15:43:03.837258+01	2	SAMSUNG Galaxy S22+ Cell Phone	2	[{"changed": {"fields": ["Product Name", "Price"]}}, {"added": {"name": "file", "object": "File object (2)"}}, {"deleted": {"name": "file", "object": "File object (None)"}}]	9	1
10	2022-12-04 15:48:53.836359+01	3	15%	1	[{"added": {}}]	8	1
11	2022-12-04 15:49:25.839762+01	4	TCL 32-inch Class 3-Series HD LED Smart Android TV	1	[{"added": {}}, {"added": {"name": "file", "object": "File object (3)"}}]	9	1
12	2022-12-07 20:18:00.79787+01	3	Acer Predator Triton 500 SE	2	[{"added": {"name": "file", "object": "File object (4)"}}]	9	2
13	2023-01-02 19:59:16.938974+01	2	SAMSUNG Galaxy S22+ Cell Phone	2	[{"added": {"name": "file", "object": "File object (5)"}}]	9	2
14	2023-01-02 20:01:27.499688+01	2	SAMSUNG Galaxy S22+ Cell Phone	2	[{"added": {"name": "file", "object": "File object (6)"}}, {"added": {"name": "file", "object": "File object (7)"}}, {"added": {"name": "file", "object": "File object (8)"}}]	9	2
15	2023-01-02 20:03:49.68187+01	3	Acer Predator Triton 500 SE	2	[{"added": {"name": "file", "object": "File object (9)"}}, {"added": {"name": "file", "object": "File object (10)"}}, {"added": {"name": "file", "object": "File object (11)"}}]	9	2
16	2023-01-02 20:06:53.174029+01	4	TCL 32-inch Class 3-Series HD LED Smart Android TV	2	[{"added": {"name": "file", "object": "File object (12)"}}, {"added": {"name": "file", "object": "File object (13)"}}, {"added": {"name": "file", "object": "File object (14)"}}, {"added": {"name": "file", "object": "File object (15)"}}]	9	2
17	2023-01-02 20:18:06.723124+01	2	SAMSUNG Galaxy S22+ Cell Phone	2	[]	9	2
18	2023-01-02 20:19:37.411623+01	4	21%	1	[{"added": {}}]	8	2
19	2023-01-02 20:20:18.825687+01	5	OnePlus 10 Pro | 5G Android Smartphone	1	[{"added": {}}, {"added": {"name": "file", "object": "File object (16)"}}]	9	2
20	2023-01-02 20:28:15.384271+01	5	30%	1	[{"added": {}}]	8	2
21	2023-01-02 20:28:34.978559+01	6	iPhone 13 Pro Max	1	[{"added": {}}, {"added": {"name": "file", "object": "File object (17)"}}]	9	2
22	2023-01-02 21:35:47.70139+01	6	8%	1	[{"added": {}}]	8	2
23	2023-01-02 21:36:11.823338+01	7	Samsung Galaxy S20 FE 5G	1	[{"added": {}}, {"added": {"name": "file", "object": "File object (18)"}}]	9	2
24	2023-01-02 21:37:22.910562+01	7	36%	1	[{"added": {}}]	8	2
25	2023-01-02 21:37:52.585775+01	8	SAMSUNG Galaxy Z Fold 3 5G Cell Phone	1	[{"added": {}}, {"added": {"name": "file", "object": "File object (19)"}}]	9	2
26	2023-01-02 21:39:55.60828+01	8	21%	1	[{"added": {}}]	8	2
27	2023-01-02 21:40:01.309689+01	9	OnePlus Nord N200 | 5G	1	[{"added": {}}, {"added": {"name": "file", "object": "File object (20)"}}]	9	2
28	2023-01-02 21:40:20.77541+01	9	OnePlus Nord N200 | 5G	2	[{"changed": {"fields": ["Category"]}}]	9	2
29	2023-01-02 21:42:43.406752+01	10	ONEPLUS 10T | Moonstone Black | 5G	1	[{"added": {}}, {"added": {"name": "file", "object": "File object (21)"}}]	9	2
30	2023-01-02 21:45:08.48006+01	9	7%	1	[{"added": {}}]	8	2
31	2023-01-02 21:45:30.980203+01	11	Apple iPhone 12	1	[{"added": {}}, {"added": {"name": "file", "object": "File object (22)"}}]	9	2
32	2023-01-02 21:46:57.689121+01	10	26%	1	[{"added": {}}]	8	2
33	2023-01-02 21:47:14.361448+01	12	Apple iPhone 11 Pro Max	1	[{"added": {}}, {"added": {"name": "file", "object": "File object (23)"}}]	9	2
34	2023-01-02 21:47:31.389931+01	12	Apple iPhone 11 Pro Max	2	[{"changed": {"fields": ["Category"]}}]	9	2
35	2023-01-03 21:25:45.960254+01	2	SAMSUNG Galaxy S22+ Cell Phone	2	[{"changed": {"fields": ["Description"]}}]	9	2
36	2023-01-03 21:27:32.455572+01	2	SAMSUNG Galaxy S22+ Cell Phone	2	[]	9	2
37	2023-01-03 21:31:15.841065+01	2	SAMSUNG Galaxy S22+ Cell Phone	2	[{"changed": {"fields": ["Description"]}}]	9	2
38	2023-01-07 11:00:17.129778+01	4	New caterory	1	[{"added": {}}]	7	2
39	2023-01-07 11:02:01.785885+01	5	New caterory	1	[{"added": {}}]	7	2
40	2023-01-07 11:02:53.647678+01	6	New caterory	1	[{"added": {}}]	7	2
41	2023-01-08 14:09:50.549845+01	13	Affvv	1	[{"added": {}}]	9	2
42	2023-01-08 14:10:42.189531+01	13	Affvv	3		9	2
43	2023-01-08 21:37:10.607687+01	6	New caterory	3		7	2
44	2023-01-08 21:37:14.513633+01	5	New caterory	3		7	2
45	2023-01-08 21:37:18.52032+01	4	New caterory	3		7	2
46	2023-01-22 13:52:07.630905+01	12	Apple iPhone 11 Pro Max	2	[{"changed": {"fields": ["Discount", "Description"]}}]	9	2
47	2023-01-22 16:26:13.262159+01	4	21%	2	[{"changed": {"fields": ["Active"]}}]	8	2
48	2023-01-29 19:07:03.128482+01	7	mobiles	2	[{"changed": {"fields": ["Name"]}}]	7	2
49	2023-01-29 19:20:42.237426+01	17	iPhone 9	3		9	2
50	2023-01-29 19:20:42.246058+01	16	iPhone 9	3		9	2
51	2023-01-29 19:20:42.250095+01	15	iPhone 9	3		9	2
52	2023-01-29 19:20:42.253272+01	14	iPhone 9	3		9	2
53	2023-01-30 23:35:47.458876+01	7	mobiles	3		7	2
54	2023-02-13 12:42:42.045237+01	12	Apple iPhone 11 Pro Max	3		9	2
55	2023-02-13 12:44:11.27003+01	11	Apple iPhone 12	3		9	2
56	2023-02-13 15:43:21.560534+01	10	ONEPLUS 10T | Moonstone Black | 5G	2	[{"changed": {"fields": ["Discount", "Description"]}}]	9	2
\.


--
-- Data for Name: django_content_type; Type: TABLE DATA; Schema: public; Owner: postgres
--

COPY public.django_content_type (id, app_label, model) FROM stdin;
1	admin	logentry
2	auth	permission
3	auth	group
4	auth	user
5	contenttypes	contenttype
6	sessions	session
7	products	category
8	products	discount
9	products	product
10	products	file
11	core	commandhistory
12	RDM	material
13	RDM	project
14	RDM	support
15	RDM	section
16	RDM	release
17	RDM	node
18	RDM	bar
19	RDM	pl
20	RDM	dl
21	social_django	association
22	social_django	code
23	social_django	nonce
24	social_django	usersocialauth
25	social_django	partial
\.


--
-- Data for Name: django_migrations; Type: TABLE DATA; Schema: public; Owner: postgres
--

COPY public.django_migrations (id, app, name, applied) FROM stdin;
1	contenttypes	0001_initial	2022-12-03 20:43:07.337909+01
2	auth	0001_initial	2022-12-03 20:43:07.42792+01
3	admin	0001_initial	2022-12-03 20:43:07.450094+01
4	admin	0002_logentry_remove_auto_add	2022-12-03 20:43:07.460463+01
5	admin	0003_logentry_add_action_flag_choices	2022-12-03 20:43:07.47976+01
6	contenttypes	0002_remove_content_type_name	2022-12-03 20:43:07.503603+01
7	auth	0002_alter_permission_name_max_length	2022-12-03 20:43:07.5139+01
8	auth	0003_alter_user_email_max_length	2022-12-03 20:43:07.534199+01
9	auth	0004_alter_user_username_opts	2022-12-03 20:43:07.547353+01
10	auth	0005_alter_user_last_login_null	2022-12-03 20:43:07.560948+01
11	auth	0006_require_contenttypes_0002	2022-12-03 20:43:07.563838+01
12	auth	0007_alter_validators_add_error_messages	2022-12-03 20:43:07.577136+01
13	auth	0008_alter_user_username_max_length	2022-12-03 20:43:07.605084+01
14	auth	0009_alter_user_last_name_max_length	2022-12-03 20:43:07.623485+01
15	auth	0010_alter_group_name_max_length	2022-12-03 20:43:07.64959+01
16	auth	0011_update_proxy_permissions	2022-12-03 20:43:07.662189+01
17	auth	0012_alter_user_first_name_max_length	2022-12-03 20:43:07.673674+01
18	products	0001_initial	2022-12-03 20:43:07.722372+01
19	sessions	0001_initial	2022-12-03 20:43:07.734691+01
21	products	0002_product_description	2023-01-03 21:30:31.841162+01
26	products	0002_product_slug_alter_category_name_alter_category_slug	2023-01-08 15:16:12.875368+01
27	products	0003_merge_20230206_2022	2023-02-06 21:22:45.157029+01
28	core	0001_initial	2023-02-15 10:26:49.541132+01
29	RDM	0001_initial	2023-03-03 23:00:37.103506+01
30	RDM	0002_auto_20200113_1422	2023-03-03 23:00:37.207928+01
31	RDM	0003_auto_20200113_1422	2023-03-03 23:00:37.231899+01
32	RDM	0004_delete_task	2023-03-03 23:00:37.236612+01
33	default	0001_initial	2023-03-03 23:00:37.294067+01
34	social_auth	0001_initial	2023-03-03 23:00:37.295163+01
35	default	0002_add_related_name	2023-03-03 23:00:37.321999+01
36	social_auth	0002_add_related_name	2023-03-03 23:00:37.323218+01
37	default	0003_alter_email_max_length	2023-03-03 23:00:37.329464+01
38	social_auth	0003_alter_email_max_length	2023-03-03 23:00:37.330796+01
39	default	0004_auto_20160423_0400	2023-03-03 23:00:37.345164+01
40	social_auth	0004_auto_20160423_0400	2023-03-03 23:00:37.346619+01
41	social_auth	0005_auto_20160727_2333	2023-03-03 23:00:37.354067+01
42	social_django	0006_partial	2023-03-03 23:00:37.362331+01
43	social_django	0007_code_timestamp	2023-03-03 23:00:37.370944+01
44	social_django	0008_partial_timestamp	2023-03-03 23:00:37.377292+01
45	social_django	0005_auto_20160727_2333	2023-03-03 23:00:37.381952+01
46	social_django	0001_initial	2023-03-03 23:00:37.38736+01
47	social_django	0003_alter_email_max_length	2023-03-03 23:00:37.389181+01
48	social_django	0004_auto_20160423_0400	2023-03-03 23:00:37.3908+01
49	social_django	0002_add_related_name	2023-03-03 23:00:37.392353+01
\.


--
-- Data for Name: django_session; Type: TABLE DATA; Schema: public; Owner: postgres
--

COPY public.django_session (session_key, session_data, expire_date) FROM stdin;
zuchn0f4q7cltrkees1edqma2a6m32go	.eJxVjMsOwiAQRf-FtSG8y7h07zeQYQCpGkhKuzL-uzbpQrf3nHNfLOC21rCNvIQ5sTOT7PS7RaRHbjtId2y3zqm3dZkj3xV-0MGvPeXn5XD_DiqO-q0nsmKykYp3JKNURpAHFOhBOQRFDo2xplgCxAJaeg0FjS5Ja0suSvb-ANd5N6M:1p1psm:tA-ey2T0GUM9KKsQ9ph6s4FgzvCAeSlMlRzY746hJ4U	2022-12-18 15:22:16.324724+01
ab9l955flymlnx4sc5oulxq03e6zrryb	.eJxVjDsOwjAQBe_iGlnrdfBiSnrOYK0_iwPIkeKkQtwdIqWA9s3Me6nA61LD2sscxqzOCtXhd4ucHqVtIN-53SadprbMY9Sbonfa9XXK5XnZ3b-Dyr1-65MF68UxGix2cII-skk5grMCLIa5UDl6yiAMWRIaiE4GQiJnDbF6fwDkOjfs:1p2erl:IuNFUov_t1sg9VeihMtMits7P9Jv8KRaNKdC8E5juZw	2022-12-20 21:48:37.331483+01
s2hkpnd0qdz1he8kh5zglkoua64shjad	.eJxVjMsOwiAQRf-FtSHDY6C6dN9vIMNApWogKe3K-O_apAvd3nPOfYlA21rC1vMS5iQuQovT7xaJH7nuIN2p3prkVtdljnJX5EG7HFvKz-vh_h0U6uVbG_SokW3EOICDyTFbGFyOChlBTWCzBtaRMZl0BkOKGBx5xgxGGy_eH8lnN0g:1p2zuT:LwfcSBGtexXAJV6WHqCkv5NGqIqCTIPOvkXM-b5kwD8	2022-12-21 20:16:49.158239+01
rcnn22bf86rpsteka1jeiqhref93zfu9	.eJxVjMsOwiAQRf-FtSHDY6C6dN9vIMNApWogKe3K-O_apAvd3nPOfYlA21rC1vMS5iQuQovT7xaJH7nuIN2p3prkVtdljnJX5EG7HFvKz-vh_h0U6uVbG_SokW3EOICDyTFbGFyOChlBTWCzBtaRMZl0BkOKGBx5xgxGGy_eH8lnN0g:1pCPyl:yiGURyB7WYrz6c0abzmD1YRstwD_ElHbD2lSgRd-qGs	2023-01-16 19:56:11.943525+01
x1u1la9x9ptl1aigicuzu6e7w57iqa76	.eJxVjMsOwiAQRf-FtSHDY6C6dN9vIMNApWogKe3K-O_apAvd3nPOfYlA21rC1vMS5iQuQovT7xaJH7nuIN2p3prkVtdljnJX5EG7HFvKz-vh_h0U6uVbG_SokW3EOICDyTFbGFyOChlBTWCzBtaRMZl0BkOKGBx5xgxGGy_eH8lnN0g:1pCmQM:sjYhR2E-wz4eZu1pZUdj6ST5rLl2a9s6vOAhmViBqhY	2023-01-17 19:54:10.971736+01
jxttm9v475i3wjnxqu9qaeywucf1f9u2	.eJxVjMsOwiAQRf-FtSHDY6C6dN9vIMNApWogKe3K-O_apAvd3nPOfYlA21rC1vMS5iQuQovT7xaJH7nuIN2p3prkVtdljnJX5EG7HFvKz-vh_h0U6uVbG_SokW3EOICDyTFbGFyOChlBTWCzBtaRMZl0BkOKGBx5xgxGGy_eH8lnN0g:1pE5tS:JfN1Pm07wjGuSuZ-x_xrSDPvgBWnsmmUPD7sCdUd0Hk	2023-01-21 10:53:38.257794+01
qrxhymz4wcq99db4jrf2aiqz131zj26m	.eJxVjMsOwiAQRf-FtSHDY6C6dN9vIMNApWogKe3K-O_apAvd3nPOfYlA21rC1vMS5iQuQovT7xaJH7nuIN2p3prkVtdljnJX5EG7HFvKz-vh_h0U6uVbG_SokW3EOICDyTFbGFyOChlBTWCzBtaRMZl0BkOKGBx5xgxGGy_eH8lnN0g:1pJZp5:5GjDRyazNqOiKGs3zAP3BN7o8NdrTga5ZNuCfox7dCI	2023-02-05 13:51:47.173122+01
78zmtfz0htknmn93wdf0orsojk2lkmbo	.eJxVjMsOwiAQRf-FtSHDY6C6dN9vIMNApWogKe3K-O_apAvd3nPOfYlA21rC1vMS5iQuQovT7xaJH7nuIN2p3prkVtdljnJX5EG7HFvKz-vh_h0U6uVbG_SokW3EOICDyTFbGFyOChlBTWCzBtaRMZl0BkOKGBx5xgxGGy_eH8lnN0g:1pMC3w:8vI9BH3CNb0u_7E4Lw-xavVm3SHFpCKNsawjSz0xmig	2023-02-12 19:05:56.807326+01
3fh7gbbz6fpivoibehja20peb1vy0rtt	.eJxVjMsOwiAQRf-FtSHDY6C6dN9vIMNApWogKe3K-O_apAvd3nPOfYlA21rC1vMS5iQuQovT7xaJH7nuIN2p3prkVtdljnJX5EG7HFvKz-vh_h0U6uVbG_SokW3EOICDyTFbGFyOChlBTWCzBtaRMZl0BkOKGBx5xgxGGy_eH8lnN0g:1pMchl:7pTHkptU5muqE7P0VwJZ2OeIyzy_6c6OIH41Yz6kt6w	2023-02-13 23:32:49.291047+01
5fan048i5o03ttt856x2f8rxv51yugou	.eJxVjMsOwiAQRf-FtSHDY6C6dN9vIMNApWogKe3K-O_apAvd3nPOfYlA21rC1vMS5iQuQovT7xaJH7nuIN2p3prkVtdljnJX5EG7HFvKz-vh_h0U6uVbG_SokW3EOICDyTFbGFyOChlBTWCzBtaRMZl0BkOKGBx5xgxGGy_eH8lnN0g:1pMxij:bpX5KtAGEqlwVN3qF-2OnOBJ17AGr4Tq2I04a3VNZuM	2023-02-14 21:59:13.462398+01
88oq0qw6erabhgbx8jcxotyw6ft9ty3d	.eJxVjMsOwiAQRf-FtSHDY6C6dN9vIMNApWogKe3K-O_apAvd3nPOfYlA21rC1vMS5iQuQovT7xaJH7nuIN2p3prkVtdljnJX5EG7HFvKz-vh_h0U6uVbG_SokW3EOICDyTFbGFyOChlBTWCzBtaRMZl0BkOKGBx5xgxGGy_eH8lnN0g:1pPW2P:yKAzVzlUW6SyFpQjo_qJt-NxnkqIEXwyFcVo-Jpm3d8	2023-02-21 23:02:05.28176+01
wzwbtjsapig2pvsccrbfrqw8htll5x6t	.eJxVjMsOwiAQRf-FtSHDY6C6dN9vIMNApWogKe3K-O_apAvd3nPOfYlA21rC1vMS5iQuQovT7xaJH7nuIN2p3prkVtdljnJX5EG7HFvKz-vh_h0U6uVbG_SokW3EOICDyTFbGFyOChlBTWCzBtaRMZl0BkOKGBx5xgxGGy_eH8lnN0g:1pRZqO:tJ2DdaOh92tiiUtHxLG9SzP6ps7MEQdBGWhMgVJi4wk	2023-02-27 15:30:12.873102+01
sgn0rha3hkwtb5lj2cqtcg29r8zx2zbd	.eJxVjMsOwiAQRf-FtSHDY6C6dN9vIMNApWogKe3K-O_apAvd3nPOfYlA21rC1vMS5iQuQovT7xaJH7nuIN2p3prkVtdljnJX5EG7HFvKz-vh_h0U6uVbG_SokW3EOICDyTFbGFyOChlBTWCzBtaRMZl0BkOKGBx5xgxGGy_eH8lnN0g:1pRZvx:2ksZqcCid4OkT7rvhnawk3aTir0YFUnrEEUPFcA_JBY	2023-02-27 15:35:57.557421+01
w15sw29gmkz8n2i5ocz19bp5um7pfain	.eJxVjMsOwiAQRf-FtSHDY6C6dN9vIMNApWogKe3K-O_apAvd3nPOfYlA21rC1vMS5iQuQovT7xaJH7nuIN2p3prkVtdljnJX5EG7HFvKz-vh_h0U6uVbG_SokW3EOICDyTFbGFyOChlBTWCzBtaRMZl0BkOKGBx5xgxGGy_eH8lnN0g:1pSbRr:lvQYNgPetPdckNo6EV7L3NwH13eUF6AmR3QIQT3EGYc	2023-03-02 11:25:07.236839+01
seoj3fgy0jodvx9zg860rqgj6tww5wpi	.eJxVjMsOwiAQRf-FtSHDY6C6dN9vIMNApWogKe3K-O_apAvd3nPOfYlA21rC1vMS5iQuQovT7xaJH7nuIN2p3prkVtdljnJX5EG7HFvKz-vh_h0U6uVbG_SokW3EOICDyTFbGFyOChlBTWCzBtaRMZl0BkOKGBx5xgxGGy_eH8lnN0g:1pSkPT:bD38a0KC1pNCs4RIRXiK8-GsfimQlvD6fNJH9d1Qziw	2023-03-02 20:59:15.285739+01
96fr2sbvgfnxe87md2eo913bvgeotcme	.eJxVjMsOwiAQRf-FtSHgdHi4dN9vIAMDUjU0Ke3K-O_apAvd3nPOfYlA21rD1vMSJhYXAeL0u0VKj9x2wHdqt1mmua3LFOWuyIN2Oc6cn9fD_Tuo1Ou3Hlglb8kDgVMUoRiNWRejOGvUDo3x6CwSINvBuYga2CmGc-SUCxnx_gDMezd7:1pYaVH:EccNuohaMa4WTJEQC4_EbNI5AoyJHXmaVsox3yfWSTM	2023-03-18 23:37:23.488152+01
\.


--
-- Data for Name: products_category; Type: TABLE DATA; Schema: public; Owner: postgres
--

COPY public.products_category (id, name, slug) FROM stdin;
1	mobiles	mobiles
2	laptops	laptops
9	Fragrances	fragrances
10	Skincare	skincare
11	Groceries	groceries
12	Home-decoration	home-decoration
13	Furniture	furniture
14	Tops	tops
15	Womens-dresses	womens-dresses
16	Womens-shoes	womens-shoes
17	Mens-shirts	mens-shirts
18	Mens-shoes	mens-shoes
19	Mens-watches	mens-watches
20	Womens-watches	womens-watches
21	Womens-bags	womens-bags
22	Womens-jewellery	womens-jewellery
23	Sunglasses	sunglasses
24	Automotive	automotive
25	Motorcycle	motorcycle
26	Lighting	lighting
\.


--
-- Data for Name: products_discount; Type: TABLE DATA; Schema: public; Owner: postgres
--

COPY public.products_discount (id, name, percent, active) FROM stdin;
1	10%	10.00	t
2	20%	20.00	t
3	15%	15.00	t
5	30%	30.00	t
6	8%	8.00	t
7	36%	36.00	t
8	21%	21.00	t
9	7%	7.00	t
10	26%	26.00	t
4	21%	21.00	f
11	12.96 %	12.96	t
12	17.94 %	17.94	t
13	15.46 %	15.46	t
14	17.91 %	17.91	t
15	10.58 %	10.58	t
16	11.02 %	11.02	t
17	4.15 %	4.15	t
18	10.23 %	10.23	t
19	11.83 %	11.83	t
20	6.18 %	6.18	t
21	8.4 %	8.40	t
22	15.66 %	15.66	t
23	8.14 %	8.14	t
24	15.6 %	15.60	t
25	10.99 %	10.99	t
26	13.31 %	13.31	t
27	4.09 %	4.09	t
28	13.1 %	13.10	t
29	10.68 %	10.68	t
30	16.99 %	16.99	t
31	4.81 %	4.81	t
32	15.58 %	15.58	t
33	8.04 %	8.04	t
34	16.8 %	16.80	t
35	13.58 %	13.58	t
36	17.86 %	17.86	t
37	16.49 %	16.49	t
38	15.34 %	15.34	t
39	2.92 %	2.92	t
40	17.0 %	17.00	t
41	15.59 %	15.59	t
42	4.0 %	4.00	t
43	7.98 %	7.98	t
44	10.89 %	10.89	t
45	12.05 %	12.05	t
46	11.12 %	11.12	t
47	17.2 %	17.20	t
48	13.39 %	13.39	t
49	15.05 %	15.05	t
50	15.37 %	15.37	t
51	15.55 %	15.55	t
52	16.88 %	16.88	t
53	5.07 %	5.07	t
54	16.96 %	16.96	t
55	10.37 %	10.37	t
56	10.83 %	10.83	t
57	2.62 %	2.62	t
58	16.87 %	16.87	t
59	12.76 %	12.76	t
60	14.72 %	14.72	t
61	7.54 %	7.54	t
62	16.44 %	16.44	t
63	15.97 %	15.97	t
64	12.57 %	12.57	t
65	10.91 %	10.91	t
66	12.0 %	12.00	t
67	8.71 %	8.71	t
68	7.55 %	7.55	t
69	7.14 %	7.14	t
70	3.15 %	3.15	t
71	2.56 %	2.56	t
72	10.2 %	10.20	t
73	17.79 %	17.79	t
74	3.23 %	3.23	t
75	16.69 %	16.69	t
76	9.03 %	9.03	t
77	17.55 %	17.55	t
78	8.98 %	8.98	t
79	14.65 %	14.65	t
80	17.5 %	17.50	t
81	10.39 %	10.39	t
82	11.19 %	11.19	t
83	14.87 %	14.87	t
84	13.57 %	13.57	t
85	3.22 %	3.22	t
86	8.02 %	8.02	t
87	12.8 %	12.80	t
88	17.75 %	17.75	t
89	10.1 %	10.10	t
90	6.33 %	6.33	t
91	13.89 %	13.89	t
92	11.27 %	11.27	t
93	10.56 %	10.56	t
94	11.3 %	11.30	t
95	3.19 %	3.19	t
96	17.53 %	17.53	t
97	11.08 %	11.08	t
98	13.63 %	13.63	t
99	14.4 %	14.40	t
100	3.34 %	3.34	t
101	3.85 %	3.85	t
102	17.67 %	17.67	t
103	14.89 %	14.89	t
104	10.94 %	10.94	t
105	5.92 %	5.92	t
106	8.84 %	8.84	t
107	16.0 %	16.00	t
\.


--
-- Data for Name: products_file; Type: TABLE DATA; Schema: public; Owner: postgres
--

COPY public.products_file (id, name, file, product_id) FROM stdin;
2	\N	image/upload/v1670164983/g6ewzypeexata1zd5vdy.jpg	2
3	\N	image/upload/v1670165365/uxl57c43jqtbiig9vvgr.jpg	4
4	\N	image/upload/v1670440680/w8jhmc2bbtyy4rltuzo9.jpg	3
5	\N	image/upload/v1672685956/yxna4yte52s7kel3hxmd.jpg	2
6	\N	image/upload/v1672686085/oogu0kpz5xhkahjdzdu2.jpg	2
7	\N	image/upload/v1672686086/lmgbtevvbja7inteiw8s.jpg	2
8	\N	image/upload/v1672686087/p6m17augx6bbjnerpiod.jpg	2
9	\N	image/upload/v1672686227/cabqfvhqxbzotppksvta.jpg	3
10	\N	image/upload/v1672686228/xtekhvukngofgthgyjxz.jpg	3
11	\N	image/upload/v1672686229/cmcg8seamvpch0vhhvuz.jpg	3
12	\N	image/upload/v1672686406/cldrf5adto4xbisqrezd.jpg	4
13	\N	image/upload/v1672686408/nolf2wmbchbogf9b6fdj.jpg	4
14	\N	image/upload/v1672686408/qorxru5igyouc9m7j8bw.jpg	4
15	\N	image/upload/v1672686412/ubq43ztd5kpsijc9pwce.jpg	4
16	\N	image/upload/v1672687218/llg0f8xryb7te2ycauef.jpg	5
17	\N	image/upload/v1672687714/uenyhvtx1dijt9tmsfj6.webp	6
18	\N	image/upload/v1672691771/nkdnrqgkd5ppq2pctkzm.jpg	7
19	\N	image/upload/v1672691872/qjmzpjvcz4pzswm9ldaq.jpg	8
20	\N	image/upload/v1672692000/gjpf40pnkke3qd7wwmpf.jpg	9
21	\N	image/upload/v1672692163/n9nzz0v87v6bppc1s26l.jpg	10
24	\N	wmo26fkz59tj89uiezfb	18
25	\N	k83knjjvq32s7wyz9sak	18
26	\N	hedwliwecbgfplqhdfkb	18
27	\N	kr4zmfobg3gexz8ip5bl	18
28	\N	gqvia34wnoiwkq8d7hbt	18
29	\N	a1vbnldoeuvo3wrikqgh	19
30	\N	dkwswqp6l55zqljjbgyp	19
31	\N	hx4wlpt4kh1var2lqwy6	19
32	\N	o6ygkfzpscxxwbe27tsh	19
33	\N	ncof7xfyiupzxmb9fd9d	20
34	\N	yed6us94ozvfowwzdyae	21
35	\N	qbnxx7hcqturnump0pia	21
36	\N	mn9hzrgillxxyhkizzw3	21
37	\N	wyw71ujg0vtrfj7hbkkl	21
38	\N	gclxscjt76rhjlrjmrnl	21
39	\N	kh7jfcl4jk7vojtkytza	22
40	\N	om45wj28nvbhtd8qvxpp	22
41	\N	bsauelpv9iduxf8fathv	22
42	\N	gwtkgp3frac3huidcfgz	23
43	\N	tfgqkwcwhwv8yxnen6uo	23
44	\N	eogdjbc8aekwcrrlbvno	23
45	\N	hzhemec6rx7ncrr6xgoa	23
46	\N	apl8enzbcgewectvddti	24
47	\N	usmeft8a0iags2o0mmad	24
48	\N	ndwwrthmjpse4yqzja9x	24
49	\N	s8gw1dnjn0pclnofutar	24
50	\N	amwvrktayyemol346jb6	25
51	\N	ndmd7g4j9pr6pbdfjpht	25
52	\N	up2veb2usmfaisqrn3nq	25
53	\N	wv0d9saibb1k8rylpdfn	25
54	\N	olabmkmrvljjqa30iwpu	25
55	\N	ns5dmb0apb37uj7d1eoo	26
56	\N	h6anhdlikhohimuiacye	26
57	\N	sy39nebvdxoer7l1tbht	26
58	\N	rkt5wcnboi73mxljrrq2	26
59	\N	jsnvpkcrghtpsj8juvlq	26
60	\N	msbhz0irhqvx9bezudm4	27
61	\N	pndrqkrqe6ylxcqbyerz	27
62	\N	nsdkeuq1o6m2yiyu8t50	27
63	\N	jjetzrfkrod74q6j9zqs	27
64	\N	rory2goq6pup5ccydwkb	28
65	\N	ulvjblffxxfolxq8v1vq	28
66	\N	qjpuyhpkrgxe4opbbqtf	28
67	\N	jd58rmvosn1rzh2txb90	28
68	\N	g4ufw3m6ylib032sma3g	29
69	\N	wedwtmqpkwlzfxp7ghpu	29
70	\N	ogcbwuqf5vsijhhcnxc2	29
71	\N	gm5dufmomaswib4bpioe	29
72	\N	knumwiqgzgz0ko6lypjk	29
73	\N	nbd56lybkhzlpq9sr7qx	30
74	\N	axny81eyx1nncd2kuobj	30
75	\N	k3rfkqyaqfb20mut6bma	30
76	\N	m8tphpap3et8govghzjr	30
77	\N	mactrtvs5sxbioe2wxvg	30
78	\N	wmnks2wqhfvn7kylaprx	31
79	\N	ks7ufftwsistirqtxpat	31
80	\N	eevy85uyiz6mf45ltcxt	31
81	\N	ftzl6zf74mnb4jfk9e6v	31
82	\N	bqcninlfhihww9dwxapf	32
83	\N	nfxlpjnzeprur7a2kiyc	32
84	\N	jposn9i2ytfgfu1hj5ml	32
85	\N	to2qag8vdszxsj3ln8uz	32
86	\N	akzrdxmxyflgf8kroxwz	32
87	\N	pv3ohmjscnjpuh8mknib	33
88	\N	gamel8vpfydjdvekwemy	33
89	\N	jzudtvymahqncerhpp3h	33
90	\N	psdsa8vxeogkvgbgn7i8	33
91	\N	djzhw6shzcge5ib8phiy	33
92	\N	wv7ebkqw8avwyuu6qxtd	34
93	\N	wejqudz4e9a7a5loy5xj	34
94	\N	unnkktjwttpkid1gatga	34
95	\N	qyn6bwcoowul4xi3j3cb	34
96	\N	qxmn1fjmojxrsix2kon8	35
97	\N	okzlhxffkjxkwezjxwn7	35
98	\N	tyeyof5wgnriqigomygg	35
99	\N	bmjlunqc69zelfxu91kv	35
100	\N	nybt5petuuuq8a088qdk	35
101	\N	hr7tvnl8dk1vwwy3bpna	36
102	\N	bqahn3j9jwvb6nlj0att	36
103	\N	nxcohdpxy84i5htuhnfo	36
104	\N	zfwtyedcu62egl8x2yt5	36
105	\N	uthc4ac138uktbrz5778	37
106	\N	fu57uhhrzxwnfqyb9axk	37
107	\N	ecbhnq80kidnawczh6qk	37
108	\N	d4mcqbhhabo48wgxetgq	37
109	\N	yqesr65l0sbie9rk0gtk	37
110	\N	vralb11n0xui9mjoaxwu	38
111	\N	iny0twwttkggoduinua2	38
112	\N	ys1imglo4bgvx1js53ad	38
113	\N	scthopfifvtiabhbzfu0	39
114	\N	j6zovqsuwz2qpxuzor6f	39
115	\N	saeq7ldung3xbfmldxzg	39
116	\N	nfdx5aglfbn8tyst2flr	40
117	\N	fhffr4fc8dqhsrsdgzit	40
118	\N	fsgdbtdekbgrfvbooxst	40
119	\N	fj6zscwhfu30gsuhktds	40
120	\N	ix66oop1xat7tmvkmrzu	40
121	\N	en9gvnlavezouwmgwy2b	41
122	\N	bswaj8oxphx8ykzpv5sg	41
123	\N	skbhd8yoopwlthlspyrm	41
124	\N	jzbzcpenkon4edypptxd	41
125	\N	nnhxskdti5edtco8blka	41
126	\N	ndgkauz7bmrpkiwn5tai	42
127	\N	vrinutktrqft8syfmdme	42
128	\N	zxrrqdqrodnjnfuzy0uy	42
129	\N	pq7epmem2kmmatywnl2v	42
130	\N	kbkyuplxsyh7u8pg0htm	42
131	\N	efnzbymn42gmeg2rad6q	43
132	\N	ny5jcc8rizorb0ainei0	43
133	\N	wqrdskyll3ve8ux9tozo	43
134	\N	ubzozgml6zs2agpaliq3	43
135	\N	wrtrixdxdk5qtqfws6v1	43
136	\N	iiwyi3njn08ab3yon751	43
137	\N	jklhyvqgrlchazmhmzaj	44
138	\N	mtbvqrfuwdankjccmxkd	44
139	\N	pvnlte8nrkxhiwxbutnq	44
140	\N	e7gsrcpzqenxfztwrlqa	44
141	\N	sk2u9gecfguo2lbgqgfv	44
142	\N	mihyruruxcnozgmqgc5f	45
143	\N	byztzrluomalmwm9fm6z	45
144	\N	mlnsjken3eog7sezljsz	45
145	\N	ntqocgxln9puieqnabqc	45
146	\N	uffprsxbtf9zihnwibqp	45
147	\N	bvoqve1xbfolbxk1sc38	46
148	\N	vun1skanuamyvn4cpla7	46
149	\N	wsidku6704ybuzpkfl5l	46
150	\N	xuwkxsk2kczs8o4fhphg	46
151	\N	berfe0kewcmrfejf4kvj	46
152	\N	qtpglat7vp8tj01ccgfk	47
153	\N	gykbi7mq7n5vxloveqgm	47
154	\N	h9liggsrgqeowsadnpjd	47
155	\N	hunool04uvmdus8akko2	47
156	\N	qwsokacgtt6wekuparm7	48
157	\N	xsdchsoanek23yxz4ynv	48
158	\N	vrb9mzi13bxvdsirkmly	48
159	\N	e8u9cupvpv2f6rbe3j79	48
160	\N	csugokb3crd6upmouf87	48
161	\N	pxljfb2h3mcekx2xt6kf	49
162	\N	jy4jdrwvgay8dscukmbf	49
163	\N	yb8jjnhcyecedyp5w1sw	49
164	\N	ntx1tbkponp42nyj3hch	49
165	\N	lmtupzogczju9p2l8ynj	50
166	\N	wvgkn6j06cbvfounax5t	50
167	\N	btckop2fksgypxuu4qkl	50
168	\N	s6etieedicdwxvmyqxwf	50
169	\N	jiragw8gvvbxwuutugrn	50
170	\N	zhv4kxk7jzkpc5qr6wsy	51
171	\N	ifmzu0gqva8cjazxeb5k	51
172	\N	ygels6wqcwiwrtfojlr2	51
173	\N	u2zdz25t0qgz49ql8jss	51
174	\N	ceiivvy08t7b1uexm7ag	51
175	\N	b45keykwtm2i05tlnvho	52
176	\N	ddwjhfsjgabaqkkerpyq	52
177	\N	rbkmvzmp1skbf1pjndjw	52
178	\N	okkwoj96neohbhufhnn4	52
179	\N	brsgxkiiq1iyg38fn2a5	52
180	\N	dgr0i9vprfpuirfqgg1p	53
181	\N	hlw2kidg4qpe9sttvw8s	53
182	\N	y2mj3lw7dollbqrxzudq	53
183	\N	b7imcj7r5ujizyck5wzg	53
184	\N	mtnflf9cxsvr0bw15sfi	53
185	\N	hbtcrxjkjormd4qc1bzr	54
186	\N	oxeazpuupoxkreofaiye	54
187	\N	hfahonbx04zxmc5pvm1k	54
188	\N	s2whbd3qyapqjfdh3bjb	54
189	\N	focbxmdyyklcdbgo21cp	54
190	\N	zxr1fko9hqr8cbw35i07	55
191	\N	rtpujci4ofoywnwkqcck	55
192	\N	y5j99ivvssodmbfynzww	55
193	\N	hmmb6avufo4eqsqkz70h	55
194	\N	itrcthywgibjhnfwjuex	56
195	\N	ut103klavlnzv7oi91zk	56
196	\N	kckrixmbjsxnqrj43ilv	56
197	\N	zukenjauml7oljxbbcvq	56
198	\N	dhiaes5rpmrlqj46danc	56
199	\N	a3gg08f1ypurasvbcqhw	57
200	\N	xrl822qwslrho5pgjv6r	57
201	\N	xuxoyzqrnioptbknpkwx	58
202	\N	hedj9gfg3q4h3jsjmjmg	58
203	\N	nbbyxyt6jtap0tnvr878	58
204	\N	ztcji45pu1mkkmjmrwym	58
205	\N	wrbqppjokzxquz38dbkc	58
206	\N	axrqyfjhwy5cgsx2jpeo	59
207	\N	xys9c2opp6thqg9sbzk4	59
208	\N	pvnylsbbmccqpnkexkhm	59
209	\N	zjmzkrh3ja5lpp93lrjf	59
210	\N	tzbip9a2yifubdya65ee	59
211	\N	omjrgrd0b5mevomsjo0m	60
212	\N	xzpfm0cw0bmkirqvlptt	60
213	\N	kmlaojtiy2cv9ltdlimo	60
214	\N	bdt2nnqvsobminez5syg	60
215	\N	ikvbgapmhmni9fgbwai2	60
216	\N	lruusttn76xdie2vympq	61
217	\N	ih1tosspirej7f26hmnz	61
218	\N	zn2ipdbubl5kjlc5logm	61
219	\N	ixemy2dtzvscgifqcho8	61
220	\N	c33pbfkgym7mo5ogrlmn	61
221	\N	mkeuud9zguwexklkrudr	62
222	\N	dqdhh7gxzrglozustonb	62
223	\N	vrf5twvghgcth9rkxvuy	62
224	\N	iscbrj5eiwexz1uw84b8	62
225	\N	tjd0lzm3oxjr8galn3ao	62
226	\N	kgsuee9szhkhfceupnmq	63
227	\N	wxkdh6qahr4mt9wuhl5a	63
228	\N	x33ueiibkc9liconbzyd	63
229	\N	mckfd1u0dcn03syycz4i	63
230	\N	nw6aujeydcjm53qfm57y	63
231	\N	giokhjv0qthfeqxe4ag8	64
232	\N	wsi3s0rev2vzpdo5nuj0	64
233	\N	qugy2jowjgfuwjxjidpq	64
234	\N	zpdonzih2ws6ykadlwgy	64
235	\N	awcesjrdtolobqh83qaj	65
236	\N	uw4hq02eb0ngnddws9bt	65
237	\N	njwik5eszamleoozbzew	65
238	\N	zckbmrxgsn1zawkxsaez	65
239	\N	qbsd4e99qd5uzchhexzh	65
240	\N	kqv1rygolxyagwifrqsv	66
241	\N	chgue8zivyxksmmvdbiu	66
242	\N	dhniuz8ewwmcqvgpjxkr	66
243	\N	jga0oqeco7duk2zkbwcw	66
244	\N	iwynuhs38hipd7m6dya6	67
245	\N	niul3pjgjenaqc4f8v4n	67
246	\N	tegiikpmjkuzd5i92ccz	67
247	\N	f0zmzqfv3pzr0rueabi5	68
248	\N	m7ndgqnxkmgqhejng9ot	68
249	\N	alhyt1p6mmqqwdcmsoo6	68
250	\N	dun5boqqfvm9jtnz8hre	68
251	\N	mlc9gvrt3ra3c3hcfk6r	69
252	\N	ayojzoiqzuxkumo49djd	69
253	\N	p9zsbc4dafdcnj5h4cog	69
254	\N	fvp7fmqfquxz4hlb2bnm	69
255	\N	cb6oqlt32ewh9kn68yyk	69
256	\N	ctsspkbx6a6ozimaa3dg	70
257	\N	uj3dqn9nolh2yijiaaed	70
258	\N	gewqm8r16jzuum1gthlb	70
259	\N	oxomivldj54z3urlqo5r	70
260	\N	qngxq08n6q19iuus2qbq	70
261	\N	usbkgjr0jyktdu5zq7le	71
262	\N	hyr6ytgu1qgooaeygke8	71
263	\N	f34lideora2iax7yfiuy	71
264	\N	q1z9ulxtup3wrfulktny	71
265	\N	nss0y0gmavg8koebr5so	71
266	\N	jggjr7ajdottfurogysv	72
267	\N	cxjcuvbnznh15s7nligt	72
268	\N	fh93lxkqhleadty9ysx5	72
269	\N	jdksdhxzh83hgydxlbi9	72
270	\N	f6rjvoeevbyxnrthcbva	72
271	\N	w88swcxazslodblirfy9	73
272	\N	klbzezg0jbqpzom72pbo	73
273	\N	tjujnqgzhvjyczev6okc	73
274	\N	ypdg7kep1ebbwax96qau	73
275	\N	qnjpqqkdhylj1kpl4no4	73
276	\N	gtg246ragswnuhgqhohf	73
277	\N	rbc3bbbnlnihhbf0uyoe	74
278	\N	yxuo5czmeuhhvjvyhsox	74
279	\N	czmvhrw08ajlmcls8cll	74
280	\N	laiemiqmu4a5sqdkuvcy	74
281	\N	farqwgii0jcdjd87x2k1	74
282	\N	obiptptx1z300imu5f1d	75
283	\N	r87elnihyy7voqgrppjp	75
284	\N	r1rz33gx0uvkjkvatyna	75
285	\N	qsiuuzgkd4e4ndseuo9m	75
286	\N	zhib4z7hg7neqxq5putk	75
287	\N	q0zmgobruwokufwmmllq	76
288	\N	wxkjqxbynrbf9qwvugsn	76
289	\N	b3br1jcsln0vdtk77bzg	76
290	\N	sd42zonsrcp71aho6yll	76
291	\N	xc3slisnhynluqos96rq	76
292	\N	hpdhzzeanse4jwt5jztc	77
293	\N	timeetppkhe3njmcuybi	77
294	\N	pksmclmvpdbfxf0xckgs	77
295	\N	ntmeuvw6hff43dciypf2	77
296	\N	utjci5dqq0sxnlrkb2at	78
297	\N	chahkcsaoawagef9zr6n	78
298	\N	ypkdzdxzafk3mf9bh6e7	78
299	\N	pavuuumocrssdsw2xs7u	79
300	\N	wx8tfnrtmg93ev5y04tn	79
301	\N	kkqjaubwjquuk1plizs5	80
302	\N	kemddprzke9mscpscmo3	80
303	\N	zfvvpfic0hzjdsedxv9l	80
304	\N	drruwvd9qe5owvoczs75	80
305	\N	iretrhufhetoncigolrs	81
306	\N	qpwsjmcsyecu4k1jqvib	81
307	\N	zb6cqredewpujxqdwdnk	81
308	\N	k7urir54fjylrfivudjx	81
309	\N	hveifmvgl3tlrooxh7gc	82
310	\N	ppwypwdh1yermerwjn1f	82
311	\N	h5ntji9dcnwjuu9jvkf3	82
312	\N	mrjbzmbhpviukhcwoawo	82
313	\N	ovinmxhlkxjf0ckifcih	82
314	\N	az9ytpjvxccskjaa1icz	83
315	\N	fy89dpawgfxvut5echem	83
316	\N	yzssd6svmcq1ajuojt9g	83
317	\N	lbjpzd9gh975tozvhchi	83
318	\N	pcqvnwhcbw7fmqi7ptqt	83
319	\N	wtx9mqbaupoefizrnqju	84
320	\N	m8wg5a67zdruwe5tgot4	84
321	\N	ojih9idoply7bnhekwmo	84
322	\N	c7jqzbu0y0bjmjdvpivp	84
323	\N	c9c6im2z9i2oegbrsahn	84
324	\N	k4eodc83rlmpybpjtpti	85
325	\N	gbrkqmycyeb3h1t5xvby	85
326	\N	se9dvmbft6keo3lvg8yh	86
327	\N	velsmvwwn7pxnmmcdgth	86
328	\N	rh0mfhh4mo1yzcowcveh	86
329	\N	g7tdyfjznngp2za7yspv	86
330	\N	cyrlriuwolwvxjor85mf	86
331	\N	vmuz3x4rszsbkfbsp4aq	87
332	\N	pnyucmdb7bs4kf805t0u	87
333	\N	jm9oswqk67dvv85obgry	87
334	\N	lavb4diyrjwozk2yg5lz	88
335	\N	i5vl27vjijqzuexcmzpy	88
336	\N	r17hakuzz6zbdfc6lqrr	88
337	\N	oshp45vgujd3da2fjgth	88
338	\N	nzt3opytm3kd6pyfynpq	89
339	\N	btcb3is3mom7dqxrpijg	89
340	\N	dex7gvzdtwctzujy9pj1	89
341	\N	dzklepms8dw3chjaglju	89
342	\N	wnprzsdqwrhhacynldtp	89
343	\N	qqkdpsxrgbg6deyzzuqe	90
344	\N	nh2rzde3z8d4sjqwfnhr	90
345	\N	ycctyxp2vb0ynh5zucoa	90
346	\N	n2bpz5rfst2gwpjnzu3p	90
347	\N	tkdla2xumkwh1j0iq6ph	91
348	\N	lvnyjpehtjuz4scuzxyi	91
349	\N	tksojfxmi4fyhqjek7je	91
350	\N	fvga2gfltaisrb4xaeol	91
351	\N	thqb1hpwytnlbfptu92k	91
352	\N	pa61jlbehalp3fjjdpqk	92
353	\N	pbzsl3lbcvjsyvo3fa6t	92
354	\N	hmsuz8eowx0do62sg1zb	92
355	\N	j4euzl72p9slbfqp9izq	92
356	\N	yxphdlorghsj6qtifuur	93
357	\N	ccmw2fpqo59jkbwpatto	93
358	\N	lncukpwre9cykdwefnjw	93
359	\N	etuwdvayfao8mdubcddb	94
360	\N	ogzdlnu0x8vsgbt4hng4	94
361	\N	zmzfnptgmq2bfbmfqtx4	94
362	\N	opsxg72xwhw92kdfkee9	94
363	\N	xedqmx7cddop9rftiok9	95
364	\N	pwt7chijnlvd4kzbksqz	96
365	\N	wwhj27pb3lth2wzejbbp	97
366	\N	nxqifxetsxw7b5p3qggk	97
367	\N	bkz2wkaaf3udtoyudeyj	97
368	\N	t9qop8uisbdk7cy0hmvr	97
369	\N	orcrcqmrgcqsuehyvpca	97
370	\N	s305qwzeo8t1cwmcvpm1	98
371	\N	t11d37lcvsur5d3g8nc5	98
372	\N	s7o1qtpgcgkkumdzzbyv	98
373	\N	g4utrjzhsp9hg167p7xw	98
374	\N	r3fjvy4x0rcls3nhy8c4	98
375	\N	jmunohsnitzh34h4srlf	99
376	\N	pfjlarhxeuchmqz1a3tp	99
377	\N	sviov6h7w5o6obz1keom	99
378	\N	ojqasyihotnc7kb882hj	99
379	\N	cbs0vpype1ihelrihswk	99
380	\N	k1mdtkpzd76nfyiivvub	100
381	\N	i2rh6ubaxkcbsbb0kmou	100
382	\N	f1ovbex0feeweqpnpnwv	100
383	\N	ucw2zr9as3hx96fpj6yn	100
384	\N	ov6deygl06qjxl3iscif	100
385	\N	e1e8frumt0ir0yqlfolp	101
386	\N	lan64xn772lhfuegndfy	101
387	\N	mpmf3xmnslpc2rgnali9	101
388	\N	n1jr5bejet9s6nbqengr	102
389	\N	kl6su8j7hyigqevahh66	102
390	\N	cbtlyyf6vt4nrgxbotc7	102
391	\N	ujmjzzgbjzewpxjhdl2n	103
392	\N	ng56imcgg02mzgotzsxn	103
393	\N	vt8khtciolhzvzz2cyfz	103
394	\N	goqzbkdue89dhml8bpy1	103
395	\N	lolk9ampott5jczssns0	103
396	\N	r499smiaypsjybax9vfm	104
397	\N	xaugdbit4qjgejnhxgin	104
398	\N	gtzobhaespgwdkbxtf59	104
399	\N	yiixcnxadgffu78p2bnk	104
400	\N	wkspjt8db7j9yfwxsz7d	104
401	\N	ix7bbouysv1mkfbvvzbx	105
402	\N	nsyjjfay6ieybwci30tm	105
403	\N	swe6vepmckzvtu5nyexi	105
404	\N	wj9i2sdhzguxe5hfqahx	105
405	\N	n6oyntq4g3do4rqk7kxv	105
406	\N	nsjg7bdkrnpuawgx2dvj	106
407	\N	w7l6dtkevlxzvu5twycr	106
408	\N	mkxsvoa3ywlprkc8jhxd	106
409	\N	qkgbmlpozovfuh0b9exp	106
410	\N	hujwrrbpjj8zviqfbtda	106
411	\N	lbuvy4jfwxzanz1jhwpi	107
412	\N	io77gtp3a23iw7hohiey	107
413	\N	xmrrhntqcppgojznzyzx	107
414	\N	cqub3sdy6mexlrfjvxad	107
415	\N	j6rmmoowuvuitnwusdfm	107
416	\N	rjrcy6cyxdtbkqjweirr	108
417	\N	p1lzzo4juamed4tfmwkr	108
418	\N	ps6nfyp2bjpqkbt6lcsr	108
419	\N	g717b3tvpqbfhdfdnweq	108
420	\N	axcpacrtapngds903izg	108
421	\N	xqavtswfplev39izhhpe	109
422	\N	jkjq2a25ikaarmyq21rv	109
423	\N	gc7hgojh6ues5sd4zu7f	109
424	\N	ekdebhhbvdebdcfdrnrb	109
425	\N	fnx86bxomzygcuhzulyp	110
426	\N	p38jqbuosa0gy6muqm7w	110
427	\N	awbsdpgebrv5g8jusbkl	110
428	\N	zkmplu3nogy3ya51zreb	110
429	\N	imircfsjckuxvbfggrxq	110
430	\N	wyfyldv9o1y5rqrqwyx6	111
431	\N	qmltcwelxc03fx4av7xu	111
432	\N	e2evirucztspgigbwjaw	111
433	\N	ahrs8q0yufuzubwcvo2n	111
434	\N	zksxq14raiwwdw3fsix8	112
435	\N	ksmurslftknyshyet4tv	112
436	\N	kju5layjm2ue7y67h57d	112
437	\N	zhuksec6dz0u5ezimulw	112
438	\N	dlybqlussmkttirkk3rk	112
439	\N	yesehllctywpmukvypfk	113
440	\N	ufdyv3coxbjfclh6txl5	113
441	\N	uav5tysexjtkqfe2n1fh	113
442	\N	maeupkrk6lhdix1gykqn	113
443	\N	bl20bevvet4mpvtoza76	113
444	\N	ptfymawasauied8jeotz	114
445	\N	dgftniqviq7l5medqdrn	114
446	\N	ingrq1z0evwsj8rakthd	114
447	\N	bzybzm3f3fhefpwzusyi	114
448	\N	s9dqyuy7ktiwgv1rk86w	114
449	\N	v5hfazbpqop58kpyaion	115
450	\N	urhsaakzd9veze7uqvhj	115
451	\N	rytgcq2ftfqxxvjqroqh	115
452	\N	l0uraaqh8slws3kodiq6	115
453	\N	mnz2vjnbxwipne6temlc	115
454	\N	rn6kah8oywwgyvqlqvbm	116
455	\N	jfluiudyzguwwdewtjjw	116
456	\N	hop6distjokuwchbsncq	116
457	\N	irptx6ttytv0nhb5lqoj	116
458	\N	wtsnwntaayfr31zliji7	116
459	\N	f3niasbthu7hw5f4nntk	117
460	\N	p0ydat9tgqd9hexyateb	117
461	\N	q7f7cf5qqcxmrfkfscal	117
462	\N	ggtc6qtdbxxjsayufcxc	117
463	\N	xlp7wdwfsz7vxobsbldg	118
464	\N	cifpkdcb5gfhgmqis3ay	119
\.


--
-- Data for Name: products_product; Type: TABLE DATA; Schema: public; Owner: postgres
--

COPY public.products_product (id, name, price_currency, price, category_id, discount_id, description, slug) FROM stdin;
3	Acer Predator Triton 500 SE	USD	2900.0000	2	2	\N	acer-predator-triton-500-se
5	OnePlus 10 Pro | 5G Android Smartphone	USD	697.1700	1	4	\N	oneplus-10-pro-5g-android-smartphone
6	iPhone 13 Pro Max	USD	1101.0000	1	5	\N	iphone-13-pro-max
7	Samsung Galaxy S20 FE 5G	USD	550.0000	1	6	\N	samsung-galaxy-s20-fe-5g
8	SAMSUNG Galaxy Z Fold 3 5G Cell Phone	USD	1144.0000	1	7	\N	samsung-galaxy-z-fold-3-5g-cell-phone
9	OnePlus Nord N200 | 5G	USD	189.9900	1	8	\N	oneplus-nord-n200-5g
44	Flying Wooden Bird	USD	51.0000	12	32	{"delta": "", "html": "Package Include 6 Birds with Adhesive Tape Shape: 3D Shaped Wooden Birds Material: Wooden MDF, Laminated 3.5mm"}	flying-wooden-bird
45	3D Embellishment Art Lamp	USD	20.0000	12	37	{"delta": "", "html": "3D led lamp sticker Wall sticker 3d wall art light on/off button  cell operated (included)"}	3d-embellishment-art-lamp
46	Handcraft Chinese style	USD	60.0000	12	38	{"delta": "", "html": "Handcraft Chinese style art luxury palace hotel villa mansion home decor ceramic vase with brass fruit plate"}	handcraft-chinese-style
47	Key Holder	USD	30.0000	12	39	{"delta": "", "html": "Attractive DesignMetallic materialFour key hooksReliable & DurablePremium Quality"}	key-holder
48	Mornadi Velvet Bed	USD	40.0000	13	40	{"delta": "", "html": "Mornadi Velvet Bed Base with Headboard Slats Support Classic Style Bedroom Furniture Bed Set"}	mornadi-velvet-bed
49	Sofa for Coffe Cafe	USD	50.0000	13	41	{"delta": "", "html": "Ratttan Outdoor furniture Set Waterproof  Rattan Sofa for Coffe Cafe"}	sofa-for-coffe-cafe
50	3 Tier Corner Shelves	USD	700.0000	13	40	{"delta": "", "html": "3 Tier Corner Shelves | 3 PCs Wall Mount Kitchen Shelf | Floating Bedroom Shelf"}	3-tier-corner-shelves
51	Plastic Table	USD	50.0000	13	42	{"delta": "", "html": "V\\ufeffery good quality plastic table for multi purpose now in reasonable price"}	plastic-table
52	3 DOOR PORTABLE	USD	41.0000	13	43	{"delta": "", "html": "Material: Stainless Steel and Fabric  Item Size: 110 cm x 45 cm x 175 cm Package Contents: 1 Storage Wardrobe"}	3-door-portable
53	Sleeve Shirt Womens	USD	90.0000	14	44	{"delta": "", "html": "Cotton Solid Color Professional Wear Sleeve Shirt Womens Work Blouses Wholesale Clothing Casual Plain Custom Top OEM Customized"}	sleeve-shirt-womens
54	ank Tops for Womens/Girls	USD	50.0000	14	45	{"delta": "", "html": "PACK OF 3 CAMISOLES ,VERY COMFORTABLE SOFT COTTON STUFF, COMFORTABLE IN ALL FOUR SEASONS"}	ank-tops-for-womensgirls
55	sublimation plain kids tank	USD	100.0000	14	46	{"delta": "", "html": "sublimation plain kids tank tops wholesale"}	sublimation-plain-kids-tank
56	Women Sweaters Wool	USD	600.0000	14	47	{"delta": "", "html": "2021 Custom Winter Fall Zebra Knit Crop Top Women Sweaters Wool Mohair Cos Customize Crew Neck Women' S Crop Top Sweater"}	women-sweaters-wool
57	women winter clothes	USD	57.0000	14	48	{"delta": "", "html": "women winter clothes thick fleece hoodie top with sweat pantjogger women sweatsuit set joggers pants two piece pants set"}	women-winter-clothes
58	NIGHT SUIT	USD	55.0000	15	49	{"delta": "", "html": "NIGHT SUIT RED MICKY MOUSE..  For Girls. Fantastic Suits."}	night-suit
59	Stiched Kurta plus trouser	USD	80.0000	15	50	{"delta": "", "html": "FABRIC: LILEIN CHEST: 21 LENGHT: 37 TROUSER: (38) :ARABIC LILEIN"}	stiched-kurta-plus-trouser
60	frock gold printed	USD	600.0000	15	51	{"delta": "", "html": "Ghazi fabric long frock gold printed ready to wear stitched collection (G992)"}	frock-gold-printed
61	Ladies Multicolored Dress	USD	79.0000	15	52	{"delta": "", "html": "This classy shirt for women gives you a gorgeous look on everyday wear and specially for semi-casual wears."}	ladies-multicolored-dress
62	Malai Maxi Dress	USD	50.0000	15	53	{"delta": "", "html": "Ready to wear, Unique design according to modern standard fashion, Best fitting ,Imported stuff"}	malai-maxi-dress
63	women's shoes	USD	40.0000	16	54	{"delta": "", "html": "Close: Lace, Style with bottom: Increased inside, Sole Material: Rubber"}	womens-shoes
64	Sneaker shoes	USD	120.0000	16	55	{"delta": "", "html": "Synthetic Leather Casual Sneaker shoes for Women/girls Sneakers For Women"}	sneaker-shoes
65	Women Strip Heel	USD	40.0000	16	56	{"delta": "", "html": "Features: Flip-flops, Mid Heel, Comfortable, Striped Heel, Antiskid, Striped"}	women-strip-heel
66	Chappals & Shoe Ladies Metallic	USD	23.0000	16	57	{"delta": "", "html": "Womens Chappals & Shoe Ladies Metallic Tong Thong Sandal Flat Summer 2020 Maasai Sandals"}	chappals-shoe-ladies-metallic
67	Women Shoes	USD	36.0000	16	58	{"delta": "", "html": "2020 New Arrivals Genuine Leather Fashion Trend Platform Summer Women Shoes"}	women-shoes
68	half sleeves T shirts	USD	23.0000	17	59	{"delta": "", "html": "Many store is creating new designs and trend every month and every year. Daraz.pk have a beautiful range of men fashion brands"}	half-sleeves-t-shirts
69	FREE FIRE T Shirt	USD	10.0000	17	60	{"delta": "", "html": "quality and professional print - It doesn't just look high quality, it is high quality."}	free-fire-t-shirt
70	printed high quality T shirts	USD	35.0000	17	61	{"delta": "", "html": "Brand: vintage Apparel ,Export quality"}	printed-high-quality-t-shirts
71	Pubg Printed Graphic T-Shirt	USD	46.0000	17	62	{"delta": "", "html": "Product Description Features: 100% Ultra soft Polyester Jersey. Vibrant & colorful printing on front. Feels soft as cotton without ever cracking"}	pubg-printed-graphic-t-shirt
10	ONEPLUS 10T | Moonstone Black | 5G	USD	549.9900	1	\N	{"delta":"","html":""}	oneplus-10t-moonstone-black-5g
4	TCL 32-inch Class 3-Series HD LED Smart Android TV	USD	200.0000	\N	3	\N	tcl-32-inch-class-3-series-hd-led-smart-android-tv
2	SAMSUNG Galaxy S22+ Cell Phone	USD	910.0000	1	1	{"delta":"{\\"ops\\":[{\\"insert\\":\\"6.6\\\\\\", 1080 x 2340pixels, Infinity-O FHD+ Dynamic AMOLED 2X Display, 4500mAh Battery, Wireless Powershare\\"},{\\"attributes\\":{\\"list\\":\\"bullet\\"},\\"insert\\":\\"\\\\n\\"},{\\"insert\\":\\"128GB ROM, 8GB RAM, No SD Card Slot, Qualcomm SM8450 Snapdragon 8 Gen 1 (4 nm), Octa-Core, Adreno 730\\"},{\\"attributes\\":{\\"list\\":\\"bullet\\"},\\"insert\\":\\"\\\\n\\"},{\\"insert\\":\\"Rear Camera: 50MP, f/1.8 + 10MP, f/2.4 + 12MP, f/2.2, Front Camera: 10 MP, f/2.2, Android 12, One UI 4.1\\"},{\\"attributes\\":{\\"list\\":\\"bullet\\"},\\"insert\\":\\"\\\\n\\"},{\\"insert\\":\\"2G: GSM 850/900/1800/1900, CDMA 800/1900, 3G: HSDPA 850/900/1700(AWS)/1900/2100, CDMA2000 1xEV-DO, 4G LTE: 1/2/3/4/5/7/8/12/13/14/18/19/20/25/26/28/29/30/38/39/40/41/46/48/66/71, 5G: 1/3/5/7/8/20/28/38/41/66/71/260/261SA/NSA/Sub6/mmWave - Single SIM\\"},{\\"attributes\\":{\\"list\\":\\"bullet\\"},\\"insert\\":\\"\\\\n\\"},{\\"insert\\":\\"No Warranty. Compatible with Most GSM and CDMA Carriers like T-Mobile, AT&T, MetroPCS, etc. Will Also work with CDMA Carriers Such as Verizon, Sprint.\\"},{\\"attributes\\":{\\"list\\":\\"bullet\\"},\\"insert\\":\\"\\\\n\\"}]}","html":"<ul><li>6.6\\", 1080 x 2340pixels, Infinity-O FHD+ Dynamic AMOLED 2X Display, 4500mAh Battery, Wireless Powershare</li><li>128GB ROM, 8GB RAM, No SD Card Slot, Qualcomm SM8450 Snapdragon 8 Gen 1 (4 nm), Octa-Core, Adreno 730</li><li>Rear Camera: 50MP, f/1.8 + 10MP, f/2.4 + 12MP, f/2.2, Front Camera: 10 MP, f/2.2, Android 12, One UI 4.1</li><li>2G: GSM 850/900/1800/1900, CDMA 800/1900, 3G: HSDPA 850/900/1700(AWS)/1900/2100, CDMA2000 1xEV-DO, 4G LTE: 1/2/3/4/5/7/8/12/13/14/18/19/20/25/26/28/29/30/38/39/40/41/46/48/66/71, 5G: 1/3/5/7/8/20/28/38/41/66/71/260/261SA/NSA/Sub6/mmWave - Single SIM</li><li>No Warranty. Compatible with Most GSM and CDMA Carriers like T-Mobile, AT&amp;T, MetroPCS, etc. Will Also work with CDMA Carriers Such as Verizon, Sprint.</li></ul>"}	samsung-galaxy-s22-cell-phone
23	MacBook Pro	USD	1749.0000	2	16	{"delta": "", "html": "MacBook Pro 2021 with mini-LED display may launch between September, November"}	macbook-pro
24	Samsung Galaxy Book	USD	1499.0000	2	17	{"delta": "", "html": "Samsung Galaxy Book S (2020) Laptop With Intel Lakefield Chip, 8GB of RAM Launched"}	samsung-galaxy-book
25	Microsoft Surface Laptop 4	USD	1499.0000	2	18	{"delta": "", "html": "Style and speed. Stand out on HD video calls backed by Studio Mics. Capture ideas on the vibrant touchscreen."}	microsoft-surface-laptop-4
26	Infinix INBOOK	USD	1099.0000	2	19	{"delta": "", "html": "Infinix Inbook X1 Ci3 10th 8GB 256GB 14 Win10 Grey \\u2013 1 Year Warranty"}	infinix-inbook
27	HP Pavilion 15-DK1056WM	USD	1099.0000	2	20	{"delta": "", "html": "HP Pavilion 15-DK1056WM Gaming Laptop 10th Gen Core i5, 8GB, 256GB SSD, GTX 1650 4GB, Windows 10"}	hp-pavilion-15-dk1056wm
28	perfume Oil	USD	13.0000	9	21	{"delta": "", "html": "Mega Discount, Impression of Acqua Di Gio by GiorgioArmani concentrated attar perfume Oil"}	perfume-oil
29	Brown Perfume	USD	40.0000	9	22	{"delta": "", "html": "Royal_Mirage Sport Brown Perfume for Men & Women - 120ml"}	brown-perfume
30	Fog Scent Xpressio Perfume	USD	13.0000	9	23	{"delta": "", "html": "Product details of Best Fog Scent Xpressio Perfume 100ml For Men cool long lasting perfumes for Men"}	fog-scent-xpressio-perfume
31	Non-Alcoholic Concentrated Perfume Oil	USD	120.0000	9	24	{"delta": "", "html": "Original Al Munakh\\u00ae by Mahal Al Musk | Our Impression of Climate | 6ml Non-Alcoholic Concentrated Perfume Oil"}	non-alcoholic-concentrated-perfume-oil
32	Eau De Perfume Spray	USD	30.0000	9	25	{"delta": "", "html": "Genuine  Al-Rehab spray perfume from UAE/Saudi Arabia/Yemen High Quality"}	eau-de-perfume-spray
33	Hyaluronic Acid Serum	USD	19.0000	10	26	{"delta": "", "html": "L'Or\\u00c3\\u00a9al Paris introduces Hyaluron Expert Replumping Serum formulated with 1.5% Hyaluronic Acid"}	hyaluronic-acid-serum
34	Tree Oil 30ml	USD	12.0000	10	27	{"delta": "", "html": "Tea tree oil contains a number of compounds, including terpinen-4-ol, that have been shown to kill certain bacteria,"}	tree-oil-30ml
35	Oil Free Moisturizer 100ml	USD	40.0000	10	28	{"delta": "", "html": "Dermive Oil Free Moisturizer with SPF 20 is specifically formulated with ceramides, hyaluronic acid & sunscreen."}	oil-free-moisturizer-100ml
36	Skin Beauty Serum.	USD	46.0000	10	29	{"delta": "", "html": "Product name: rorec collagen hyaluronic acid white face serum riceNet weight: 15 m"}	skin-beauty-serum
37	Freckle Treatment Cream- 15gm	USD	70.0000	10	30	{"delta": "", "html": "Fair & Clear is Pakistan's only pure Freckle cream which helpsfade Freckles, Darkspots and pigments. Mercury level is 0%, so there are no side effects."}	freckle-treatment-cream-15gm
38	- Daal Masoor 500 grams	USD	20.0000	11	31	{"delta": "", "html": "Fine quality Branded Product Keep in a cool and dry place"}	daal-masoor-500-grams
39	Elbow Macaroni - 400 gm	USD	14.0000	11	32	{"delta": "", "html": "Product details of Bake Parlor Big Elbow Macaroni - 400 gm"}	elbow-macaroni-400-gm
40	Orange Essence Food Flavou	USD	14.0000	11	33	{"delta": "", "html": "Specifications of Orange Essence Food Flavour For Cakes and Baking Food Item"}	orange-essence-food-flavou
41	cereals muesli fruit nuts	USD	46.0000	11	34	{"delta": "", "html": "original fauji cereal muesli 250gm box pack original fauji cereals muesli fruit nuts flakes breakfast cereal break fast faujicereals cerels cerel foji fouji"}	cereals-muesli-fruit-nuts
42	Gulab Powder 50 Gram	USD	70.0000	11	35	{"delta": "", "html": "Dry Rose Flower Powder Gulab Powder 50 Gram \\u2022 Treats Wounds"}	gulab-powder-50-gram
43	Plant Hanger For Home	USD	41.0000	12	36	{"delta": "", "html": "Boho Decor Plant Hanger For Home Wall Decoration Macrame Wall Hanging Shelf"}	plant-hanger-for-home
72	Money Heist Printed Summer T Shirts	USD	66.0000	17	63	{"delta": "", "html": "Fabric Jercy, Size: M & L Wear Stylish Dual Stiched"}	money-heist-printed-summer-t-shirts
73	Sneakers Joggers Shoes	USD	40.0000	18	64	{"delta": "", "html": "Gender: Men , Colors: Same as DisplayedCondition: 100% Brand New"}	sneakers-joggers-shoes
74	Loafers for men	USD	47.0000	18	65	{"delta": "", "html": "Men Shoes - Loafers for men - Rubber Shoes - Nylon Shoes - Shoes for men - Moccassion - Pure Nylon (Rubber) Expot Quality."}	loafers-for-men
75	formal offices shoes	USD	57.0000	18	66	{"delta": "", "html": "Pattern Type: Solid, Material: PU, Toe Shape: Pointed Toe ,Outsole Material: Rubber"}	formal-offices-shoes
76	Spring and summershoes	USD	20.0000	18	67	{"delta": "", "html": "Comfortable stretch cloth, lightweight body; ,rubber sole, anti-skid wear;"}	spring-and-summershoes
77	Stylish Casual Jeans Shoes	USD	58.0000	18	68	{"delta": "", "html": "High Quality ,Stylish design ,Comfortable wear ,FAshion ,Durable"}	stylish-casual-jeans-shoes
78	Leather Straps Wristwatch	USD	120.0000	19	69	{"delta": "", "html": "Style:Sport ,Clasp:Buckles ,Water Resistance Depth:3Bar"}	leather-straps-wristwatch
79	Waterproof Leather Brand Watch	USD	46.0000	19	70	{"delta": "", "html": "Watch Crown With Environmental IPS Bronze Electroplating; Display system of 12 hours"}	waterproof-leather-brand-watch
80	Royal Blue Premium Watch	USD	50.0000	19	71	{"delta": "", "html": "Men Silver Chain Royal Blue Premium Watch Latest Analog Watch"}	royal-blue-premium-watch
81	Leather Strap Skeleton Watch	USD	46.0000	19	72	{"delta": "", "html": "Leather Strap Skeleton Watch for Men - Stylish and Latest Design"}	leather-strap-skeleton-watch
82	Stainless Steel Wrist Watch	USD	47.0000	19	73	{"delta": "", "html": "Stylish Watch For Man (Luxury) Classy Men's Stainless Steel Wrist Watch - Box Packed"}	stainless-steel-wrist-watch
83	Steel Analog Couple Watches	USD	35.0000	20	74	{"delta": "", "html": "Elegant design, Stylish ,Unique & Trendy,Comfortable wear"}	steel-analog-couple-watches
84	Fashion Magnetic Wrist Watch	USD	60.0000	20	75	{"delta": "", "html": "Buy this awesome  The product is originally manufactured by the company and it's a top selling product with a very reasonable"}	fashion-magnetic-wrist-watch
85	Stylish Luxury Digital Watch	USD	57.0000	20	76	{"delta": "", "html": "Stylish Luxury Digital Watch For Girls / Women - Led Smart Ladies Watches For Girls"}	stylish-luxury-digital-watch
86	Golden Watch Pearls Bracelet Watch	USD	47.0000	20	77	{"delta": "", "html": "Product details of Golden Watch Pearls Bracelet Watch For Girls - Golden Chain Ladies Bracelate Watch for Women"}	golden-watch-pearls-bracelet-watch
87	Stainless Steel Women	USD	35.0000	20	78	{"delta": "", "html": "Fashion Skmei 1830 Shell Dial Stainless Steel Women Wrist Watch Lady Bracelet Watch Quartz Watches Ladies"}	stainless-steel-women
88	Women Shoulder Bags	USD	46.0000	21	79	{"delta": "", "html": "LouisWill Women Shoulder Bags Long Clutches Cross Body Bags Phone Bags PU Leather Hand Bags Large Capacity Card Holders Zipper Coin Purses Fashion Crossbody Bags for Girls Ladies"}	women-shoulder-bags
89	Handbag For Girls	USD	23.0000	21	80	{"delta": "", "html": "This fashion is designed to add a charming effect to your casual outfit. This Bag is made of synthetic leather."}	handbag-for-girls
90	Fancy hand clutch	USD	44.0000	21	81	{"delta": "", "html": "This fashion is designed to add a charming effect to your casual outfit. This Bag is made of synthetic leather."}	fancy-hand-clutch
91	Leather Hand Bag	USD	57.0000	21	82	{"delta": "", "html": "It features an attractive design that makes it a must have accessory in your collection. We sell different kind of bags for boys, kids, women, girls and also for unisex."}	leather-hand-bag
92	Seven Pocket Women Bag	USD	68.0000	21	83	{"delta": "", "html": "Seven Pocket Women Bag Handbags Lady Shoulder Crossbody Bag Female Purse Seven Pocket Bag"}	seven-pocket-women-bag
93	Silver Ring Set Women	USD	70.0000	22	84	{"delta": "", "html": "Jewelry Type:RingsCertificate Type:NonePlating:Silver PlatedShapeattern:noneStyle:CLASSICReligious"}	silver-ring-set-women
94	Rose Ring	USD	100.0000	22	85	{"delta": "", "html": "Brand: The Greetings Flower Colour: RedRing Colour: GoldenSize: Adjustable"}	rose-ring
95	Rhinestone Korean Style Open Rings	USD	30.0000	22	86	{"delta": "", "html": "Fashion Jewellery 3Pcs Adjustable Pearl Rhinestone Korean Style Open Rings For Women"}	rhinestone-korean-style-open-rings
96	Elegant Female Pearl Earrings	USD	30.0000	22	87	{"delta": "", "html": "Elegant Female Pearl Earrings Set Zircon Pearl Earings Women Party Accessories 9 Pairs/Set"}	elegant-female-pearl-earrings
97	Chain Pin Tassel Earrings	USD	45.0000	22	88	{"delta": "", "html": "Pair Of Ear Cuff Butterfly Long Chain Pin Tassel Earrings - Silver ( Long Life Quality Product)"}	chain-pin-tassel-earrings
98	Round Silver Frame Sun Glasses	USD	19.0000	23	89	{"delta": "", "html": "A pair of sunglasses can protect your eyes from being hurt. For car driving, vacation travel, outdoor activities, social gatherings,"}	round-silver-frame-sun-glasses
99	Kabir Singh Square Sunglass	USD	50.0000	23	24	{"delta": "", "html": "Orignal Metal Kabir Singh design 2020 Sunglasses Men Brand Designer Sun Glasses Kabir Singh Square Sunglass"}	kabir-singh-square-sunglass
100	Wiley X Night Vision Yellow Glasses	USD	30.0000	23	90	{"delta": "", "html": "Wiley X Night Vision Yellow Glasses for Riders - Night Vision Anti Fog Driving Glasses - Free Night Glass Cover - Shield Eyes From Dust and Virus- For Night Sport Matches"}	wiley-x-night-vision-yellow-glasses
101	Square Sunglasses	USD	28.0000	23	91	{"delta": "", "html": "Fashion Oversized Square Sunglasses Retro Gradient Big Frame Sunglasses For Women One Piece Gafas Shade Mirror Clear Lens 17059"}	square-sunglasses
102	LouisWill Men Sunglasses	USD	50.0000	23	92	{"delta": "", "html": "LouisWill Men Sunglasses Polarized Sunglasses UV400 Sunglasses Day Night Dual Use Safety Driving Night Vision Eyewear AL-MG Frame Sun Glasses with Free Box for Drivers"}	louiswill-men-sunglasses
103	Bluetooth Aux	USD	25.0000	24	93	{"delta": "", "html": "Bluetooth Aux Bluetooth Car Aux Car Bluetooth Transmitter Aux Audio Receiver Handfree Car Bluetooth Music Receiver Universal 3.5mm Streaming A2DP Wireless Auto AUX Audio Adapter With Mic For Phone MP3"}	bluetooth-aux
104	t Temperature Controller Incubator Controller	USD	40.0000	24	94	{"delta": "", "html": "Both Heat and Cool Purpose, Temperature control range; -50 to +110, Temperature measurement accuracy; 0.1, Control accuracy; 0.1"}	t-temperature-controller-incubator-controller
105	TC Reusable Silicone Magic Washing Gloves	USD	29.0000	24	95	{"delta": "", "html": "TC Reusable Silicone Magic Washing Gloves with Scrubber, Cleaning Brush Scrubber Gloves Heat Resistant Pair for Cleaning of Kitchen, Dishes, Vegetables and Fruits, Bathroom, Car Wash, Pet Care and Multipurpose"}	tc-reusable-silicone-magic-washing-gloves
106	Qualcomm original Car Charger	USD	40.0000	24	96	{"delta": "", "html": "best Quality CHarger , Highly Recommended to all best Quality CHarger , Highly Recommended to all"}	qualcomm-original-car-charger
107	Cycle Bike Glow	USD	35.0000	24	97	{"delta": "", "html": "Universal fitment and easy to install no special wires, can be easily installed and removed. Fits most standard tyre air stem valves of road, mountain bicycles, motocycles and cars.Bright led will turn on w"}	cycle-bike-glow
108	Black Motorbike	USD	569.0000	25	98	{"delta": "", "html": "Engine Type:Wet sump, Single Cylinder, Four Stroke, Two Valves, Air Cooled with SOHC (Single Over Head Cam) Chain Drive Bore & Stroke:47.0 x 49.5 MM"}	black-motorbike
109	HOT SALE IN EUROPE electric racing motorcycle	USD	920.0000	25	99	{"delta": "", "html": "HOT SALE IN EUROPE electric racing motorcycle electric motorcycle for sale adult electric motorcycles"}	hot-sale-in-europe-electric-racing-motorcycle
110	Automatic Motor Gas Motorcycles	USD	1050.0000	25	100	{"delta": "", "html": "150cc 4-Stroke Motorcycle Automatic Motor Gas Motorcycles Scooter motorcycles 150cc scooter"}	automatic-motor-gas-motorcycles
111	new arrivals Fashion motocross goggles	USD	900.0000	25	101	{"delta": "", "html": "new arrivals Fashion motocross goggles motorcycle motocross racing motorcycle"}	new-arrivals-fashion-motocross-goggles
112	Wholesale cargo lashing Belt	USD	930.0000	25	102	{"delta": "", "html": "Wholesale cargo lashing Belt Tie Down end Ratchet strap customized strap 25mm motorcycle 1500kgs with rubber handle"}	wholesale-cargo-lashing-belt
113	lighting ceiling kitchen	USD	30.0000	26	103	{"delta": "", "html": "Wholesale slim hanging decorative kid room lighting ceiling kitchen chandeliers pendant light modern"}	lighting-ceiling-kitchen
114	Metal Ceramic Flower	USD	35.0000	26	104	{"delta": "", "html": "Metal Ceramic Flower Chandelier Home Lighting American Vintage Hanging Lighting Pendant Lamp"}	metal-ceramic-flower
115	3 lights lndenpant kitchen islang	USD	34.0000	26	105	{"delta": "", "html": "3 lights lndenpant kitchen islang dining room pendant rice paper chandelier contemporary led pendant light modern chandelier"}	3-lights-lndenpant-kitchen-islang
116	American Vintage Wood Pendant Light	USD	46.0000	26	106	{"delta": "", "html": "American Vintage Wood Pendant Light Farmhouse Antique Hanging Lamp Lampara Colgante"}	american-vintage-wood-pendant-light
117	Crystal chandelier maria theresa for 12 light	USD	47.0000	26	107	{"delta": "", "html": "Crystal chandelier maria theresa for 12 light"}	crystal-chandelier-maria-theresa-for-12-light
118	Apple iPhone 11 Pro Max	USD	689.0000	1	\N	{"delta": "", "html": ""}	apple-iphone-11-pro-max
119	Apple iPhone 12	USD	504.0000	1	\N	{"delta": "", "html": ""}	apple-iphone-12
18	iPhone 9	USD	549.0000	1	11	{"delta": "", "html": "An apple mobile which is nothing like apple"}	iphone-9-5
19	iPhone X	USD	899.0000	1	12	{"delta": "", "html": "SIM-Free, Model A19211 6.5-inch Super Retina HD display with OLED technology A12 Bionic chip with ..."}	iphone-x
20	Samsung Universe 9	USD	1249.0000	1	13	{"delta": "", "html": "Samsung's new variant which goes beyond Galaxy to the Universe"}	samsung-universe-9
21	OPPOF19	USD	280.0000	1	14	{"delta": "", "html": "OPPO F19 is officially announced on April 2021."}	oppof19
22	Huawei P30	USD	499.0000	1	15	{"delta": "", "html": "Huawei\\u2019s re-badged P30 Pro New Edition was officially unveiled yesterday in Germany and now the device has made its way to the UK."}	huawei-p30
\.


--
-- Data for Name: social_auth_association; Type: TABLE DATA; Schema: public; Owner: postgres
--

COPY public.social_auth_association (id, server_url, handle, secret, issued, lifetime, assoc_type) FROM stdin;
\.


--
-- Data for Name: social_auth_code; Type: TABLE DATA; Schema: public; Owner: postgres
--

COPY public.social_auth_code (id, email, code, verified, "timestamp") FROM stdin;
\.


--
-- Data for Name: social_auth_nonce; Type: TABLE DATA; Schema: public; Owner: postgres
--

COPY public.social_auth_nonce (id, server_url, "timestamp", salt) FROM stdin;
\.


--
-- Data for Name: social_auth_partial; Type: TABLE DATA; Schema: public; Owner: postgres
--

COPY public.social_auth_partial (id, token, next_step, backend, data, "timestamp") FROM stdin;
\.


--
-- Data for Name: social_auth_usersocialauth; Type: TABLE DATA; Schema: public; Owner: postgres
--

COPY public.social_auth_usersocialauth (id, provider, uid, extra_data, user_id) FROM stdin;
\.


--
-- Name: RDM_bar_id_seq; Type: SEQUENCE SET; Schema: public; Owner: postgres
--

SELECT pg_catalog.setval('public."RDM_bar_id_seq"', 20, true);


--
-- Name: RDM_dl_bars_id_seq; Type: SEQUENCE SET; Schema: public; Owner: postgres
--

SELECT pg_catalog.setval('public."RDM_dl_bars_id_seq"', 5, true);


--
-- Name: RDM_dl_id_seq; Type: SEQUENCE SET; Schema: public; Owner: postgres
--

SELECT pg_catalog.setval('public."RDM_dl_id_seq"', 4, true);


--
-- Name: RDM_material_id_seq; Type: SEQUENCE SET; Schema: public; Owner: postgres
--

SELECT pg_catalog.setval('public."RDM_material_id_seq"', 3, true);


--
-- Name: RDM_node_id_seq; Type: SEQUENCE SET; Schema: public; Owner: postgres
--

SELECT pg_catalog.setval('public."RDM_node_id_seq"', 20, true);


--
-- Name: RDM_pl_id_seq; Type: SEQUENCE SET; Schema: public; Owner: postgres
--

SELECT pg_catalog.setval('public."RDM_pl_id_seq"', 5, true);


--
-- Name: RDM_pl_nodes_id_seq; Type: SEQUENCE SET; Schema: public; Owner: postgres
--

SELECT pg_catalog.setval('public."RDM_pl_nodes_id_seq"', 7, true);


--
-- Name: RDM_project_id_seq; Type: SEQUENCE SET; Schema: public; Owner: postgres
--

SELECT pg_catalog.setval('public."RDM_project_id_seq"', 5, true);


--
-- Name: RDM_release_id_seq; Type: SEQUENCE SET; Schema: public; Owner: postgres
--

SELECT pg_catalog.setval('public."RDM_release_id_seq"', 4, true);


--
-- Name: RDM_section_id_seq; Type: SEQUENCE SET; Schema: public; Owner: postgres
--

SELECT pg_catalog.setval('public."RDM_section_id_seq"', 5, true);


--
-- Name: RDM_support_id_seq; Type: SEQUENCE SET; Schema: public; Owner: postgres
--

SELECT pg_catalog.setval('public."RDM_support_id_seq"', 5, true);


--
-- Name: auth_group_id_seq; Type: SEQUENCE SET; Schema: public; Owner: postgres
--

SELECT pg_catalog.setval('public.auth_group_id_seq', 1, false);


--
-- Name: auth_group_permissions_id_seq; Type: SEQUENCE SET; Schema: public; Owner: postgres
--

SELECT pg_catalog.setval('public.auth_group_permissions_id_seq', 1, false);


--
-- Name: auth_permission_id_seq; Type: SEQUENCE SET; Schema: public; Owner: postgres
--

SELECT pg_catalog.setval('public.auth_permission_id_seq', 100, true);


--
-- Name: auth_user_groups_id_seq; Type: SEQUENCE SET; Schema: public; Owner: postgres
--

SELECT pg_catalog.setval('public.auth_user_groups_id_seq', 1, false);


--
-- Name: auth_user_id_seq; Type: SEQUENCE SET; Schema: public; Owner: postgres
--

SELECT pg_catalog.setval('public.auth_user_id_seq', 1245, true);


--
-- Name: auth_user_user_permissions_id_seq; Type: SEQUENCE SET; Schema: public; Owner: postgres
--

SELECT pg_catalog.setval('public.auth_user_user_permissions_id_seq', 1, false);


--
-- Name: core_commandhistory_id_seq; Type: SEQUENCE SET; Schema: public; Owner: postgres
--

SELECT pg_catalog.setval('public.core_commandhistory_id_seq', 3, true);


--
-- Name: django_admin_log_id_seq; Type: SEQUENCE SET; Schema: public; Owner: postgres
--

SELECT pg_catalog.setval('public.django_admin_log_id_seq', 56, true);


--
-- Name: django_content_type_id_seq; Type: SEQUENCE SET; Schema: public; Owner: postgres
--

SELECT pg_catalog.setval('public.django_content_type_id_seq', 25, true);


--
-- Name: django_migrations_id_seq; Type: SEQUENCE SET; Schema: public; Owner: postgres
--

SELECT pg_catalog.setval('public.django_migrations_id_seq', 49, true);


--
-- Name: products_category_id_seq; Type: SEQUENCE SET; Schema: public; Owner: postgres
--

SELECT pg_catalog.setval('public.products_category_id_seq', 26, true);


--
-- Name: products_discount_id_seq; Type: SEQUENCE SET; Schema: public; Owner: postgres
--

SELECT pg_catalog.setval('public.products_discount_id_seq', 107, true);


--
-- Name: products_file_id_seq; Type: SEQUENCE SET; Schema: public; Owner: postgres
--

SELECT pg_catalog.setval('public.products_file_id_seq', 464, true);


--
-- Name: products_product_id_seq; Type: SEQUENCE SET; Schema: public; Owner: postgres
--

SELECT pg_catalog.setval('public.products_product_id_seq', 119, true);


--
-- Name: social_auth_association_id_seq; Type: SEQUENCE SET; Schema: public; Owner: postgres
--

SELECT pg_catalog.setval('public.social_auth_association_id_seq', 1, false);


--
-- Name: social_auth_code_id_seq; Type: SEQUENCE SET; Schema: public; Owner: postgres
--

SELECT pg_catalog.setval('public.social_auth_code_id_seq', 1, false);


--
-- Name: social_auth_nonce_id_seq; Type: SEQUENCE SET; Schema: public; Owner: postgres
--

SELECT pg_catalog.setval('public.social_auth_nonce_id_seq', 1, false);


--
-- Name: social_auth_partial_id_seq; Type: SEQUENCE SET; Schema: public; Owner: postgres
--

SELECT pg_catalog.setval('public.social_auth_partial_id_seq', 1, false);


--
-- Name: social_auth_usersocialauth_id_seq; Type: SEQUENCE SET; Schema: public; Owner: postgres
--

SELECT pg_catalog.setval('public.social_auth_usersocialauth_id_seq', 1, false);


--
-- Name: RDM_bar RDM_bar_name_project_id_01126d4c_uniq; Type: CONSTRAINT; Schema: public; Owner: postgres
--

ALTER TABLE ONLY public."RDM_bar"
    ADD CONSTRAINT "RDM_bar_name_project_id_01126d4c_uniq" UNIQUE (name, project_id);


--
-- Name: RDM_bar RDM_bar_pkey; Type: CONSTRAINT; Schema: public; Owner: postgres
--

ALTER TABLE ONLY public."RDM_bar"
    ADD CONSTRAINT "RDM_bar_pkey" PRIMARY KEY (id);


--
-- Name: RDM_dl_bars RDM_dl_bars_dl_id_bar_id_fac8d4f2_uniq; Type: CONSTRAINT; Schema: public; Owner: postgres
--

ALTER TABLE ONLY public."RDM_dl_bars"
    ADD CONSTRAINT "RDM_dl_bars_dl_id_bar_id_fac8d4f2_uniq" UNIQUE (dl_id, bar_id);


--
-- Name: RDM_dl_bars RDM_dl_bars_pkey; Type: CONSTRAINT; Schema: public; Owner: postgres
--

ALTER TABLE ONLY public."RDM_dl_bars"
    ADD CONSTRAINT "RDM_dl_bars_pkey" PRIMARY KEY (id);


--
-- Name: RDM_dl RDM_dl_name_project_id_a7dc8ef3_uniq; Type: CONSTRAINT; Schema: public; Owner: postgres
--

ALTER TABLE ONLY public."RDM_dl"
    ADD CONSTRAINT "RDM_dl_name_project_id_a7dc8ef3_uniq" UNIQUE (name, project_id);


--
-- Name: RDM_dl RDM_dl_pkey; Type: CONSTRAINT; Schema: public; Owner: postgres
--

ALTER TABLE ONLY public."RDM_dl"
    ADD CONSTRAINT "RDM_dl_pkey" PRIMARY KEY (id);


--
-- Name: RDM_material RDM_material_name_project_id_f54461a5_uniq; Type: CONSTRAINT; Schema: public; Owner: postgres
--

ALTER TABLE ONLY public."RDM_material"
    ADD CONSTRAINT "RDM_material_name_project_id_f54461a5_uniq" UNIQUE (name, project_id);


--
-- Name: RDM_material RDM_material_pkey; Type: CONSTRAINT; Schema: public; Owner: postgres
--

ALTER TABLE ONLY public."RDM_material"
    ADD CONSTRAINT "RDM_material_pkey" PRIMARY KEY (id);


--
-- Name: RDM_node RDM_node_name_project_id_b3e792d5_uniq; Type: CONSTRAINT; Schema: public; Owner: postgres
--

ALTER TABLE ONLY public."RDM_node"
    ADD CONSTRAINT "RDM_node_name_project_id_b3e792d5_uniq" UNIQUE (name, project_id);


--
-- Name: RDM_node RDM_node_pkey; Type: CONSTRAINT; Schema: public; Owner: postgres
--

ALTER TABLE ONLY public."RDM_node"
    ADD CONSTRAINT "RDM_node_pkey" PRIMARY KEY (id);


--
-- Name: RDM_pl RDM_pl_name_project_id_c39df6f1_uniq; Type: CONSTRAINT; Schema: public; Owner: postgres
--

ALTER TABLE ONLY public."RDM_pl"
    ADD CONSTRAINT "RDM_pl_name_project_id_c39df6f1_uniq" UNIQUE (name, project_id);


--
-- Name: RDM_pl_nodes RDM_pl_nodes_pkey; Type: CONSTRAINT; Schema: public; Owner: postgres
--

ALTER TABLE ONLY public."RDM_pl_nodes"
    ADD CONSTRAINT "RDM_pl_nodes_pkey" PRIMARY KEY (id);


--
-- Name: RDM_pl_nodes RDM_pl_nodes_pl_id_node_id_13be15b7_uniq; Type: CONSTRAINT; Schema: public; Owner: postgres
--

ALTER TABLE ONLY public."RDM_pl_nodes"
    ADD CONSTRAINT "RDM_pl_nodes_pl_id_node_id_13be15b7_uniq" UNIQUE (pl_id, node_id);


--
-- Name: RDM_pl RDM_pl_pkey; Type: CONSTRAINT; Schema: public; Owner: postgres
--

ALTER TABLE ONLY public."RDM_pl"
    ADD CONSTRAINT "RDM_pl_pkey" PRIMARY KEY (id);


--
-- Name: RDM_project RDM_project_name_user_id_745d0b68_uniq; Type: CONSTRAINT; Schema: public; Owner: postgres
--

ALTER TABLE ONLY public."RDM_project"
    ADD CONSTRAINT "RDM_project_name_user_id_745d0b68_uniq" UNIQUE (name, user_id);


--
-- Name: RDM_project RDM_project_pkey; Type: CONSTRAINT; Schema: public; Owner: postgres
--

ALTER TABLE ONLY public."RDM_project"
    ADD CONSTRAINT "RDM_project_pkey" PRIMARY KEY (id);


--
-- Name: RDM_release RDM_release_name_project_id_27de9510_uniq; Type: CONSTRAINT; Schema: public; Owner: postgres
--

ALTER TABLE ONLY public."RDM_release"
    ADD CONSTRAINT "RDM_release_name_project_id_27de9510_uniq" UNIQUE (name, project_id);


--
-- Name: RDM_release RDM_release_pkey; Type: CONSTRAINT; Schema: public; Owner: postgres
--

ALTER TABLE ONLY public."RDM_release"
    ADD CONSTRAINT "RDM_release_pkey" PRIMARY KEY (id);


--
-- Name: RDM_section RDM_section_name_project_id_98955c2e_uniq; Type: CONSTRAINT; Schema: public; Owner: postgres
--

ALTER TABLE ONLY public."RDM_section"
    ADD CONSTRAINT "RDM_section_name_project_id_98955c2e_uniq" UNIQUE (name, project_id);


--
-- Name: RDM_section RDM_section_pkey; Type: CONSTRAINT; Schema: public; Owner: postgres
--

ALTER TABLE ONLY public."RDM_section"
    ADD CONSTRAINT "RDM_section_pkey" PRIMARY KEY (id);


--
-- Name: RDM_support RDM_support_name_project_id_4523f413_uniq; Type: CONSTRAINT; Schema: public; Owner: postgres
--

ALTER TABLE ONLY public."RDM_support"
    ADD CONSTRAINT "RDM_support_name_project_id_4523f413_uniq" UNIQUE (name, project_id);


--
-- Name: RDM_support RDM_support_pkey; Type: CONSTRAINT; Schema: public; Owner: postgres
--

ALTER TABLE ONLY public."RDM_support"
    ADD CONSTRAINT "RDM_support_pkey" PRIMARY KEY (id);


--
-- Name: auth_group auth_group_name_key; Type: CONSTRAINT; Schema: public; Owner: postgres
--

ALTER TABLE ONLY public.auth_group
    ADD CONSTRAINT auth_group_name_key UNIQUE (name);


--
-- Name: auth_group_permissions auth_group_permissions_group_id_permission_id_0cd325b0_uniq; Type: CONSTRAINT; Schema: public; Owner: postgres
--

ALTER TABLE ONLY public.auth_group_permissions
    ADD CONSTRAINT auth_group_permissions_group_id_permission_id_0cd325b0_uniq UNIQUE (group_id, permission_id);


--
-- Name: auth_group_permissions auth_group_permissions_pkey; Type: CONSTRAINT; Schema: public; Owner: postgres
--

ALTER TABLE ONLY public.auth_group_permissions
    ADD CONSTRAINT auth_group_permissions_pkey PRIMARY KEY (id);


--
-- Name: auth_group auth_group_pkey; Type: CONSTRAINT; Schema: public; Owner: postgres
--

ALTER TABLE ONLY public.auth_group
    ADD CONSTRAINT auth_group_pkey PRIMARY KEY (id);


--
-- Name: auth_permission auth_permission_content_type_id_codename_01ab375a_uniq; Type: CONSTRAINT; Schema: public; Owner: postgres
--

ALTER TABLE ONLY public.auth_permission
    ADD CONSTRAINT auth_permission_content_type_id_codename_01ab375a_uniq UNIQUE (content_type_id, codename);


--
-- Name: auth_permission auth_permission_pkey; Type: CONSTRAINT; Schema: public; Owner: postgres
--

ALTER TABLE ONLY public.auth_permission
    ADD CONSTRAINT auth_permission_pkey PRIMARY KEY (id);


--
-- Name: auth_user_groups auth_user_groups_pkey; Type: CONSTRAINT; Schema: public; Owner: postgres
--

ALTER TABLE ONLY public.auth_user_groups
    ADD CONSTRAINT auth_user_groups_pkey PRIMARY KEY (id);


--
-- Name: auth_user_groups auth_user_groups_user_id_group_id_94350c0c_uniq; Type: CONSTRAINT; Schema: public; Owner: postgres
--

ALTER TABLE ONLY public.auth_user_groups
    ADD CONSTRAINT auth_user_groups_user_id_group_id_94350c0c_uniq UNIQUE (user_id, group_id);


--
-- Name: auth_user auth_user_pkey; Type: CONSTRAINT; Schema: public; Owner: postgres
--

ALTER TABLE ONLY public.auth_user
    ADD CONSTRAINT auth_user_pkey PRIMARY KEY (id);


--
-- Name: auth_user_user_permissions auth_user_user_permissions_pkey; Type: CONSTRAINT; Schema: public; Owner: postgres
--

ALTER TABLE ONLY public.auth_user_user_permissions
    ADD CONSTRAINT auth_user_user_permissions_pkey PRIMARY KEY (id);


--
-- Name: auth_user_user_permissions auth_user_user_permissions_user_id_permission_id_14a6b632_uniq; Type: CONSTRAINT; Schema: public; Owner: postgres
--

ALTER TABLE ONLY public.auth_user_user_permissions
    ADD CONSTRAINT auth_user_user_permissions_user_id_permission_id_14a6b632_uniq UNIQUE (user_id, permission_id);


--
-- Name: auth_user auth_user_username_key; Type: CONSTRAINT; Schema: public; Owner: postgres
--

ALTER TABLE ONLY public.auth_user
    ADD CONSTRAINT auth_user_username_key UNIQUE (username);


--
-- Name: core_commandhistory core_commandhistory_pkey; Type: CONSTRAINT; Schema: public; Owner: postgres
--

ALTER TABLE ONLY public.core_commandhistory
    ADD CONSTRAINT core_commandhistory_pkey PRIMARY KEY (id);


--
-- Name: django_admin_log django_admin_log_pkey; Type: CONSTRAINT; Schema: public; Owner: postgres
--

ALTER TABLE ONLY public.django_admin_log
    ADD CONSTRAINT django_admin_log_pkey PRIMARY KEY (id);


--
-- Name: django_content_type django_content_type_app_label_model_76bd3d3b_uniq; Type: CONSTRAINT; Schema: public; Owner: postgres
--

ALTER TABLE ONLY public.django_content_type
    ADD CONSTRAINT django_content_type_app_label_model_76bd3d3b_uniq UNIQUE (app_label, model);


--
-- Name: django_content_type django_content_type_pkey; Type: CONSTRAINT; Schema: public; Owner: postgres
--

ALTER TABLE ONLY public.django_content_type
    ADD CONSTRAINT django_content_type_pkey PRIMARY KEY (id);


--
-- Name: django_migrations django_migrations_pkey; Type: CONSTRAINT; Schema: public; Owner: postgres
--

ALTER TABLE ONLY public.django_migrations
    ADD CONSTRAINT django_migrations_pkey PRIMARY KEY (id);


--
-- Name: django_session django_session_pkey; Type: CONSTRAINT; Schema: public; Owner: postgres
--

ALTER TABLE ONLY public.django_session
    ADD CONSTRAINT django_session_pkey PRIMARY KEY (session_key);


--
-- Name: products_category products_category_pkey; Type: CONSTRAINT; Schema: public; Owner: postgres
--

ALTER TABLE ONLY public.products_category
    ADD CONSTRAINT products_category_pkey PRIMARY KEY (id);


--
-- Name: products_category products_category_slug_key; Type: CONSTRAINT; Schema: public; Owner: postgres
--

ALTER TABLE ONLY public.products_category
    ADD CONSTRAINT products_category_slug_key UNIQUE (slug);


--
-- Name: products_discount products_discount_pkey; Type: CONSTRAINT; Schema: public; Owner: postgres
--

ALTER TABLE ONLY public.products_discount
    ADD CONSTRAINT products_discount_pkey PRIMARY KEY (id);


--
-- Name: products_file products_file_pkey; Type: CONSTRAINT; Schema: public; Owner: postgres
--

ALTER TABLE ONLY public.products_file
    ADD CONSTRAINT products_file_pkey PRIMARY KEY (id);


--
-- Name: products_product products_product_pkey; Type: CONSTRAINT; Schema: public; Owner: postgres
--

ALTER TABLE ONLY public.products_product
    ADD CONSTRAINT products_product_pkey PRIMARY KEY (id);


--
-- Name: products_product products_product_slug_key; Type: CONSTRAINT; Schema: public; Owner: postgres
--

ALTER TABLE ONLY public.products_product
    ADD CONSTRAINT products_product_slug_key UNIQUE (slug);


--
-- Name: social_auth_association social_auth_association_pkey; Type: CONSTRAINT; Schema: public; Owner: postgres
--

ALTER TABLE ONLY public.social_auth_association
    ADD CONSTRAINT social_auth_association_pkey PRIMARY KEY (id);


--
-- Name: social_auth_association social_auth_association_server_url_handle_078befa2_uniq; Type: CONSTRAINT; Schema: public; Owner: postgres
--

ALTER TABLE ONLY public.social_auth_association
    ADD CONSTRAINT social_auth_association_server_url_handle_078befa2_uniq UNIQUE (server_url, handle);


--
-- Name: social_auth_code social_auth_code_email_code_801b2d02_uniq; Type: CONSTRAINT; Schema: public; Owner: postgres
--

ALTER TABLE ONLY public.social_auth_code
    ADD CONSTRAINT social_auth_code_email_code_801b2d02_uniq UNIQUE (email, code);


--
-- Name: social_auth_code social_auth_code_pkey; Type: CONSTRAINT; Schema: public; Owner: postgres
--

ALTER TABLE ONLY public.social_auth_code
    ADD CONSTRAINT social_auth_code_pkey PRIMARY KEY (id);


--
-- Name: social_auth_nonce social_auth_nonce_pkey; Type: CONSTRAINT; Schema: public; Owner: postgres
--

ALTER TABLE ONLY public.social_auth_nonce
    ADD CONSTRAINT social_auth_nonce_pkey PRIMARY KEY (id);


--
-- Name: social_auth_nonce social_auth_nonce_server_url_timestamp_salt_f6284463_uniq; Type: CONSTRAINT; Schema: public; Owner: postgres
--

ALTER TABLE ONLY public.social_auth_nonce
    ADD CONSTRAINT social_auth_nonce_server_url_timestamp_salt_f6284463_uniq UNIQUE (server_url, "timestamp", salt);


--
-- Name: social_auth_partial social_auth_partial_pkey; Type: CONSTRAINT; Schema: public; Owner: postgres
--

ALTER TABLE ONLY public.social_auth_partial
    ADD CONSTRAINT social_auth_partial_pkey PRIMARY KEY (id);


--
-- Name: social_auth_usersocialauth social_auth_usersocialauth_pkey; Type: CONSTRAINT; Schema: public; Owner: postgres
--

ALTER TABLE ONLY public.social_auth_usersocialauth
    ADD CONSTRAINT social_auth_usersocialauth_pkey PRIMARY KEY (id);


--
-- Name: social_auth_usersocialauth social_auth_usersocialauth_provider_uid_e6b5e668_uniq; Type: CONSTRAINT; Schema: public; Owner: postgres
--

ALTER TABLE ONLY public.social_auth_usersocialauth
    ADD CONSTRAINT social_auth_usersocialauth_provider_uid_e6b5e668_uniq UNIQUE (provider, uid);


--
-- Name: RDM_bar_N1_id_6ddb9cfd; Type: INDEX; Schema: public; Owner: postgres
--

CREATE INDEX "RDM_bar_N1_id_6ddb9cfd" ON public."RDM_bar" USING btree ("N1_id");


--
-- Name: RDM_bar_N2_id_a47c5938; Type: INDEX; Schema: public; Owner: postgres
--

CREATE INDEX "RDM_bar_N2_id_a47c5938" ON public."RDM_bar" USING btree ("N2_id");


--
-- Name: RDM_bar_Release_id_e1d87fef; Type: INDEX; Schema: public; Owner: postgres
--

CREATE INDEX "RDM_bar_Release_id_e1d87fef" ON public."RDM_bar" USING btree ("Release_id");


--
-- Name: RDM_bar_Section_id_91a805a9; Type: INDEX; Schema: public; Owner: postgres
--

CREATE INDEX "RDM_bar_Section_id_91a805a9" ON public."RDM_bar" USING btree ("Section_id");


--
-- Name: RDM_bar_project_id_8f4a05fa; Type: INDEX; Schema: public; Owner: postgres
--

CREATE INDEX "RDM_bar_project_id_8f4a05fa" ON public."RDM_bar" USING btree (project_id);


--
-- Name: RDM_dl_bars_bar_id_1db920c1; Type: INDEX; Schema: public; Owner: postgres
--

CREATE INDEX "RDM_dl_bars_bar_id_1db920c1" ON public."RDM_dl_bars" USING btree (bar_id);


--
-- Name: RDM_dl_bars_dl_id_73ec97f7; Type: INDEX; Schema: public; Owner: postgres
--

CREATE INDEX "RDM_dl_bars_dl_id_73ec97f7" ON public."RDM_dl_bars" USING btree (dl_id);


--
-- Name: RDM_dl_project_id_2bb659b4; Type: INDEX; Schema: public; Owner: postgres
--

CREATE INDEX "RDM_dl_project_id_2bb659b4" ON public."RDM_dl" USING btree (project_id);


--
-- Name: RDM_material_project_id_8b5b9a1a; Type: INDEX; Schema: public; Owner: postgres
--

CREATE INDEX "RDM_material_project_id_8b5b9a1a" ON public."RDM_material" USING btree (project_id);


--
-- Name: RDM_node_Support_id_703d2a33; Type: INDEX; Schema: public; Owner: postgres
--

CREATE INDEX "RDM_node_Support_id_703d2a33" ON public."RDM_node" USING btree ("Support_id");


--
-- Name: RDM_node_project_id_2b55237a; Type: INDEX; Schema: public; Owner: postgres
--

CREATE INDEX "RDM_node_project_id_2b55237a" ON public."RDM_node" USING btree (project_id);


--
-- Name: RDM_pl_nodes_node_id_8ceec915; Type: INDEX; Schema: public; Owner: postgres
--

CREATE INDEX "RDM_pl_nodes_node_id_8ceec915" ON public."RDM_pl_nodes" USING btree (node_id);


--
-- Name: RDM_pl_nodes_pl_id_c5988eb6; Type: INDEX; Schema: public; Owner: postgres
--

CREATE INDEX "RDM_pl_nodes_pl_id_c5988eb6" ON public."RDM_pl_nodes" USING btree (pl_id);


--
-- Name: RDM_pl_project_id_05b0d35c; Type: INDEX; Schema: public; Owner: postgres
--

CREATE INDEX "RDM_pl_project_id_05b0d35c" ON public."RDM_pl" USING btree (project_id);


--
-- Name: RDM_project_user_id_a9b3b352; Type: INDEX; Schema: public; Owner: postgres
--

CREATE INDEX "RDM_project_user_id_a9b3b352" ON public."RDM_project" USING btree (user_id);


--
-- Name: RDM_release_project_id_0987de35; Type: INDEX; Schema: public; Owner: postgres
--

CREATE INDEX "RDM_release_project_id_0987de35" ON public."RDM_release" USING btree (project_id);


--
-- Name: RDM_section_material_id_640137d6; Type: INDEX; Schema: public; Owner: postgres
--

CREATE INDEX "RDM_section_material_id_640137d6" ON public."RDM_section" USING btree (material_id);


--
-- Name: RDM_section_project_id_0d323b4d; Type: INDEX; Schema: public; Owner: postgres
--

CREATE INDEX "RDM_section_project_id_0d323b4d" ON public."RDM_section" USING btree (project_id);


--
-- Name: RDM_support_project_id_69e13974; Type: INDEX; Schema: public; Owner: postgres
--

CREATE INDEX "RDM_support_project_id_69e13974" ON public."RDM_support" USING btree (project_id);


--
-- Name: auth_group_name_a6ea08ec_like; Type: INDEX; Schema: public; Owner: postgres
--

CREATE INDEX auth_group_name_a6ea08ec_like ON public.auth_group USING btree (name varchar_pattern_ops);


--
-- Name: auth_group_permissions_group_id_b120cbf9; Type: INDEX; Schema: public; Owner: postgres
--

CREATE INDEX auth_group_permissions_group_id_b120cbf9 ON public.auth_group_permissions USING btree (group_id);


--
-- Name: auth_group_permissions_permission_id_84c5c92e; Type: INDEX; Schema: public; Owner: postgres
--

CREATE INDEX auth_group_permissions_permission_id_84c5c92e ON public.auth_group_permissions USING btree (permission_id);


--
-- Name: auth_permission_content_type_id_2f476e4b; Type: INDEX; Schema: public; Owner: postgres
--

CREATE INDEX auth_permission_content_type_id_2f476e4b ON public.auth_permission USING btree (content_type_id);


--
-- Name: auth_user_groups_group_id_97559544; Type: INDEX; Schema: public; Owner: postgres
--

CREATE INDEX auth_user_groups_group_id_97559544 ON public.auth_user_groups USING btree (group_id);


--
-- Name: auth_user_groups_user_id_6a12ed8b; Type: INDEX; Schema: public; Owner: postgres
--

CREATE INDEX auth_user_groups_user_id_6a12ed8b ON public.auth_user_groups USING btree (user_id);


--
-- Name: auth_user_user_permissions_permission_id_1fbb5f2c; Type: INDEX; Schema: public; Owner: postgres
--

CREATE INDEX auth_user_user_permissions_permission_id_1fbb5f2c ON public.auth_user_user_permissions USING btree (permission_id);


--
-- Name: auth_user_user_permissions_user_id_a95ead1b; Type: INDEX; Schema: public; Owner: postgres
--

CREATE INDEX auth_user_user_permissions_user_id_a95ead1b ON public.auth_user_user_permissions USING btree (user_id);


--
-- Name: auth_user_username_6821ab7c_like; Type: INDEX; Schema: public; Owner: postgres
--

CREATE INDEX auth_user_username_6821ab7c_like ON public.auth_user USING btree (username varchar_pattern_ops);


--
-- Name: django_admin_log_content_type_id_c4bce8eb; Type: INDEX; Schema: public; Owner: postgres
--

CREATE INDEX django_admin_log_content_type_id_c4bce8eb ON public.django_admin_log USING btree (content_type_id);


--
-- Name: django_admin_log_user_id_c564eba6; Type: INDEX; Schema: public; Owner: postgres
--

CREATE INDEX django_admin_log_user_id_c564eba6 ON public.django_admin_log USING btree (user_id);


--
-- Name: django_session_expire_date_a5c62663; Type: INDEX; Schema: public; Owner: postgres
--

CREATE INDEX django_session_expire_date_a5c62663 ON public.django_session USING btree (expire_date);


--
-- Name: django_session_session_key_c0390e0f_like; Type: INDEX; Schema: public; Owner: postgres
--

CREATE INDEX django_session_session_key_c0390e0f_like ON public.django_session USING btree (session_key varchar_pattern_ops);


--
-- Name: products_category_slug_c558efae_like; Type: INDEX; Schema: public; Owner: postgres
--

CREATE INDEX products_category_slug_c558efae_like ON public.products_category USING btree (slug varchar_pattern_ops);


--
-- Name: products_file_product_id_fff42171; Type: INDEX; Schema: public; Owner: postgres
--

CREATE INDEX products_file_product_id_fff42171 ON public.products_file USING btree (product_id);


--
-- Name: products_product_category_id_9b594869; Type: INDEX; Schema: public; Owner: postgres
--

CREATE INDEX products_product_category_id_9b594869 ON public.products_product USING btree (category_id);


--
-- Name: products_product_discount_id_8fe9ca7a; Type: INDEX; Schema: public; Owner: postgres
--

CREATE INDEX products_product_discount_id_8fe9ca7a ON public.products_product USING btree (discount_id);


--
-- Name: products_product_slug_70d3148d_like; Type: INDEX; Schema: public; Owner: postgres
--

CREATE INDEX products_product_slug_70d3148d_like ON public.products_product USING btree (slug varchar_pattern_ops);


--
-- Name: social_auth_code_code_a2393167; Type: INDEX; Schema: public; Owner: postgres
--

CREATE INDEX social_auth_code_code_a2393167 ON public.social_auth_code USING btree (code);


--
-- Name: social_auth_code_code_a2393167_like; Type: INDEX; Schema: public; Owner: postgres
--

CREATE INDEX social_auth_code_code_a2393167_like ON public.social_auth_code USING btree (code varchar_pattern_ops);


--
-- Name: social_auth_code_timestamp_176b341f; Type: INDEX; Schema: public; Owner: postgres
--

CREATE INDEX social_auth_code_timestamp_176b341f ON public.social_auth_code USING btree ("timestamp");


--
-- Name: social_auth_partial_timestamp_50f2119f; Type: INDEX; Schema: public; Owner: postgres
--

CREATE INDEX social_auth_partial_timestamp_50f2119f ON public.social_auth_partial USING btree ("timestamp");


--
-- Name: social_auth_partial_token_3017fea3; Type: INDEX; Schema: public; Owner: postgres
--

CREATE INDEX social_auth_partial_token_3017fea3 ON public.social_auth_partial USING btree (token);


--
-- Name: social_auth_partial_token_3017fea3_like; Type: INDEX; Schema: public; Owner: postgres
--

CREATE INDEX social_auth_partial_token_3017fea3_like ON public.social_auth_partial USING btree (token varchar_pattern_ops);


--
-- Name: social_auth_usersocialauth_user_id_17d28448; Type: INDEX; Schema: public; Owner: postgres
--

CREATE INDEX social_auth_usersocialauth_user_id_17d28448 ON public.social_auth_usersocialauth USING btree (user_id);


--
-- Name: RDM_bar RDM_bar_N1_id_6ddb9cfd_fk_RDM_node_id; Type: FK CONSTRAINT; Schema: public; Owner: postgres
--

ALTER TABLE ONLY public."RDM_bar"
    ADD CONSTRAINT "RDM_bar_N1_id_6ddb9cfd_fk_RDM_node_id" FOREIGN KEY ("N1_id") REFERENCES public."RDM_node"(id) DEFERRABLE INITIALLY DEFERRED;


--
-- Name: RDM_bar RDM_bar_N2_id_a47c5938_fk_RDM_node_id; Type: FK CONSTRAINT; Schema: public; Owner: postgres
--

ALTER TABLE ONLY public."RDM_bar"
    ADD CONSTRAINT "RDM_bar_N2_id_a47c5938_fk_RDM_node_id" FOREIGN KEY ("N2_id") REFERENCES public."RDM_node"(id) DEFERRABLE INITIALLY DEFERRED;


--
-- Name: RDM_bar RDM_bar_Release_id_e1d87fef_fk_RDM_release_id; Type: FK CONSTRAINT; Schema: public; Owner: postgres
--

ALTER TABLE ONLY public."RDM_bar"
    ADD CONSTRAINT "RDM_bar_Release_id_e1d87fef_fk_RDM_release_id" FOREIGN KEY ("Release_id") REFERENCES public."RDM_release"(id) DEFERRABLE INITIALLY DEFERRED;


--
-- Name: RDM_bar RDM_bar_Section_id_91a805a9_fk_RDM_section_id; Type: FK CONSTRAINT; Schema: public; Owner: postgres
--

ALTER TABLE ONLY public."RDM_bar"
    ADD CONSTRAINT "RDM_bar_Section_id_91a805a9_fk_RDM_section_id" FOREIGN KEY ("Section_id") REFERENCES public."RDM_section"(id) DEFERRABLE INITIALLY DEFERRED;


--
-- Name: RDM_bar RDM_bar_project_id_8f4a05fa_fk_RDM_project_id; Type: FK CONSTRAINT; Schema: public; Owner: postgres
--

ALTER TABLE ONLY public."RDM_bar"
    ADD CONSTRAINT "RDM_bar_project_id_8f4a05fa_fk_RDM_project_id" FOREIGN KEY (project_id) REFERENCES public."RDM_project"(id) DEFERRABLE INITIALLY DEFERRED;


--
-- Name: RDM_dl_bars RDM_dl_bars_bar_id_1db920c1_fk_RDM_bar_id; Type: FK CONSTRAINT; Schema: public; Owner: postgres
--

ALTER TABLE ONLY public."RDM_dl_bars"
    ADD CONSTRAINT "RDM_dl_bars_bar_id_1db920c1_fk_RDM_bar_id" FOREIGN KEY (bar_id) REFERENCES public."RDM_bar"(id) DEFERRABLE INITIALLY DEFERRED;


--
-- Name: RDM_dl_bars RDM_dl_bars_dl_id_73ec97f7_fk_RDM_dl_id; Type: FK CONSTRAINT; Schema: public; Owner: postgres
--

ALTER TABLE ONLY public."RDM_dl_bars"
    ADD CONSTRAINT "RDM_dl_bars_dl_id_73ec97f7_fk_RDM_dl_id" FOREIGN KEY (dl_id) REFERENCES public."RDM_dl"(id) DEFERRABLE INITIALLY DEFERRED;


--
-- Name: RDM_dl RDM_dl_project_id_2bb659b4_fk_RDM_project_id; Type: FK CONSTRAINT; Schema: public; Owner: postgres
--

ALTER TABLE ONLY public."RDM_dl"
    ADD CONSTRAINT "RDM_dl_project_id_2bb659b4_fk_RDM_project_id" FOREIGN KEY (project_id) REFERENCES public."RDM_project"(id) DEFERRABLE INITIALLY DEFERRED;


--
-- Name: RDM_material RDM_material_project_id_8b5b9a1a_fk_RDM_project_id; Type: FK CONSTRAINT; Schema: public; Owner: postgres
--

ALTER TABLE ONLY public."RDM_material"
    ADD CONSTRAINT "RDM_material_project_id_8b5b9a1a_fk_RDM_project_id" FOREIGN KEY (project_id) REFERENCES public."RDM_project"(id) DEFERRABLE INITIALLY DEFERRED;


--
-- Name: RDM_node RDM_node_Support_id_703d2a33_fk_RDM_support_id; Type: FK CONSTRAINT; Schema: public; Owner: postgres
--

ALTER TABLE ONLY public."RDM_node"
    ADD CONSTRAINT "RDM_node_Support_id_703d2a33_fk_RDM_support_id" FOREIGN KEY ("Support_id") REFERENCES public."RDM_support"(id) DEFERRABLE INITIALLY DEFERRED;


--
-- Name: RDM_node RDM_node_project_id_2b55237a_fk_RDM_project_id; Type: FK CONSTRAINT; Schema: public; Owner: postgres
--

ALTER TABLE ONLY public."RDM_node"
    ADD CONSTRAINT "RDM_node_project_id_2b55237a_fk_RDM_project_id" FOREIGN KEY (project_id) REFERENCES public."RDM_project"(id) DEFERRABLE INITIALLY DEFERRED;


--
-- Name: RDM_pl_nodes RDM_pl_nodes_node_id_8ceec915_fk_RDM_node_id; Type: FK CONSTRAINT; Schema: public; Owner: postgres
--

ALTER TABLE ONLY public."RDM_pl_nodes"
    ADD CONSTRAINT "RDM_pl_nodes_node_id_8ceec915_fk_RDM_node_id" FOREIGN KEY (node_id) REFERENCES public."RDM_node"(id) DEFERRABLE INITIALLY DEFERRED;


--
-- Name: RDM_pl_nodes RDM_pl_nodes_pl_id_c5988eb6_fk_RDM_pl_id; Type: FK CONSTRAINT; Schema: public; Owner: postgres
--

ALTER TABLE ONLY public."RDM_pl_nodes"
    ADD CONSTRAINT "RDM_pl_nodes_pl_id_c5988eb6_fk_RDM_pl_id" FOREIGN KEY (pl_id) REFERENCES public."RDM_pl"(id) DEFERRABLE INITIALLY DEFERRED;


--
-- Name: RDM_pl RDM_pl_project_id_05b0d35c_fk_RDM_project_id; Type: FK CONSTRAINT; Schema: public; Owner: postgres
--

ALTER TABLE ONLY public."RDM_pl"
    ADD CONSTRAINT "RDM_pl_project_id_05b0d35c_fk_RDM_project_id" FOREIGN KEY (project_id) REFERENCES public."RDM_project"(id) DEFERRABLE INITIALLY DEFERRED;


--
-- Name: RDM_project RDM_project_user_id_a9b3b352_fk_auth_user_id; Type: FK CONSTRAINT; Schema: public; Owner: postgres
--

ALTER TABLE ONLY public."RDM_project"
    ADD CONSTRAINT "RDM_project_user_id_a9b3b352_fk_auth_user_id" FOREIGN KEY (user_id) REFERENCES public.auth_user(id) DEFERRABLE INITIALLY DEFERRED;


--
-- Name: RDM_release RDM_release_project_id_0987de35_fk_RDM_project_id; Type: FK CONSTRAINT; Schema: public; Owner: postgres
--

ALTER TABLE ONLY public."RDM_release"
    ADD CONSTRAINT "RDM_release_project_id_0987de35_fk_RDM_project_id" FOREIGN KEY (project_id) REFERENCES public."RDM_project"(id) DEFERRABLE INITIALLY DEFERRED;


--
-- Name: RDM_section RDM_section_material_id_640137d6_fk_RDM_material_id; Type: FK CONSTRAINT; Schema: public; Owner: postgres
--

ALTER TABLE ONLY public."RDM_section"
    ADD CONSTRAINT "RDM_section_material_id_640137d6_fk_RDM_material_id" FOREIGN KEY (material_id) REFERENCES public."RDM_material"(id) DEFERRABLE INITIALLY DEFERRED;


--
-- Name: RDM_section RDM_section_project_id_0d323b4d_fk_RDM_project_id; Type: FK CONSTRAINT; Schema: public; Owner: postgres
--

ALTER TABLE ONLY public."RDM_section"
    ADD CONSTRAINT "RDM_section_project_id_0d323b4d_fk_RDM_project_id" FOREIGN KEY (project_id) REFERENCES public."RDM_project"(id) DEFERRABLE INITIALLY DEFERRED;


--
-- Name: RDM_support RDM_support_project_id_69e13974_fk_RDM_project_id; Type: FK CONSTRAINT; Schema: public; Owner: postgres
--

ALTER TABLE ONLY public."RDM_support"
    ADD CONSTRAINT "RDM_support_project_id_69e13974_fk_RDM_project_id" FOREIGN KEY (project_id) REFERENCES public."RDM_project"(id) DEFERRABLE INITIALLY DEFERRED;


--
-- Name: auth_group_permissions auth_group_permissio_permission_id_84c5c92e_fk_auth_perm; Type: FK CONSTRAINT; Schema: public; Owner: postgres
--

ALTER TABLE ONLY public.auth_group_permissions
    ADD CONSTRAINT auth_group_permissio_permission_id_84c5c92e_fk_auth_perm FOREIGN KEY (permission_id) REFERENCES public.auth_permission(id) DEFERRABLE INITIALLY DEFERRED;


--
-- Name: auth_group_permissions auth_group_permissions_group_id_b120cbf9_fk_auth_group_id; Type: FK CONSTRAINT; Schema: public; Owner: postgres
--

ALTER TABLE ONLY public.auth_group_permissions
    ADD CONSTRAINT auth_group_permissions_group_id_b120cbf9_fk_auth_group_id FOREIGN KEY (group_id) REFERENCES public.auth_group(id) DEFERRABLE INITIALLY DEFERRED;


--
-- Name: auth_permission auth_permission_content_type_id_2f476e4b_fk_django_co; Type: FK CONSTRAINT; Schema: public; Owner: postgres
--

ALTER TABLE ONLY public.auth_permission
    ADD CONSTRAINT auth_permission_content_type_id_2f476e4b_fk_django_co FOREIGN KEY (content_type_id) REFERENCES public.django_content_type(id) DEFERRABLE INITIALLY DEFERRED;


--
-- Name: auth_user_groups auth_user_groups_group_id_97559544_fk_auth_group_id; Type: FK CONSTRAINT; Schema: public; Owner: postgres
--

ALTER TABLE ONLY public.auth_user_groups
    ADD CONSTRAINT auth_user_groups_group_id_97559544_fk_auth_group_id FOREIGN KEY (group_id) REFERENCES public.auth_group(id) DEFERRABLE INITIALLY DEFERRED;


--
-- Name: auth_user_groups auth_user_groups_user_id_6a12ed8b_fk_auth_user_id; Type: FK CONSTRAINT; Schema: public; Owner: postgres
--

ALTER TABLE ONLY public.auth_user_groups
    ADD CONSTRAINT auth_user_groups_user_id_6a12ed8b_fk_auth_user_id FOREIGN KEY (user_id) REFERENCES public.auth_user(id) DEFERRABLE INITIALLY DEFERRED;


--
-- Name: auth_user_user_permissions auth_user_user_permi_permission_id_1fbb5f2c_fk_auth_perm; Type: FK CONSTRAINT; Schema: public; Owner: postgres
--

ALTER TABLE ONLY public.auth_user_user_permissions
    ADD CONSTRAINT auth_user_user_permi_permission_id_1fbb5f2c_fk_auth_perm FOREIGN KEY (permission_id) REFERENCES public.auth_permission(id) DEFERRABLE INITIALLY DEFERRED;


--
-- Name: auth_user_user_permissions auth_user_user_permissions_user_id_a95ead1b_fk_auth_user_id; Type: FK CONSTRAINT; Schema: public; Owner: postgres
--

ALTER TABLE ONLY public.auth_user_user_permissions
    ADD CONSTRAINT auth_user_user_permissions_user_id_a95ead1b_fk_auth_user_id FOREIGN KEY (user_id) REFERENCES public.auth_user(id) DEFERRABLE INITIALLY DEFERRED;


--
-- Name: django_admin_log django_admin_log_content_type_id_c4bce8eb_fk_django_co; Type: FK CONSTRAINT; Schema: public; Owner: postgres
--

ALTER TABLE ONLY public.django_admin_log
    ADD CONSTRAINT django_admin_log_content_type_id_c4bce8eb_fk_django_co FOREIGN KEY (content_type_id) REFERENCES public.django_content_type(id) DEFERRABLE INITIALLY DEFERRED;


--
-- Name: django_admin_log django_admin_log_user_id_c564eba6_fk_auth_user_id; Type: FK CONSTRAINT; Schema: public; Owner: postgres
--

ALTER TABLE ONLY public.django_admin_log
    ADD CONSTRAINT django_admin_log_user_id_c564eba6_fk_auth_user_id FOREIGN KEY (user_id) REFERENCES public.auth_user(id) DEFERRABLE INITIALLY DEFERRED;


--
-- Name: products_file products_file_product_id_fff42171_fk_products_product_id; Type: FK CONSTRAINT; Schema: public; Owner: postgres
--

ALTER TABLE ONLY public.products_file
    ADD CONSTRAINT products_file_product_id_fff42171_fk_products_product_id FOREIGN KEY (product_id) REFERENCES public.products_product(id) DEFERRABLE INITIALLY DEFERRED;


--
-- Name: products_product products_product_category_id_9b594869_fk_products_category_id; Type: FK CONSTRAINT; Schema: public; Owner: postgres
--

ALTER TABLE ONLY public.products_product
    ADD CONSTRAINT products_product_category_id_9b594869_fk_products_category_id FOREIGN KEY (category_id) REFERENCES public.products_category(id) DEFERRABLE INITIALLY DEFERRED;


--
-- Name: products_product products_product_discount_id_8fe9ca7a_fk_products_discount_id; Type: FK CONSTRAINT; Schema: public; Owner: postgres
--

ALTER TABLE ONLY public.products_product
    ADD CONSTRAINT products_product_discount_id_8fe9ca7a_fk_products_discount_id FOREIGN KEY (discount_id) REFERENCES public.products_discount(id) DEFERRABLE INITIALLY DEFERRED;


--
-- Name: social_auth_usersocialauth social_auth_usersocialauth_user_id_17d28448_fk_auth_user_id; Type: FK CONSTRAINT; Schema: public; Owner: postgres
--

ALTER TABLE ONLY public.social_auth_usersocialauth
    ADD CONSTRAINT social_auth_usersocialauth_user_id_17d28448_fk_auth_user_id FOREIGN KEY (user_id) REFERENCES public.auth_user(id) DEFERRABLE INITIALLY DEFERRED;


--
-- PostgreSQL database dump complete
--

